{
"block_items":[{"expanded":false,"Exclusion Rule Type":"None","UNR":"none","Index":"1","Blk Type":"code block","Src Start Line":"183","Score":"1","Enclosing Entity":"uvmt_cv32_tb.dut_wrap.cv32e40p_wrapper_i.core_i.ex_stage_i","Source":"  begin"}
,{"expanded":false,"Exclusion Rule Type":"Analysis Time","UNR":"none","Index":"2","Blk Type":"true part of","Src Start Line":"190","Score":"0","Enclosing Entity":"uvmt_cv32_tb.dut_wrap.cv32e40p_wrapper_i.core_i.ex_stage_i","Source":"    if (apu_valid & (apu_singlecycle | apu_multicycle)) begin","excluded":"1"}
,{"expanded":false,"Exclusion Rule Type":"Analysis Time","UNR":"none","Index":"3","Blk Type":"true part of","Src Start Line":"195","Score":"0","Enclosing Entity":"uvmt_cv32_tb.dut_wrap.cv32e40p_wrapper_i.core_i.ex_stage_i","Source":"      if(regfile_alu_we_i & ~apu_en_i) begin","excluded":"1"}
,{"expanded":false,"Exclusion Rule Type":"Analysis Time","UNR":"none","Index":"4","Blk Type":"implicit else","Src Start Line":"195","Score":"0","Enclosing Entity":"uvmt_cv32_tb.dut_wrap.cv32e40p_wrapper_i.core_i.ex_stage_i","Source":"      if(regfile_alu_we_i & ~apu_en_i) begin","excluded":"1"}
,{"expanded":false,"Exclusion Rule Type":"None","UNR":"none","Index":"5","Blk Type":"false part of","Src Start Line":"198","Score":"1","Enclosing Entity":"uvmt_cv32_tb.dut_wrap.cv32e40p_wrapper_i.core_i.ex_stage_i","Source":"    end else begin"}
,{"expanded":false,"Exclusion Rule Type":"None","UNR":"none","Index":"6","Blk Type":"true part of","Src Start Line":"202","Score":"1","Enclosing Entity":"uvmt_cv32_tb.dut_wrap.cv32e40p_wrapper_i.core_i.ex_stage_i","Source":"        regfile_alu_wdata_fw_o = alu_result;"}
,{"expanded":false,"Exclusion Rule Type":"None","UNR":"none","Index":"7","Blk Type":"implicit else","Src Start Line":"201","Score":"1","Enclosing Entity":"uvmt_cv32_tb.dut_wrap.cv32e40p_wrapper_i.core_i.ex_stage_i","Source":"      if (alu_en_i)"}
,{"expanded":false,"Exclusion Rule Type":"None","UNR":"none","Index":"8","Blk Type":"code block","Src Start Line":"203","Score":"1","Enclosing Entity":"uvmt_cv32_tb.dut_wrap.cv32e40p_wrapper_i.core_i.ex_stage_i","Source":"      if (mult_en_i)"}
,{"expanded":false,"Exclusion Rule Type":"None","UNR":"none","Index":"9","Blk Type":"true part of","Src Start Line":"204","Score":"1","Enclosing Entity":"uvmt_cv32_tb.dut_wrap.cv32e40p_wrapper_i.core_i.ex_stage_i","Source":"        regfile_alu_wdata_fw_o = mult_result;"}
,{"expanded":false,"Exclusion Rule Type":"None","UNR":"none","Index":"10","Blk Type":"implicit else","Src Start Line":"203","Score":"1","Enclosing Entity":"uvmt_cv32_tb.dut_wrap.cv32e40p_wrapper_i.core_i.ex_stage_i","Source":"      if (mult_en_i)"}
,{"expanded":false,"Exclusion Rule Type":"None","UNR":"none","Index":"11","Blk Type":"code block","Src Start Line":"205","Score":"1","Enclosing Entity":"uvmt_cv32_tb.dut_wrap.cv32e40p_wrapper_i.core_i.ex_stage_i","Source":"      if (csr_access_i)"}
,{"expanded":false,"Exclusion Rule Type":"None","UNR":"none","Index":"12","Blk Type":"true part of","Src Start Line":"206","Score":"1","Enclosing Entity":"uvmt_cv32_tb.dut_wrap.cv32e40p_wrapper_i.core_i.ex_stage_i","Source":"        regfile_alu_wdata_fw_o = csr_rdata_i;"}
,{"expanded":false,"Exclusion Rule Type":"None","UNR":"none","Index":"13","Blk Type":"implicit else","Src Start Line":"205","Score":"1","Enclosing Entity":"uvmt_cv32_tb.dut_wrap.cv32e40p_wrapper_i.core_i.ex_stage_i","Source":"      if (csr_access_i)"}
,{"expanded":false,"Exclusion Rule Type":"None","UNR":"none","Index":"14","Blk Type":"code block","Src Start Line":"212","Score":"1","Enclosing Entity":"uvmt_cv32_tb.dut_wrap.cv32e40p_wrapper_i.core_i.ex_stage_i","Source":"  begin"}
,{"expanded":false,"Exclusion Rule Type":"None","UNR":"none","Index":"15","Blk Type":"true part of","Src Start Line":"218","Score":"1","Enclosing Entity":"uvmt_cv32_tb.dut_wrap.cv32e40p_wrapper_i.core_i.ex_stage_i","Source":"    if (regfile_we_lsu) begin"}
,{"expanded":false,"Exclusion Rule Type":"Analysis Time","UNR":"none","Index":"16","Blk Type":"true part of","Src Start Line":"220","Score":"0","Enclosing Entity":"uvmt_cv32_tb.dut_wrap.cv32e40p_wrapper_i.core_i.ex_stage_i","Source":"      if (apu_valid & (!apu_singlecycle & !apu_multicycle)) begin","excluded":"1"}
,{"expanded":false,"Exclusion Rule Type":"None","UNR":"none","Index":"17","Blk Type":"implicit else","Src Start Line":"220","Score":"1","Enclosing Entity":"uvmt_cv32_tb.dut_wrap.cv32e40p_wrapper_i.core_i.ex_stage_i","Source":"      if (apu_valid & (!apu_singlecycle & !apu_multicycle)) begin"}
,{"expanded":false,"Exclusion Rule Type":"None","UNR":"none","Index":"18","Blk Type":"false part of","Src Start Line":"224","Score":"1","Enclosing Entity":"uvmt_cv32_tb.dut_wrap.cv32e40p_wrapper_i.core_i.ex_stage_i","Source":"    end else if (apu_valid & (!apu_singlecycle & !apu_multicycle)) begin"}
,{"expanded":false,"Exclusion Rule Type":"Analysis Time","UNR":"none","Index":"19","Blk Type":"true part of","Src Start Line":"224","Score":"0","Enclosing Entity":"uvmt_cv32_tb.dut_wrap.cv32e40p_wrapper_i.core_i.ex_stage_i","Source":"    end else if (apu_valid & (!apu_singlecycle & !apu_multicycle)) begin","excluded":"1"}
,{"expanded":false,"Exclusion Rule Type":"None","UNR":"none","Index":"20","Blk Type":"implicit else","Src Start Line":"224","Score":"1","Enclosing Entity":"uvmt_cv32_tb.dut_wrap.cv32e40p_wrapper_i.core_i.ex_stage_i","Source":"    end else if (apu_valid & (!apu_singlecycle & !apu_multicycle)) begin"}
,{"expanded":false,"Exclusion Rule Type":"None","UNR":"none","Index":"21","Blk Type":"code block","Src Start Line":"406","Score":"1","Enclosing Entity":"uvmt_cv32_tb.dut_wrap.cv32e40p_wrapper_i.core_i.ex_stage_i","Source":"  begin : EX_WB_Pipeline_Register"}
,{"expanded":false,"Exclusion Rule Type":"None","UNR":"none","Index":"22","Blk Type":"true part of","Src Start Line":"408","Score":"1","Enclosing Entity":"uvmt_cv32_tb.dut_wrap.cv32e40p_wrapper_i.core_i.ex_stage_i","Source":"    begin"}
,{"expanded":false,"Exclusion Rule Type":"None","UNR":"none","Index":"23","Blk Type":"false part of","Src Start Line":"413","Score":"1","Enclosing Entity":"uvmt_cv32_tb.dut_wrap.cv32e40p_wrapper_i.core_i.ex_stage_i","Source":"    begin"}
,{"expanded":false,"Exclusion Rule Type":"None","UNR":"none","Index":"24","Blk Type":"true part of","Src Start Line":"415","Score":"1","Enclosing Entity":"uvmt_cv32_tb.dut_wrap.cv32e40p_wrapper_i.core_i.ex_stage_i","Source":"      begin"}
,{"expanded":false,"Exclusion Rule Type":"None","UNR":"none","Index":"25","Blk Type":"true part of","Src Start Line":"417","Score":"1","Enclosing Entity":"uvmt_cv32_tb.dut_wrap.cv32e40p_wrapper_i.core_i.ex_stage_i","Source":"        if (regfile_we_i & ~lsu_err_i ) begin"}
,{"expanded":false,"Exclusion Rule Type":"None","UNR":"none","Index":"26","Blk Type":"implicit else","Src Start Line":"417","Score":"1","Enclosing Entity":"uvmt_cv32_tb.dut_wrap.cv32e40p_wrapper_i.core_i.ex_stage_i","Source":"        if (regfile_we_i & ~lsu_err_i ) begin"}
,{"expanded":false,"Exclusion Rule Type":"None","UNR":"none","Index":"27","Blk Type":"false part of","Src Start Line":"420","Score":"1","Enclosing Entity":"uvmt_cv32_tb.dut_wrap.cv32e40p_wrapper_i.core_i.ex_stage_i","Source":"      end else if (wb_ready_i) begin"}
,{"expanded":false,"Exclusion Rule Type":"None","UNR":"none","Index":"28","Blk Type":"true part of","Src Start Line":"420","Score":"1","Enclosing Entity":"uvmt_cv32_tb.dut_wrap.cv32e40p_wrapper_i.core_i.ex_stage_i","Source":"      end else if (wb_ready_i) begin"}
,{"expanded":false,"Exclusion Rule Type":"None","UNR":"none","Index":"29","Blk Type":"implicit else","Src Start Line":"420","Score":"1","Enclosing Entity":"uvmt_cv32_tb.dut_wrap.cv32e40p_wrapper_i.core_i.ex_stage_i","Source":"      end else if (wb_ready_i) begin"}
]}
