{"cover_group_items"
:[{"expanded":false,"Exclusion Rule Type":"None","UNR":"none","title":"cg_irq_entry","All Average Grd":"85.71%","All Cov":"78 / 91 (85.71%)","Enclosing Entity":"uvm_pkg.uvm_test_top.env.cov_model.interrupt_covg","Source":"    covergroup cg_irq_entry with function sample(ins_t ins);"
,"subitems":[{"expanded":false,"Exclusion Rule Type":"None","UNR":"none","title":"cp_irq","At Least":"1","All Average Grd":"85.71%","All Cov":"78 / 91 (85.71%)","Source":"        cp_irq : coverpoint ins.asm;"
,"subitems":[{"expanded":false,"Exclusion Rule Type":"None","UNR":"none","title":"auto[ADD]","All Average Grd":"100%","All Cov":"1 / 1 (100%)","Score":"351","At Least":"1","Source":"        cp_irq : coverpoint ins.asm;"}
,{"expanded":false,"Exclusion Rule Type":"None","UNR":"none","title":"auto[ADDI]","All Average Grd":"100%","All Cov":"1 / 1 (100%)","Score":"8294","At Least":"1","Source":"        cp_irq : coverpoint ins.asm;"}
,{"expanded":false,"Exclusion Rule Type":"None","UNR":"none","title":"auto[AND]","All Average Grd":"100%","All Cov":"1 / 1 (100%)","Score":"365","At Least":"1","Source":"        cp_irq : coverpoint ins.asm;"}
,{"expanded":false,"Exclusion Rule Type":"None","UNR":"none","title":"auto[ANDI]","All Average Grd":"100%","All Cov":"1 / 1 (100%)","Score":"380","At Least":"1","Source":"        cp_irq : coverpoint ins.asm;"}
,{"expanded":false,"Exclusion Rule Type":"None","UNR":"none","title":"auto[AUIPC]","All Average Grd":"100%","All Cov":"1 / 1 (100%)","Score":"560","At Least":"1","Source":"        cp_irq : coverpoint ins.asm;"}
,{"expanded":false,"Exclusion Rule Type":"None","UNR":"none","title":"auto[BEQ]","All Average Grd":"100%","All Cov":"1 / 1 (100%)","Score":"442","At Least":"1","Source":"        cp_irq : coverpoint ins.asm;"}
,{"expanded":false,"Exclusion Rule Type":"None","UNR":"none","title":"auto[BGE]","All Average Grd":"100%","All Cov":"1 / 1 (100%)","Score":"620","At Least":"1","Source":"        cp_irq : coverpoint ins.asm;"}
,{"expanded":false,"Exclusion Rule Type":"None","UNR":"none","title":"auto[BGEU]","All Average Grd":"100%","All Cov":"1 / 1 (100%)","Score":"618","At Least":"1","Source":"        cp_irq : coverpoint ins.asm;"}
,{"expanded":false,"Exclusion Rule Type":"None","UNR":"none","title":"auto[BLTU]","All Average Grd":"100%","All Cov":"1 / 1 (100%)","Score":"543","At Least":"1","Source":"        cp_irq : coverpoint ins.asm;"}
,{"expanded":false,"Exclusion Rule Type":"None","UNR":"none","title":"auto[BNE]","All Average Grd":"100%","All Cov":"1 / 1 (100%)","Score":"742","At Least":"1","Source":"        cp_irq : coverpoint ins.asm;"}
,{"expanded":false,"Exclusion Rule Type":"None","UNR":"none","title":"auto[BLT]","All Average Grd":"100%","All Cov":"1 / 1 (100%)","Score":"582","At Least":"1","Source":"        cp_irq : coverpoint ins.asm;"}
,{"expanded":false,"Exclusion Rule Type":"None","UNR":"none","title":"auto[FENCE]","All Average Grd":"100%","All Cov":"1 / 1 (100%)","Score":"1089","At Least":"1","Source":"        cp_irq : coverpoint ins.asm;"}
,{"expanded":false,"Exclusion Rule Type":"None","UNR":"none","title":"auto[FENCE_I]","All Average Grd":"100%","All Cov":"1 / 1 (100%)","Score":"1104","At Least":"1","Source":"        cp_irq : coverpoint ins.asm;"}
,{"expanded":false,"Exclusion Rule Type":"None","UNR":"none","title":"auto[EBREAK]","All Average Grd":"0%","All Cov":"0 / 1 (0%)","Score":"0","At Least":"1","Source":"        cp_irq : coverpoint ins.asm;"}
,{"expanded":false,"Exclusion Rule Type":"None","UNR":"none","title":"auto[ECALL]","All Average Grd":"0%","All Cov":"0 / 1 (0%)","Score":"0","At Least":"1","Source":"        cp_irq : coverpoint ins.asm;"}
,{"expanded":false,"Exclusion Rule Type":"None","UNR":"none","title":"auto[JAL]","All Average Grd":"100%","All Cov":"1 / 1 (100%)","Score":"7","At Least":"1","Source":"        cp_irq : coverpoint ins.asm;"}
,{"expanded":false,"Exclusion Rule Type":"None","UNR":"none","title":"auto[JALR]","All Average Grd":"0%","All Cov":"0 / 1 (0%)","Score":"0","At Least":"1","Source":"        cp_irq : coverpoint ins.asm;"}
,{"expanded":false,"Exclusion Rule Type":"None","UNR":"none","title":"auto[LB]","All Average Grd":"100%","All Cov":"1 / 1 (100%)","Score":"1220","At Least":"1","Source":"        cp_irq : coverpoint ins.asm;"}
,{"expanded":false,"Exclusion Rule Type":"None","UNR":"none","title":"auto[LBU]","All Average Grd":"100%","All Cov":"1 / 1 (100%)","Score":"1267","At Least":"1","Source":"        cp_irq : coverpoint ins.asm;"}
,{"expanded":false,"Exclusion Rule Type":"None","UNR":"none","title":"auto[LH]","All Average Grd":"100%","All Cov":"1 / 1 (100%)","Score":"370","At Least":"1","Source":"        cp_irq : coverpoint ins.asm;"}
,{"expanded":false,"Exclusion Rule Type":"None","UNR":"none","title":"auto[LHU]","All Average Grd":"100%","All Cov":"1 / 1 (100%)","Score":"379","At Least":"1","Source":"        cp_irq : coverpoint ins.asm;"}
,{"expanded":false,"Exclusion Rule Type":"None","UNR":"none","title":"auto[LUI]","All Average Grd":"100%","All Cov":"1 / 1 (100%)","Score":"440","At Least":"1","Source":"        cp_irq : coverpoint ins.asm;"}
,{"expanded":false,"Exclusion Rule Type":"None","UNR":"none","title":"auto[LW]","All Average Grd":"100%","All Cov":"1 / 1 (100%)","Score":"143","At Least":"1","Source":"        cp_irq : coverpoint ins.asm;"}
,{"expanded":false,"Exclusion Rule Type":"None","UNR":"none","title":"auto[NOP]","All Average Grd":"100%","All Cov":"1 / 1 (100%)","Score":"2","At Least":"1","Source":"        cp_irq : coverpoint ins.asm;"}
,{"expanded":false,"Exclusion Rule Type":"None","UNR":"none","title":"auto[OR]","All Average Grd":"100%","All Cov":"1 / 1 (100%)","Score":"373","At Least":"1","Source":"        cp_irq : coverpoint ins.asm;"}
,{"expanded":false,"Exclusion Rule Type":"None","UNR":"none","title":"auto[ORI]","All Average Grd":"100%","All Cov":"1 / 1 (100%)","Score":"346","At Least":"1","Source":"        cp_irq : coverpoint ins.asm;"}
,{"expanded":false,"Exclusion Rule Type":"None","UNR":"none","title":"auto[SB]","All Average Grd":"0%","All Cov":"0 / 1 (0%)","Score":"0","At Least":"1","Source":"        cp_irq : coverpoint ins.asm;"}
,{"expanded":false,"Exclusion Rule Type":"None","UNR":"none","title":"auto[SH]","All Average Grd":"100%","All Cov":"1 / 1 (100%)","Score":"1564","At Least":"1","Source":"        cp_irq : coverpoint ins.asm;"}
,{"expanded":false,"Exclusion Rule Type":"None","UNR":"none","title":"auto[SLL]","All Average Grd":"100%","All Cov":"1 / 1 (100%)","Score":"345","At Least":"1","Source":"        cp_irq : coverpoint ins.asm;"}
,{"expanded":false,"Exclusion Rule Type":"None","UNR":"none","title":"auto[SLLI]","All Average Grd":"100%","All Cov":"1 / 1 (100%)","Score":"368","At Least":"1","Source":"        cp_irq : coverpoint ins.asm;"}
,{"expanded":false,"Exclusion Rule Type":"None","UNR":"none","title":"auto[SLT]","All Average Grd":"100%","All Cov":"1 / 1 (100%)","Score":"362","At Least":"1","Source":"        cp_irq : coverpoint ins.asm;"}
,{"expanded":false,"Exclusion Rule Type":"None","UNR":"none","title":"auto[SLTI]","All Average Grd":"100%","All Cov":"1 / 1 (100%)","Score":"360","At Least":"1","Source":"        cp_irq : coverpoint ins.asm;"}
,{"expanded":false,"Exclusion Rule Type":"None","UNR":"none","title":"auto[SLTIU]","All Average Grd":"100%","All Cov":"1 / 1 (100%)","Score":"362","At Least":"1","Source":"        cp_irq : coverpoint ins.asm;"}
,{"expanded":false,"Exclusion Rule Type":"None","UNR":"none","title":"auto[SLTU]","All Average Grd":"100%","All Cov":"1 / 1 (100%)","Score":"407","At Least":"1","Source":"        cp_irq : coverpoint ins.asm;"}
,{"expanded":false,"Exclusion Rule Type":"None","UNR":"none","title":"auto[SRA]","All Average Grd":"100%","All Cov":"1 / 1 (100%)","Score":"323","At Least":"1","Source":"        cp_irq : coverpoint ins.asm;"}
,{"expanded":false,"Exclusion Rule Type":"None","UNR":"none","title":"auto[SRAI]","All Average Grd":"100%","All Cov":"1 / 1 (100%)","Score":"364","At Least":"1","Source":"        cp_irq : coverpoint ins.asm;"}
,{"expanded":false,"Exclusion Rule Type":"None","UNR":"none","title":"auto[SRL]","All Average Grd":"100%","All Cov":"1 / 1 (100%)","Score":"367","At Least":"1","Source":"        cp_irq : coverpoint ins.asm;"}
,{"expanded":false,"Exclusion Rule Type":"None","UNR":"none","title":"auto[SRLI]","All Average Grd":"100%","All Cov":"1 / 1 (100%)","Score":"334","At Least":"1","Source":"        cp_irq : coverpoint ins.asm;"}
,{"expanded":false,"Exclusion Rule Type":"None","UNR":"none","title":"auto[SUB]","All Average Grd":"100%","All Cov":"1 / 1 (100%)","Score":"349","At Least":"1","Source":"        cp_irq : coverpoint ins.asm;"}
,{"expanded":false,"Exclusion Rule Type":"None","UNR":"none","title":"auto[SW]","All Average Grd":"100%","All Cov":"1 / 1 (100%)","Score":"156","At Least":"1","Source":"        cp_irq : coverpoint ins.asm;"}
,{"expanded":false,"Exclusion Rule Type":"None","UNR":"none","title":"auto[XOR]","All Average Grd":"100%","All Cov":"1 / 1 (100%)","Score":"364","At Least":"1","Source":"        cp_irq : coverpoint ins.asm;"}
,{"expanded":false,"Exclusion Rule Type":"None","UNR":"none","title":"auto[XORI]","All Average Grd":"100%","All Cov":"1 / 1 (100%)","Score":"367","At Least":"1","Source":"        cp_irq : coverpoint ins.asm;"}
,{"expanded":false,"Exclusion Rule Type":"None","UNR":"none","title":"auto[MUL]","All Average Grd":"100%","All Cov":"1 / 1 (100%)","Score":"378","At Least":"1","Source":"        cp_irq : coverpoint ins.asm;"}
,{"expanded":false,"Exclusion Rule Type":"None","UNR":"none","title":"auto[MULH]","All Average Grd":"100%","All Cov":"1 / 1 (100%)","Score":"435","At Least":"1","Source":"        cp_irq : coverpoint ins.asm;"}
,{"expanded":false,"Exclusion Rule Type":"None","UNR":"none","title":"auto[MULHU]","All Average Grd":"100%","All Cov":"1 / 1 (100%)","Score":"447","At Least":"1","Source":"        cp_irq : coverpoint ins.asm;"}
,{"expanded":false,"Exclusion Rule Type":"None","UNR":"none","title":"auto[MULHSU]","All Average Grd":"100%","All Cov":"1 / 1 (100%)","Score":"452","At Least":"1","Source":"        cp_irq : coverpoint ins.asm;"}
,{"expanded":false,"Exclusion Rule Type":"None","UNR":"none","title":"auto[DIV]","All Average Grd":"100%","All Cov":"1 / 1 (100%)","Score":"784","At Least":"1","Source":"        cp_irq : coverpoint ins.asm;"}
,{"expanded":false,"Exclusion Rule Type":"None","UNR":"none","title":"auto[REM]","All Average Grd":"100%","All Cov":"1 / 1 (100%)","Score":"739","At Least":"1","Source":"        cp_irq : coverpoint ins.asm;"}
,{"expanded":false,"Exclusion Rule Type":"None","UNR":"none","title":"auto[DIVU]","All Average Grd":"100%","All Cov":"1 / 1 (100%)","Score":"640","At Least":"1","Source":"        cp_irq : coverpoint ins.asm;"}
,{"expanded":false,"Exclusion Rule Type":"None","UNR":"none","title":"auto[REMU]","All Average Grd":"100%","All Cov":"1 / 1 (100%)","Score":"646","At Least":"1","Source":"        cp_irq : coverpoint ins.asm;"}
,{"expanded":false,"Exclusion Rule Type":"None","UNR":"none","title":"auto[WFI]","All Average Grd":"100%","All Cov":"1 / 1 (100%)","Score":"71620","At Least":"1","Source":"        cp_irq : coverpoint ins.asm;"}
,{"expanded":false,"Exclusion Rule Type":"None","UNR":"none","title":"auto[MRET]","All Average Grd":"100%","All Cov":"1 / 1 (100%)","Score":"787272","At Least":"1","Source":"        cp_irq : coverpoint ins.asm;"}
,{"expanded":false,"Exclusion Rule Type":"None","UNR":"none","title":"auto[DRET]","All Average Grd":"100%","All Cov":"1 / 1 (100%)","Score":"3","At Least":"1","Source":"        cp_irq : coverpoint ins.asm;"}
,{"expanded":false,"Exclusion Rule Type":"None","UNR":"none","title":"auto[CSRR]","All Average Grd":"0%","All Cov":"0 / 1 (0%)","Score":"0","At Least":"1","Source":"        cp_irq : coverpoint ins.asm;"}
,{"expanded":false,"Exclusion Rule Type":"None","UNR":"none","title":"auto[CSRC]","All Average Grd":"0%","All Cov":"0 / 1 (0%)","Score":"0","At Least":"1","Source":"        cp_irq : coverpoint ins.asm;"}
,{"expanded":false,"Exclusion Rule Type":"None","UNR":"none","title":"auto[CSRCI]","All Average Grd":"0%","All Cov":"0 / 1 (0%)","Score":"0","At Least":"1","Source":"        cp_irq : coverpoint ins.asm;"}
,{"expanded":false,"Exclusion Rule Type":"None","UNR":"none","title":"auto[CSRRC]","All Average Grd":"100%","All Cov":"1 / 1 (100%)","Score":"326","At Least":"1","Source":"        cp_irq : coverpoint ins.asm;"}
,{"expanded":false,"Exclusion Rule Type":"None","UNR":"none","title":"auto[CSRRCI]","All Average Grd":"100%","All Cov":"1 / 1 (100%)","Score":"389","At Least":"1","Source":"        cp_irq : coverpoint ins.asm;"}
,{"expanded":false,"Exclusion Rule Type":"None","UNR":"none","title":"auto[CSRRS]","All Average Grd":"100%","All Cov":"1 / 1 (100%)","Score":"3315","At Least":"1","Source":"        cp_irq : coverpoint ins.asm;"}
,{"expanded":false,"Exclusion Rule Type":"None","UNR":"none","title":"auto[CSRRSI]","All Average Grd":"100%","All Cov":"1 / 1 (100%)","Score":"494945","At Least":"1","Source":"        cp_irq : coverpoint ins.asm;"}
,{"expanded":false,"Exclusion Rule Type":"None","UNR":"none","title":"auto[CSRRW]","All Average Grd":"100%","All Cov":"1 / 1 (100%)","Score":"2809","At Least":"1","Source":"        cp_irq : coverpoint ins.asm;"}
,{"expanded":false,"Exclusion Rule Type":"None","UNR":"none","title":"auto[CSRRWI]","All Average Grd":"100%","All Cov":"1 / 1 (100%)","Score":"334","At Least":"1","Source":"        cp_irq : coverpoint ins.asm;"}
,{"expanded":false,"Exclusion Rule Type":"None","UNR":"none","title":"auto[CSRS]","All Average Grd":"0%","All Cov":"0 / 1 (0%)","Score":"0","At Least":"1","Source":"        cp_irq : coverpoint ins.asm;"}
,{"expanded":false,"Exclusion Rule Type":"None","UNR":"none","title":"auto[CSRSI]","All Average Grd":"0%","All Cov":"0 / 1 (0%)","Score":"0","At Least":"1","Source":"        cp_irq : coverpoint ins.asm;"}
,{"expanded":false,"Exclusion Rule Type":"None","UNR":"none","title":"auto[CSRW]","All Average Grd":"0%","All Cov":"0 / 1 (0%)","Score":"0","At Least":"1","Source":"        cp_irq : coverpoint ins.asm;"}
,{"expanded":false,"Exclusion Rule Type":"None","UNR":"none","title":"auto[CSRWI]","All Average Grd":"0%","All Cov":"0 / 1 (0%)","Score":"0","At Least":"1","Source":"        cp_irq : coverpoint ins.asm;"}
,{"expanded":false,"Exclusion Rule Type":"None","UNR":"none","title":"auto[C_LWSP]","All Average Grd":"100%","All Cov":"1 / 1 (100%)","Score":"21","At Least":"1","Source":"        cp_irq : coverpoint ins.asm;"}
,{"expanded":false,"Exclusion Rule Type":"None","UNR":"none","title":"auto[C_SWSP]","All Average Grd":"100%","All Cov":"1 / 1 (100%)","Score":"18","At Least":"1","Source":"        cp_irq : coverpoint ins.asm;"}
,{"expanded":false,"Exclusion Rule Type":"None","UNR":"none","title":"auto[C_LW]","All Average Grd":"100%","All Cov":"1 / 1 (100%)","Score":"4","At Least":"1","Source":"        cp_irq : coverpoint ins.asm;"}
,{"expanded":false,"Exclusion Rule Type":"None","UNR":"none","title":"auto[C_SW]","All Average Grd":"100%","All Cov":"1 / 1 (100%)","Score":"2","At Least":"1","Source":"        cp_irq : coverpoint ins.asm;"}
,{"expanded":false,"Exclusion Rule Type":"None","UNR":"none","title":"auto[C_BEQZ]","All Average Grd":"100%","All Cov":"1 / 1 (100%)","Score":"502","At Least":"1","Source":"        cp_irq : coverpoint ins.asm;"}
,{"expanded":false,"Exclusion Rule Type":"None","UNR":"none","title":"auto[C_BNEZ]","All Average Grd":"100%","All Cov":"1 / 1 (100%)","Score":"599","At Least":"1","Source":"        cp_irq : coverpoint ins.asm;"}
,{"expanded":false,"Exclusion Rule Type":"None","UNR":"none","title":"auto[C_J]","All Average Grd":"100%","All Cov":"1 / 1 (100%)","Score":"4","At Least":"1","Source":"        cp_irq : coverpoint ins.asm;"}
,{"expanded":false,"Exclusion Rule Type":"None","UNR":"none","title":"auto[C_JR]","All Average Grd":"100%","All Cov":"1 / 1 (100%)","Score":"19","At Least":"1","Source":"        cp_irq : coverpoint ins.asm;"}
,{"expanded":false,"Exclusion Rule Type":"None","UNR":"none","title":"auto[C_JAL]","All Average Grd":"0%","All Cov":"0 / 1 (0%)","Score":"0","At Least":"1","Source":"        cp_irq : coverpoint ins.asm;"}
,{"expanded":false,"Exclusion Rule Type":"None","UNR":"none","title":"auto[C_JALR]","All Average Grd":"100%","All Cov":"1 / 1 (100%)","Score":"5","At Least":"1","Source":"        cp_irq : coverpoint ins.asm;"}
,{"expanded":false,"Exclusion Rule Type":"None","UNR":"none","title":"auto[C_LI]","All Average Grd":"100%","All Cov":"1 / 1 (100%)","Score":"326","At Least":"1","Source":"        cp_irq : coverpoint ins.asm;"}
,{"expanded":false,"Exclusion Rule Type":"None","UNR":"none","title":"auto[C_LUI]","All Average Grd":"100%","All Cov":"1 / 1 (100%)","Score":"338","At Least":"1","Source":"        cp_irq : coverpoint ins.asm;"}
,{"expanded":false,"Exclusion Rule Type":"None","UNR":"none","title":"auto[C_ADDI]","All Average Grd":"100%","All Cov":"1 / 1 (100%)","Score":"1476","At Least":"1","Source":"        cp_irq : coverpoint ins.asm;"}
,{"expanded":false,"Exclusion Rule Type":"None","UNR":"none","title":"auto[C_ADDI16SP]","All Average Grd":"100%","All Cov":"1 / 1 (100%)","Score":"255","At Least":"1","Source":"        cp_irq : coverpoint ins.asm;"}
,{"expanded":false,"Exclusion Rule Type":"None","UNR":"none","title":"auto[C_ADDI4SPN]","All Average Grd":"100%","All Cov":"1 / 1 (100%)","Score":"268","At Least":"1","Source":"        cp_irq : coverpoint ins.asm;"}
,{"expanded":false,"Exclusion Rule Type":"None","UNR":"none","title":"auto[C_SLLI]","All Average Grd":"100%","All Cov":"1 / 1 (100%)","Score":"355","At Least":"1","Source":"        cp_irq : coverpoint ins.asm;"}
,{"expanded":false,"Exclusion Rule Type":"None","UNR":"none","title":"auto[C_SRLI]","All Average Grd":"100%","All Cov":"1 / 1 (100%)","Score":"337","At Least":"1","Source":"        cp_irq : coverpoint ins.asm;"}
,{"expanded":false,"Exclusion Rule Type":"None","UNR":"none","title":"auto[C_SRAI]","All Average Grd":"100%","All Cov":"1 / 1 (100%)","Score":"322","At Least":"1","Source":"        cp_irq : coverpoint ins.asm;"}
,{"expanded":false,"Exclusion Rule Type":"None","UNR":"none","title":"auto[C_ANDI]","All Average Grd":"100%","All Cov":"1 / 1 (100%)","Score":"364","At Least":"1","Source":"        cp_irq : coverpoint ins.asm;"}
,{"expanded":false,"Exclusion Rule Type":"None","UNR":"none","title":"auto[C_ADD]","All Average Grd":"100%","All Cov":"1 / 1 (100%)","Score":"734","At Least":"1","Source":"        cp_irq : coverpoint ins.asm;"}
,{"expanded":false,"Exclusion Rule Type":"None","UNR":"none","title":"auto[C_AND]","All Average Grd":"100%","All Cov":"1 / 1 (100%)","Score":"346","At Least":"1","Source":"        cp_irq : coverpoint ins.asm;"}
,{"expanded":false,"Exclusion Rule Type":"None","UNR":"none","title":"auto[C_OR]","All Average Grd":"100%","All Cov":"1 / 1 (100%)","Score":"358","At Least":"1","Source":"        cp_irq : coverpoint ins.asm;"}
,{"expanded":false,"Exclusion Rule Type":"None","UNR":"none","title":"auto[C_XOR]","All Average Grd":"100%","All Cov":"1 / 1 (100%)","Score":"325","At Least":"1","Source":"        cp_irq : coverpoint ins.asm;"}
,{"expanded":false,"Exclusion Rule Type":"None","UNR":"none","title":"auto[C_SUB]","All Average Grd":"100%","All Cov":"1 / 1 (100%)","Score":"322","At Least":"1","Source":"        cp_irq : coverpoint ins.asm;"}
,{"expanded":false,"Exclusion Rule Type":"None","UNR":"none","title":"auto[C_EBREAK]","All Average Grd":"0%","All Cov":"0 / 1 (0%)","Score":"0","At Least":"1","Source":"        cp_irq : coverpoint ins.asm;"}
],"columns":""}
]}
,{"expanded":false,"Exclusion Rule Type":"None","UNR":"none","title":"cg_wfi_entry","All Average Grd":"84.62%","All Cov":"77 / 91 (84.62%)","Enclosing Entity":"uvm_pkg.uvm_test_top.env.cov_model.interrupt_covg","Source":"    covergroup cg_wfi_entry with function sample(ins_t ins);"
,"subitems":[{"expanded":false,"Exclusion Rule Type":"None","UNR":"none","title":"cp_wfi","At Least":"1","All Average Grd":"84.62%","All Cov":"77 / 91 (84.62%)","Source":"        cp_wfi : coverpoint ins.asm;"
,"subitems":[{"expanded":false,"Exclusion Rule Type":"None","UNR":"none","title":"auto[ADD]","All Average Grd":"100%","All Cov":"1 / 1 (100%)","Score":"34245","At Least":"1","Source":"        cp_wfi : coverpoint ins.asm;"}
,{"expanded":false,"Exclusion Rule Type":"None","UNR":"none","title":"auto[ADDI]","All Average Grd":"100%","All Cov":"1 / 1 (100%)","Score":"37209","At Least":"1","Source":"        cp_wfi : coverpoint ins.asm;"}
,{"expanded":false,"Exclusion Rule Type":"None","UNR":"none","title":"auto[AND]","All Average Grd":"100%","All Cov":"1 / 1 (100%)","Score":"41423","At Least":"1","Source":"        cp_wfi : coverpoint ins.asm;"}
,{"expanded":false,"Exclusion Rule Type":"None","UNR":"none","title":"auto[ANDI]","All Average Grd":"100%","All Cov":"1 / 1 (100%)","Score":"38838","At Least":"1","Source":"        cp_wfi : coverpoint ins.asm;"}
,{"expanded":false,"Exclusion Rule Type":"None","UNR":"none","title":"auto[AUIPC]","All Average Grd":"100%","All Cov":"1 / 1 (100%)","Score":"42903","At Least":"1","Source":"        cp_wfi : coverpoint ins.asm;"}
,{"expanded":false,"Exclusion Rule Type":"None","UNR":"none","title":"auto[BEQ]","All Average Grd":"100%","All Cov":"1 / 1 (100%)","Score":"1511","At Least":"1","Source":"        cp_wfi : coverpoint ins.asm;"}
,{"expanded":false,"Exclusion Rule Type":"None","UNR":"none","title":"auto[BGE]","All Average Grd":"100%","All Cov":"1 / 1 (100%)","Score":"1615","At Least":"1","Source":"        cp_wfi : coverpoint ins.asm;"}
,{"expanded":false,"Exclusion Rule Type":"None","UNR":"none","title":"auto[BGEU]","All Average Grd":"100%","All Cov":"1 / 1 (100%)","Score":"1614","At Least":"1","Source":"        cp_wfi : coverpoint ins.asm;"}
,{"expanded":false,"Exclusion Rule Type":"None","UNR":"none","title":"auto[BLTU]","All Average Grd":"100%","All Cov":"1 / 1 (100%)","Score":"1592","At Least":"1","Source":"        cp_wfi : coverpoint ins.asm;"}
,{"expanded":false,"Exclusion Rule Type":"None","UNR":"none","title":"auto[BNE]","All Average Grd":"100%","All Cov":"1 / 1 (100%)","Score":"1571","At Least":"1","Source":"        cp_wfi : coverpoint ins.asm;"}
,{"expanded":false,"Exclusion Rule Type":"None","UNR":"none","title":"auto[BLT]","All Average Grd":"100%","All Cov":"1 / 1 (100%)","Score":"1564","At Least":"1","Source":"        cp_wfi : coverpoint ins.asm;"}
,{"expanded":false,"Exclusion Rule Type":"None","UNR":"none","title":"auto[FENCE]","All Average Grd":"100%","All Cov":"1 / 1 (100%)","Score":"1987","At Least":"1","Source":"        cp_wfi : coverpoint ins.asm;"}
,{"expanded":false,"Exclusion Rule Type":"None","UNR":"none","title":"auto[FENCE_I]","All Average Grd":"100%","All Cov":"1 / 1 (100%)","Score":"1866","At Least":"1","Source":"        cp_wfi : coverpoint ins.asm;"}
,{"expanded":false,"Exclusion Rule Type":"None","UNR":"none","title":"auto[EBREAK]","All Average Grd":"0%","All Cov":"0 / 1 (0%)","Score":"0","At Least":"1","Source":"        cp_wfi : coverpoint ins.asm;"}
,{"expanded":false,"Exclusion Rule Type":"None","UNR":"none","title":"auto[ECALL]","All Average Grd":"0%","All Cov":"0 / 1 (0%)","Score":"0","At Least":"1","Source":"        cp_wfi : coverpoint ins.asm;"}
,{"expanded":false,"Exclusion Rule Type":"None","UNR":"none","title":"auto[JAL]","All Average Grd":"100%","All Cov":"1 / 1 (100%)","Score":"13","At Least":"1","Source":"        cp_wfi : coverpoint ins.asm;"}
,{"expanded":false,"Exclusion Rule Type":"None","UNR":"none","title":"auto[JALR]","All Average Grd":"0%","All Cov":"0 / 1 (0%)","Score":"0","At Least":"1","Source":"        cp_wfi : coverpoint ins.asm;"}
,{"expanded":false,"Exclusion Rule Type":"None","UNR":"none","title":"auto[LB]","All Average Grd":"100%","All Cov":"1 / 1 (100%)","Score":"4512","At Least":"1","Source":"        cp_wfi : coverpoint ins.asm;"}
,{"expanded":false,"Exclusion Rule Type":"None","UNR":"none","title":"auto[LBU]","All Average Grd":"100%","All Cov":"1 / 1 (100%)","Score":"4345","At Least":"1","Source":"        cp_wfi : coverpoint ins.asm;"}
,{"expanded":false,"Exclusion Rule Type":"None","UNR":"none","title":"auto[LH]","All Average Grd":"100%","All Cov":"1 / 1 (100%)","Score":"1322","At Least":"1","Source":"        cp_wfi : coverpoint ins.asm;"}
,{"expanded":false,"Exclusion Rule Type":"None","UNR":"none","title":"auto[LHU]","All Average Grd":"100%","All Cov":"1 / 1 (100%)","Score":"1324","At Least":"1","Source":"        cp_wfi : coverpoint ins.asm;"}
,{"expanded":false,"Exclusion Rule Type":"None","UNR":"none","title":"auto[LUI]","All Average Grd":"100%","All Cov":"1 / 1 (100%)","Score":"32742","At Least":"1","Source":"        cp_wfi : coverpoint ins.asm;"}
,{"expanded":false,"Exclusion Rule Type":"None","UNR":"none","title":"auto[LW]","All Average Grd":"100%","All Cov":"1 / 1 (100%)","Score":"605","At Least":"1","Source":"        cp_wfi : coverpoint ins.asm;"}
,{"expanded":false,"Exclusion Rule Type":"None","UNR":"none","title":"auto[NOP]","All Average Grd":"100%","All Cov":"1 / 1 (100%)","Score":"7","At Least":"1","Source":"        cp_wfi : coverpoint ins.asm;"}
,{"expanded":false,"Exclusion Rule Type":"None","UNR":"none","title":"auto[OR]","All Average Grd":"100%","All Cov":"1 / 1 (100%)","Score":"34428","At Least":"1","Source":"        cp_wfi : coverpoint ins.asm;"}
,{"expanded":false,"Exclusion Rule Type":"None","UNR":"none","title":"auto[ORI]","All Average Grd":"100%","All Cov":"1 / 1 (100%)","Score":"39690","At Least":"1","Source":"        cp_wfi : coverpoint ins.asm;"}
,{"expanded":false,"Exclusion Rule Type":"None","UNR":"none","title":"auto[SB]","All Average Grd":"0%","All Cov":"0 / 1 (0%)","Score":"0","At Least":"1","Source":"        cp_wfi : coverpoint ins.asm;"}
,{"expanded":false,"Exclusion Rule Type":"None","UNR":"none","title":"auto[SH]","All Average Grd":"100%","All Cov":"1 / 1 (100%)","Score":"5806","At Least":"1","Source":"        cp_wfi : coverpoint ins.asm;"}
,{"expanded":false,"Exclusion Rule Type":"None","UNR":"none","title":"auto[SLL]","All Average Grd":"100%","All Cov":"1 / 1 (100%)","Score":"27547","At Least":"1","Source":"        cp_wfi : coverpoint ins.asm;"}
,{"expanded":false,"Exclusion Rule Type":"None","UNR":"none","title":"auto[SLLI]","All Average Grd":"100%","All Cov":"1 / 1 (100%)","Score":"35663","At Least":"1","Source":"        cp_wfi : coverpoint ins.asm;"}
,{"expanded":false,"Exclusion Rule Type":"None","UNR":"none","title":"auto[SLT]","All Average Grd":"100%","All Cov":"1 / 1 (100%)","Score":"31127","At Least":"1","Source":"        cp_wfi : coverpoint ins.asm;"}
,{"expanded":false,"Exclusion Rule Type":"None","UNR":"none","title":"auto[SLTI]","All Average Grd":"100%","All Cov":"1 / 1 (100%)","Score":"32923","At Least":"1","Source":"        cp_wfi : coverpoint ins.asm;"}
,{"expanded":false,"Exclusion Rule Type":"None","UNR":"none","title":"auto[SLTIU]","All Average Grd":"100%","All Cov":"1 / 1 (100%)","Score":"42791","At Least":"1","Source":"        cp_wfi : coverpoint ins.asm;"}
,{"expanded":false,"Exclusion Rule Type":"None","UNR":"none","title":"auto[SLTU]","All Average Grd":"100%","All Cov":"1 / 1 (100%)","Score":"32992","At Least":"1","Source":"        cp_wfi : coverpoint ins.asm;"}
,{"expanded":false,"Exclusion Rule Type":"None","UNR":"none","title":"auto[SRA]","All Average Grd":"100%","All Cov":"1 / 1 (100%)","Score":"41250","At Least":"1","Source":"        cp_wfi : coverpoint ins.asm;"}
,{"expanded":false,"Exclusion Rule Type":"None","UNR":"none","title":"auto[SRAI]","All Average Grd":"100%","All Cov":"1 / 1 (100%)","Score":"36687","At Least":"1","Source":"        cp_wfi : coverpoint ins.asm;"}
,{"expanded":false,"Exclusion Rule Type":"None","UNR":"none","title":"auto[SRL]","All Average Grd":"100%","All Cov":"1 / 1 (100%)","Score":"36196","At Least":"1","Source":"        cp_wfi : coverpoint ins.asm;"}
,{"expanded":false,"Exclusion Rule Type":"None","UNR":"none","title":"auto[SRLI]","All Average Grd":"100%","All Cov":"1 / 1 (100%)","Score":"35577","At Least":"1","Source":"        cp_wfi : coverpoint ins.asm;"}
,{"expanded":false,"Exclusion Rule Type":"None","UNR":"none","title":"auto[SUB]","All Average Grd":"100%","All Cov":"1 / 1 (100%)","Score":"39625","At Least":"1","Source":"        cp_wfi : coverpoint ins.asm;"}
,{"expanded":false,"Exclusion Rule Type":"None","UNR":"none","title":"auto[SW]","All Average Grd":"100%","All Cov":"1 / 1 (100%)","Score":"650","At Least":"1","Source":"        cp_wfi : coverpoint ins.asm;"}
,{"expanded":false,"Exclusion Rule Type":"None","UNR":"none","title":"auto[XOR]","All Average Grd":"100%","All Cov":"1 / 1 (100%)","Score":"36900","At Least":"1","Source":"        cp_wfi : coverpoint ins.asm;"}
,{"expanded":false,"Exclusion Rule Type":"None","UNR":"none","title":"auto[XORI]","All Average Grd":"100%","All Cov":"1 / 1 (100%)","Score":"35612","At Least":"1","Source":"        cp_wfi : coverpoint ins.asm;"}
,{"expanded":false,"Exclusion Rule Type":"None","UNR":"none","title":"auto[MUL]","All Average Grd":"100%","All Cov":"1 / 1 (100%)","Score":"36928","At Least":"1","Source":"        cp_wfi : coverpoint ins.asm;"}
,{"expanded":false,"Exclusion Rule Type":"None","UNR":"none","title":"auto[MULH]","All Average Grd":"100%","All Cov":"1 / 1 (100%)","Score":"26156","At Least":"1","Source":"        cp_wfi : coverpoint ins.asm;"}
,{"expanded":false,"Exclusion Rule Type":"None","UNR":"none","title":"auto[MULHU]","All Average Grd":"100%","All Cov":"1 / 1 (100%)","Score":"24721","At Least":"1","Source":"        cp_wfi : coverpoint ins.asm;"}
,{"expanded":false,"Exclusion Rule Type":"None","UNR":"none","title":"auto[MULHSU]","All Average Grd":"100%","All Cov":"1 / 1 (100%)","Score":"45549","At Least":"1","Source":"        cp_wfi : coverpoint ins.asm;"}
,{"expanded":false,"Exclusion Rule Type":"None","UNR":"none","title":"auto[DIV]","All Average Grd":"100%","All Cov":"1 / 1 (100%)","Score":"34697","At Least":"1","Source":"        cp_wfi : coverpoint ins.asm;"}
,{"expanded":false,"Exclusion Rule Type":"None","UNR":"none","title":"auto[REM]","All Average Grd":"100%","All Cov":"1 / 1 (100%)","Score":"38302","At Least":"1","Source":"        cp_wfi : coverpoint ins.asm;"}
,{"expanded":false,"Exclusion Rule Type":"None","UNR":"none","title":"auto[DIVU]","All Average Grd":"100%","All Cov":"1 / 1 (100%)","Score":"34668","At Least":"1","Source":"        cp_wfi : coverpoint ins.asm;"}
,{"expanded":false,"Exclusion Rule Type":"None","UNR":"none","title":"auto[REMU]","All Average Grd":"100%","All Cov":"1 / 1 (100%)","Score":"31165","At Least":"1","Source":"        cp_wfi : coverpoint ins.asm;"}
,{"expanded":false,"Exclusion Rule Type":"None","UNR":"none","title":"auto[WFI]","All Average Grd":"100%","All Cov":"1 / 1 (100%)","Score":"35257","At Least":"1","Source":"        cp_wfi : coverpoint ins.asm;"}
,{"expanded":false,"Exclusion Rule Type":"None","UNR":"none","title":"auto[MRET]","All Average Grd":"100%","All Cov":"1 / 1 (100%)","Score":"1272","At Least":"1","Source":"        cp_wfi : coverpoint ins.asm;"}
,{"expanded":false,"Exclusion Rule Type":"None","UNR":"none","title":"auto[DRET]","All Average Grd":"100%","All Cov":"1 / 1 (100%)","Score":"5627","At Least":"1","Source":"        cp_wfi : coverpoint ins.asm;"}
,{"expanded":false,"Exclusion Rule Type":"None","UNR":"none","title":"auto[CSRR]","All Average Grd":"0%","All Cov":"0 / 1 (0%)","Score":"0","At Least":"1","Source":"        cp_wfi : coverpoint ins.asm;"}
,{"expanded":false,"Exclusion Rule Type":"None","UNR":"none","title":"auto[CSRC]","All Average Grd":"0%","All Cov":"0 / 1 (0%)","Score":"0","At Least":"1","Source":"        cp_wfi : coverpoint ins.asm;"}
,{"expanded":false,"Exclusion Rule Type":"None","UNR":"none","title":"auto[CSRCI]","All Average Grd":"0%","All Cov":"0 / 1 (0%)","Score":"0","At Least":"1","Source":"        cp_wfi : coverpoint ins.asm;"}
,{"expanded":false,"Exclusion Rule Type":"None","UNR":"none","title":"auto[CSRRC]","All Average Grd":"100%","All Cov":"1 / 1 (100%)","Score":"1999","At Least":"1","Source":"        cp_wfi : coverpoint ins.asm;"}
,{"expanded":false,"Exclusion Rule Type":"None","UNR":"none","title":"auto[CSRRCI]","All Average Grd":"100%","All Cov":"1 / 1 (100%)","Score":"2077","At Least":"1","Source":"        cp_wfi : coverpoint ins.asm;"}
,{"expanded":false,"Exclusion Rule Type":"None","UNR":"none","title":"auto[CSRRS]","All Average Grd":"100%","All Cov":"1 / 1 (100%)","Score":"1999","At Least":"1","Source":"        cp_wfi : coverpoint ins.asm;"}
,{"expanded":false,"Exclusion Rule Type":"None","UNR":"none","title":"auto[CSRRSI]","All Average Grd":"100%","All Cov":"1 / 1 (100%)","Score":"2277","At Least":"1","Source":"        cp_wfi : coverpoint ins.asm;"}
,{"expanded":false,"Exclusion Rule Type":"None","UNR":"none","title":"auto[CSRRW]","All Average Grd":"100%","All Cov":"1 / 1 (100%)","Score":"2199","At Least":"1","Source":"        cp_wfi : coverpoint ins.asm;"}
,{"expanded":false,"Exclusion Rule Type":"None","UNR":"none","title":"auto[CSRRWI]","All Average Grd":"100%","All Cov":"1 / 1 (100%)","Score":"4499","At Least":"1","Source":"        cp_wfi : coverpoint ins.asm;"}
,{"expanded":false,"Exclusion Rule Type":"None","UNR":"none","title":"auto[CSRS]","All Average Grd":"0%","All Cov":"0 / 1 (0%)","Score":"0","At Least":"1","Source":"        cp_wfi : coverpoint ins.asm;"}
,{"expanded":false,"Exclusion Rule Type":"None","UNR":"none","title":"auto[CSRSI]","All Average Grd":"0%","All Cov":"0 / 1 (0%)","Score":"0","At Least":"1","Source":"        cp_wfi : coverpoint ins.asm;"}
,{"expanded":false,"Exclusion Rule Type":"None","UNR":"none","title":"auto[CSRW]","All Average Grd":"0%","All Cov":"0 / 1 (0%)","Score":"0","At Least":"1","Source":"        cp_wfi : coverpoint ins.asm;"}
,{"expanded":false,"Exclusion Rule Type":"None","UNR":"none","title":"auto[CSRWI]","All Average Grd":"0%","All Cov":"0 / 1 (0%)","Score":"0","At Least":"1","Source":"        cp_wfi : coverpoint ins.asm;"}
,{"expanded":false,"Exclusion Rule Type":"None","UNR":"none","title":"auto[C_LWSP]","All Average Grd":"100%","All Cov":"1 / 1 (100%)","Score":"73","At Least":"1","Source":"        cp_wfi : coverpoint ins.asm;"}
,{"expanded":false,"Exclusion Rule Type":"None","UNR":"none","title":"auto[C_SWSP]","All Average Grd":"100%","All Cov":"1 / 1 (100%)","Score":"73","At Least":"1","Source":"        cp_wfi : coverpoint ins.asm;"}
,{"expanded":false,"Exclusion Rule Type":"None","UNR":"none","title":"auto[C_LW]","All Average Grd":"100%","All Cov":"1 / 1 (100%)","Score":"9","At Least":"1","Source":"        cp_wfi : coverpoint ins.asm;"}
,{"expanded":false,"Exclusion Rule Type":"None","UNR":"none","title":"auto[C_SW]","All Average Grd":"100%","All Cov":"1 / 1 (100%)","Score":"33","At Least":"1","Source":"        cp_wfi : coverpoint ins.asm;"}
,{"expanded":false,"Exclusion Rule Type":"None","UNR":"none","title":"auto[C_BEQZ]","All Average Grd":"100%","All Cov":"1 / 1 (100%)","Score":"1671","At Least":"1","Source":"        cp_wfi : coverpoint ins.asm;"}
,{"expanded":false,"Exclusion Rule Type":"None","UNR":"none","title":"auto[C_BNEZ]","All Average Grd":"100%","All Cov":"1 / 1 (100%)","Score":"1432","At Least":"1","Source":"        cp_wfi : coverpoint ins.asm;"}
,{"expanded":false,"Exclusion Rule Type":"None","UNR":"none","title":"auto[C_J]","All Average Grd":"0%","All Cov":"0 / 1 (0%)","Score":"0","At Least":"1","Source":"        cp_wfi : coverpoint ins.asm;"}
,{"expanded":false,"Exclusion Rule Type":"None","UNR":"none","title":"auto[C_JR]","All Average Grd":"100%","All Cov":"1 / 1 (100%)","Score":"7","At Least":"1","Source":"        cp_wfi : coverpoint ins.asm;"}
,{"expanded":false,"Exclusion Rule Type":"None","UNR":"none","title":"auto[C_JAL]","All Average Grd":"0%","All Cov":"0 / 1 (0%)","Score":"0","At Least":"1","Source":"        cp_wfi : coverpoint ins.asm;"}
,{"expanded":false,"Exclusion Rule Type":"None","UNR":"none","title":"auto[C_JALR]","All Average Grd":"100%","All Cov":"1 / 1 (100%)","Score":"9","At Least":"1","Source":"        cp_wfi : coverpoint ins.asm;"}
,{"expanded":false,"Exclusion Rule Type":"None","UNR":"none","title":"auto[C_LI]","All Average Grd":"100%","All Cov":"1 / 1 (100%)","Score":"34538","At Least":"1","Source":"        cp_wfi : coverpoint ins.asm;"}
,{"expanded":false,"Exclusion Rule Type":"None","UNR":"none","title":"auto[C_LUI]","All Average Grd":"100%","All Cov":"1 / 1 (100%)","Score":"39477","At Least":"1","Source":"        cp_wfi : coverpoint ins.asm;"}
,{"expanded":false,"Exclusion Rule Type":"None","UNR":"none","title":"auto[C_ADDI]","All Average Grd":"100%","All Cov":"1 / 1 (100%)","Score":"120156","At Least":"1","Source":"        cp_wfi : coverpoint ins.asm;"}
,{"expanded":false,"Exclusion Rule Type":"None","UNR":"none","title":"auto[C_ADDI16SP]","All Average Grd":"100%","All Cov":"1 / 1 (100%)","Score":"23742","At Least":"1","Source":"        cp_wfi : coverpoint ins.asm;"}
,{"expanded":false,"Exclusion Rule Type":"None","UNR":"none","title":"auto[C_ADDI4SPN]","All Average Grd":"100%","All Cov":"1 / 1 (100%)","Score":"23748","At Least":"1","Source":"        cp_wfi : coverpoint ins.asm;"}
,{"expanded":false,"Exclusion Rule Type":"None","UNR":"none","title":"auto[C_SLLI]","All Average Grd":"100%","All Cov":"1 / 1 (100%)","Score":"30733","At Least":"1","Source":"        cp_wfi : coverpoint ins.asm;"}
,{"expanded":false,"Exclusion Rule Type":"None","UNR":"none","title":"auto[C_SRLI]","All Average Grd":"100%","All Cov":"1 / 1 (100%)","Score":"41614","At Least":"1","Source":"        cp_wfi : coverpoint ins.asm;"}
,{"expanded":false,"Exclusion Rule Type":"None","UNR":"none","title":"auto[C_SRAI]","All Average Grd":"100%","All Cov":"1 / 1 (100%)","Score":"31386","At Least":"1","Source":"        cp_wfi : coverpoint ins.asm;"}
,{"expanded":false,"Exclusion Rule Type":"None","UNR":"none","title":"auto[C_ANDI]","All Average Grd":"100%","All Cov":"1 / 1 (100%)","Score":"33177","At Least":"1","Source":"        cp_wfi : coverpoint ins.asm;"}
,{"expanded":false,"Exclusion Rule Type":"None","UNR":"none","title":"auto[C_ADD]","All Average Grd":"100%","All Cov":"1 / 1 (100%)","Score":"58458","At Least":"1","Source":"        cp_wfi : coverpoint ins.asm;"}
,{"expanded":false,"Exclusion Rule Type":"None","UNR":"none","title":"auto[C_AND]","All Average Grd":"100%","All Cov":"1 / 1 (100%)","Score":"41835","At Least":"1","Source":"        cp_wfi : coverpoint ins.asm;"}
,{"expanded":false,"Exclusion Rule Type":"None","UNR":"none","title":"auto[C_OR]","All Average Grd":"100%","All Cov":"1 / 1 (100%)","Score":"30354","At Least":"1","Source":"        cp_wfi : coverpoint ins.asm;"}
,{"expanded":false,"Exclusion Rule Type":"None","UNR":"none","title":"auto[C_XOR]","All Average Grd":"100%","All Cov":"1 / 1 (100%)","Score":"32011","At Least":"1","Source":"        cp_wfi : coverpoint ins.asm;"}
,{"expanded":false,"Exclusion Rule Type":"None","UNR":"none","title":"auto[C_SUB]","All Average Grd":"100%","All Cov":"1 / 1 (100%)","Score":"35841","At Least":"1","Source":"        cp_wfi : coverpoint ins.asm;"}
,{"expanded":false,"Exclusion Rule Type":"None","UNR":"none","title":"auto[C_EBREAK]","All Average Grd":"0%","All Cov":"0 / 1 (0%)","Score":"0","At Least":"1","Source":"        cp_wfi : coverpoint ins.asm;"}
],"columns":""}
]}
,{"expanded":false,"Exclusion Rule Type":"None","UNR":"none","title":"cg_irq_exit","All Average Grd":"83.52%","All Cov":"76 / 91 (83.52%)","Enclosing Entity":"uvm_pkg.uvm_test_top.env.cov_model.interrupt_covg","Source":"    covergroup cg_irq_exit with function sample(ins_t ins);"
,"subitems":[{"expanded":false,"Exclusion Rule Type":"None","UNR":"none","title":"cp_irq","At Least":"1","All Average Grd":"83.52%","All Cov":"76 / 91 (83.52%)","Source":"        cp_irq : coverpoint ins.asm;"
,"subitems":[{"expanded":false,"Exclusion Rule Type":"None","UNR":"none","title":"auto[ADD]","All Average Grd":"100%","All Cov":"1 / 1 (100%)","Score":"1450","At Least":"1","Source":"        cp_irq : coverpoint ins.asm;"}
,{"expanded":false,"Exclusion Rule Type":"None","UNR":"none","title":"auto[ADDI]","All Average Grd":"100%","All Cov":"1 / 1 (100%)","Score":"2949","At Least":"1","Source":"        cp_irq : coverpoint ins.asm;"}
,{"expanded":false,"Exclusion Rule Type":"None","UNR":"none","title":"auto[AND]","All Average Grd":"100%","All Cov":"1 / 1 (100%)","Score":"1518","At Least":"1","Source":"        cp_irq : coverpoint ins.asm;"}
,{"expanded":false,"Exclusion Rule Type":"None","UNR":"none","title":"auto[ANDI]","All Average Grd":"100%","All Cov":"1 / 1 (100%)","Score":"1594","At Least":"1","Source":"        cp_irq : coverpoint ins.asm;"}
,{"expanded":false,"Exclusion Rule Type":"None","UNR":"none","title":"auto[AUIPC]","All Average Grd":"100%","All Cov":"1 / 1 (100%)","Score":"2303","At Least":"1","Source":"        cp_irq : coverpoint ins.asm;"}
,{"expanded":false,"Exclusion Rule Type":"None","UNR":"none","title":"auto[BEQ]","All Average Grd":"100%","All Cov":"1 / 1 (100%)","Score":"1106","At Least":"1","Source":"        cp_irq : coverpoint ins.asm;"}
,{"expanded":false,"Exclusion Rule Type":"None","UNR":"none","title":"auto[BGE]","All Average Grd":"100%","All Cov":"1 / 1 (100%)","Score":"1225","At Least":"1","Source":"        cp_irq : coverpoint ins.asm;"}
,{"expanded":false,"Exclusion Rule Type":"None","UNR":"none","title":"auto[BGEU]","All Average Grd":"100%","All Cov":"1 / 1 (100%)","Score":"1120","At Least":"1","Source":"        cp_irq : coverpoint ins.asm;"}
,{"expanded":false,"Exclusion Rule Type":"None","UNR":"none","title":"auto[BLTU]","All Average Grd":"100%","All Cov":"1 / 1 (100%)","Score":"1186","At Least":"1","Source":"        cp_irq : coverpoint ins.asm;"}
,{"expanded":false,"Exclusion Rule Type":"None","UNR":"none","title":"auto[BNE]","All Average Grd":"100%","All Cov":"1 / 1 (100%)","Score":"1194","At Least":"1","Source":"        cp_irq : coverpoint ins.asm;"}
,{"expanded":false,"Exclusion Rule Type":"None","UNR":"none","title":"auto[BLT]","All Average Grd":"100%","All Cov":"1 / 1 (100%)","Score":"1151","At Least":"1","Source":"        cp_irq : coverpoint ins.asm;"}
,{"expanded":false,"Exclusion Rule Type":"None","UNR":"none","title":"auto[FENCE]","All Average Grd":"100%","All Cov":"1 / 1 (100%)","Score":"1648","At Least":"1","Source":"        cp_irq : coverpoint ins.asm;"}
,{"expanded":false,"Exclusion Rule Type":"None","UNR":"none","title":"auto[FENCE_I]","All Average Grd":"100%","All Cov":"1 / 1 (100%)","Score":"1623","At Least":"1","Source":"        cp_irq : coverpoint ins.asm;"}
,{"expanded":false,"Exclusion Rule Type":"None","UNR":"none","title":"auto[EBREAK]","All Average Grd":"0%","All Cov":"0 / 1 (0%)","Score":"0","At Least":"1","Source":"        cp_irq : coverpoint ins.asm;"}
,{"expanded":false,"Exclusion Rule Type":"None","UNR":"none","title":"auto[ECALL]","All Average Grd":"0%","All Cov":"0 / 1 (0%)","Score":"0","At Least":"1","Source":"        cp_irq : coverpoint ins.asm;"}
,{"expanded":false,"Exclusion Rule Type":"None","UNR":"none","title":"auto[JAL]","All Average Grd":"100%","All Cov":"1 / 1 (100%)","Score":"724203","At Least":"1","Source":"        cp_irq : coverpoint ins.asm;"}
,{"expanded":false,"Exclusion Rule Type":"None","UNR":"none","title":"auto[JALR]","All Average Grd":"0%","All Cov":"0 / 1 (0%)","Score":"0","At Least":"1","Source":"        cp_irq : coverpoint ins.asm;"}
,{"expanded":false,"Exclusion Rule Type":"None","UNR":"none","title":"auto[LB]","All Average Grd":"100%","All Cov":"1 / 1 (100%)","Score":"5670","At Least":"1","Source":"        cp_irq : coverpoint ins.asm;"}
,{"expanded":false,"Exclusion Rule Type":"None","UNR":"none","title":"auto[LBU]","All Average Grd":"100%","All Cov":"1 / 1 (100%)","Score":"5817","At Least":"1","Source":"        cp_irq : coverpoint ins.asm;"}
,{"expanded":false,"Exclusion Rule Type":"None","UNR":"none","title":"auto[LH]","All Average Grd":"100%","All Cov":"1 / 1 (100%)","Score":"1734","At Least":"1","Source":"        cp_irq : coverpoint ins.asm;"}
,{"expanded":false,"Exclusion Rule Type":"None","UNR":"none","title":"auto[LHU]","All Average Grd":"100%","All Cov":"1 / 1 (100%)","Score":"1731","At Least":"1","Source":"        cp_irq : coverpoint ins.asm;"}
,{"expanded":false,"Exclusion Rule Type":"None","UNR":"none","title":"auto[LUI]","All Average Grd":"100%","All Cov":"1 / 1 (100%)","Score":"1666","At Least":"1","Source":"        cp_irq : coverpoint ins.asm;"}
,{"expanded":false,"Exclusion Rule Type":"None","UNR":"none","title":"auto[LW]","All Average Grd":"100%","All Cov":"1 / 1 (100%)","Score":"718","At Least":"1","Source":"        cp_irq : coverpoint ins.asm;"}
,{"expanded":false,"Exclusion Rule Type":"None","UNR":"none","title":"auto[NOP]","All Average Grd":"100%","All Cov":"1 / 1 (100%)","Score":"7","At Least":"1","Source":"        cp_irq : coverpoint ins.asm;"}
,{"expanded":false,"Exclusion Rule Type":"None","UNR":"none","title":"auto[OR]","All Average Grd":"100%","All Cov":"1 / 1 (100%)","Score":"1648","At Least":"1","Source":"        cp_irq : coverpoint ins.asm;"}
,{"expanded":false,"Exclusion Rule Type":"None","UNR":"none","title":"auto[ORI]","All Average Grd":"100%","All Cov":"1 / 1 (100%)","Score":"1599","At Least":"1","Source":"        cp_irq : coverpoint ins.asm;"}
,{"expanded":false,"Exclusion Rule Type":"None","UNR":"none","title":"auto[SB]","All Average Grd":"0%","All Cov":"0 / 1 (0%)","Score":"0","At Least":"1","Source":"        cp_irq : coverpoint ins.asm;"}
,{"expanded":false,"Exclusion Rule Type":"None","UNR":"none","title":"auto[SH]","All Average Grd":"100%","All Cov":"1 / 1 (100%)","Score":"7765","At Least":"1","Source":"        cp_irq : coverpoint ins.asm;"}
,{"expanded":false,"Exclusion Rule Type":"None","UNR":"none","title":"auto[SLL]","All Average Grd":"100%","All Cov":"1 / 1 (100%)","Score":"1523","At Least":"1","Source":"        cp_irq : coverpoint ins.asm;"}
,{"expanded":false,"Exclusion Rule Type":"None","UNR":"none","title":"auto[SLLI]","All Average Grd":"100%","All Cov":"1 / 1 (100%)","Score":"1564","At Least":"1","Source":"        cp_irq : coverpoint ins.asm;"}
,{"expanded":false,"Exclusion Rule Type":"None","UNR":"none","title":"auto[SLT]","All Average Grd":"100%","All Cov":"1 / 1 (100%)","Score":"1643","At Least":"1","Source":"        cp_irq : coverpoint ins.asm;"}
,{"expanded":false,"Exclusion Rule Type":"None","UNR":"none","title":"auto[SLTI]","All Average Grd":"100%","All Cov":"1 / 1 (100%)","Score":"1633","At Least":"1","Source":"        cp_irq : coverpoint ins.asm;"}
,{"expanded":false,"Exclusion Rule Type":"None","UNR":"none","title":"auto[SLTIU]","All Average Grd":"100%","All Cov":"1 / 1 (100%)","Score":"1661","At Least":"1","Source":"        cp_irq : coverpoint ins.asm;"}
,{"expanded":false,"Exclusion Rule Type":"None","UNR":"none","title":"auto[SLTU]","All Average Grd":"100%","All Cov":"1 / 1 (100%)","Score":"1523","At Least":"1","Source":"        cp_irq : coverpoint ins.asm;"}
,{"expanded":false,"Exclusion Rule Type":"None","UNR":"none","title":"auto[SRA]","All Average Grd":"100%","All Cov":"1 / 1 (100%)","Score":"1585","At Least":"1","Source":"        cp_irq : coverpoint ins.asm;"}
,{"expanded":false,"Exclusion Rule Type":"None","UNR":"none","title":"auto[SRAI]","All Average Grd":"100%","All Cov":"1 / 1 (100%)","Score":"1565","At Least":"1","Source":"        cp_irq : coverpoint ins.asm;"}
,{"expanded":false,"Exclusion Rule Type":"None","UNR":"none","title":"auto[SRL]","All Average Grd":"100%","All Cov":"1 / 1 (100%)","Score":"1663","At Least":"1","Source":"        cp_irq : coverpoint ins.asm;"}
,{"expanded":false,"Exclusion Rule Type":"None","UNR":"none","title":"auto[SRLI]","All Average Grd":"100%","All Cov":"1 / 1 (100%)","Score":"1562","At Least":"1","Source":"        cp_irq : coverpoint ins.asm;"}
,{"expanded":false,"Exclusion Rule Type":"None","UNR":"none","title":"auto[SUB]","All Average Grd":"100%","All Cov":"1 / 1 (100%)","Score":"1639","At Least":"1","Source":"        cp_irq : coverpoint ins.asm;"}
,{"expanded":false,"Exclusion Rule Type":"None","UNR":"none","title":"auto[SW]","All Average Grd":"100%","All Cov":"1 / 1 (100%)","Score":"743","At Least":"1","Source":"        cp_irq : coverpoint ins.asm;"}
,{"expanded":false,"Exclusion Rule Type":"None","UNR":"none","title":"auto[XOR]","All Average Grd":"100%","All Cov":"1 / 1 (100%)","Score":"1556","At Least":"1","Source":"        cp_irq : coverpoint ins.asm;"}
,{"expanded":false,"Exclusion Rule Type":"None","UNR":"none","title":"auto[XORI]","All Average Grd":"100%","All Cov":"1 / 1 (100%)","Score":"1584","At Least":"1","Source":"        cp_irq : coverpoint ins.asm;"}
,{"expanded":false,"Exclusion Rule Type":"None","UNR":"none","title":"auto[MUL]","All Average Grd":"100%","All Cov":"1 / 1 (100%)","Score":"1574","At Least":"1","Source":"        cp_irq : coverpoint ins.asm;"}
,{"expanded":false,"Exclusion Rule Type":"None","UNR":"none","title":"auto[MULH]","All Average Grd":"100%","All Cov":"1 / 1 (100%)","Score":"1623","At Least":"1","Source":"        cp_irq : coverpoint ins.asm;"}
,{"expanded":false,"Exclusion Rule Type":"None","UNR":"none","title":"auto[MULHU]","All Average Grd":"100%","All Cov":"1 / 1 (100%)","Score":"1510","At Least":"1","Source":"        cp_irq : coverpoint ins.asm;"}
,{"expanded":false,"Exclusion Rule Type":"None","UNR":"none","title":"auto[MULHSU]","All Average Grd":"100%","All Cov":"1 / 1 (100%)","Score":"1578","At Least":"1","Source":"        cp_irq : coverpoint ins.asm;"}
,{"expanded":false,"Exclusion Rule Type":"None","UNR":"none","title":"auto[DIV]","All Average Grd":"100%","All Cov":"1 / 1 (100%)","Score":"1526","At Least":"1","Source":"        cp_irq : coverpoint ins.asm;"}
,{"expanded":false,"Exclusion Rule Type":"None","UNR":"none","title":"auto[REM]","All Average Grd":"100%","All Cov":"1 / 1 (100%)","Score":"1616","At Least":"1","Source":"        cp_irq : coverpoint ins.asm;"}
,{"expanded":false,"Exclusion Rule Type":"None","UNR":"none","title":"auto[DIVU]","All Average Grd":"100%","All Cov":"1 / 1 (100%)","Score":"1626","At Least":"1","Source":"        cp_irq : coverpoint ins.asm;"}
,{"expanded":false,"Exclusion Rule Type":"None","UNR":"none","title":"auto[REMU]","All Average Grd":"100%","All Cov":"1 / 1 (100%)","Score":"1582","At Least":"1","Source":"        cp_irq : coverpoint ins.asm;"}
,{"expanded":false,"Exclusion Rule Type":"None","UNR":"none","title":"auto[WFI]","All Average Grd":"100%","All Cov":"1 / 1 (100%)","Score":"1272","At Least":"1","Source":"        cp_irq : coverpoint ins.asm;"}
,{"expanded":false,"Exclusion Rule Type":"None","UNR":"none","title":"auto[MRET]","All Average Grd":"0%","All Cov":"0 / 1 (0%)","Score":"0","At Least":"1","Source":"        cp_irq : coverpoint ins.asm;"}
,{"expanded":false,"Exclusion Rule Type":"None","UNR":"none","title":"auto[DRET]","All Average Grd":"0%","All Cov":"0 / 1 (0%)","Score":"0","At Least":"1","Source":"        cp_irq : coverpoint ins.asm;"}
,{"expanded":false,"Exclusion Rule Type":"None","UNR":"none","title":"auto[CSRR]","All Average Grd":"0%","All Cov":"0 / 1 (0%)","Score":"0","At Least":"1","Source":"        cp_irq : coverpoint ins.asm;"}
,{"expanded":false,"Exclusion Rule Type":"None","UNR":"none","title":"auto[CSRC]","All Average Grd":"0%","All Cov":"0 / 1 (0%)","Score":"0","At Least":"1","Source":"        cp_irq : coverpoint ins.asm;"}
,{"expanded":false,"Exclusion Rule Type":"None","UNR":"none","title":"auto[CSRCI]","All Average Grd":"0%","All Cov":"0 / 1 (0%)","Score":"0","At Least":"1","Source":"        cp_irq : coverpoint ins.asm;"}
,{"expanded":false,"Exclusion Rule Type":"None","UNR":"none","title":"auto[CSRRC]","All Average Grd":"100%","All Cov":"1 / 1 (100%)","Score":"1556","At Least":"1","Source":"        cp_irq : coverpoint ins.asm;"}
,{"expanded":false,"Exclusion Rule Type":"None","UNR":"none","title":"auto[CSRRCI]","All Average Grd":"100%","All Cov":"1 / 1 (100%)","Score":"2239","At Least":"1","Source":"        cp_irq : coverpoint ins.asm;"}
,{"expanded":false,"Exclusion Rule Type":"None","UNR":"none","title":"auto[CSRRS]","All Average Grd":"100%","All Cov":"1 / 1 (100%)","Score":"490635","At Least":"1","Source":"        cp_irq : coverpoint ins.asm;"}
,{"expanded":false,"Exclusion Rule Type":"None","UNR":"none","title":"auto[CSRRSI]","All Average Grd":"100%","All Cov":"1 / 1 (100%)","Score":"1655","At Least":"1","Source":"        cp_irq : coverpoint ins.asm;"}
,{"expanded":false,"Exclusion Rule Type":"None","UNR":"none","title":"auto[CSRRW]","All Average Grd":"100%","All Cov":"1 / 1 (100%)","Score":"63053","At Least":"1","Source":"        cp_irq : coverpoint ins.asm;"}
,{"expanded":false,"Exclusion Rule Type":"None","UNR":"none","title":"auto[CSRRWI]","All Average Grd":"100%","All Cov":"1 / 1 (100%)","Score":"1615","At Least":"1","Source":"        cp_irq : coverpoint ins.asm;"}
,{"expanded":false,"Exclusion Rule Type":"None","UNR":"none","title":"auto[CSRS]","All Average Grd":"0%","All Cov":"0 / 1 (0%)","Score":"0","At Least":"1","Source":"        cp_irq : coverpoint ins.asm;"}
,{"expanded":false,"Exclusion Rule Type":"None","UNR":"none","title":"auto[CSRSI]","All Average Grd":"0%","All Cov":"0 / 1 (0%)","Score":"0","At Least":"1","Source":"        cp_irq : coverpoint ins.asm;"}
,{"expanded":false,"Exclusion Rule Type":"None","UNR":"none","title":"auto[CSRW]","All Average Grd":"0%","All Cov":"0 / 1 (0%)","Score":"0","At Least":"1","Source":"        cp_irq : coverpoint ins.asm;"}
,{"expanded":false,"Exclusion Rule Type":"None","UNR":"none","title":"auto[CSRWI]","All Average Grd":"0%","All Cov":"0 / 1 (0%)","Score":"0","At Least":"1","Source":"        cp_irq : coverpoint ins.asm;"}
,{"expanded":false,"Exclusion Rule Type":"None","UNR":"none","title":"auto[C_LWSP]","All Average Grd":"100%","All Cov":"1 / 1 (100%)","Score":"104","At Least":"1","Source":"        cp_irq : coverpoint ins.asm;"}
,{"expanded":false,"Exclusion Rule Type":"None","UNR":"none","title":"auto[C_SWSP]","All Average Grd":"100%","All Cov":"1 / 1 (100%)","Score":"84","At Least":"1","Source":"        cp_irq : coverpoint ins.asm;"}
,{"expanded":false,"Exclusion Rule Type":"None","UNR":"none","title":"auto[C_LW]","All Average Grd":"100%","All Cov":"1 / 1 (100%)","Score":"14","At Least":"1","Source":"        cp_irq : coverpoint ins.asm;"}
,{"expanded":false,"Exclusion Rule Type":"None","UNR":"none","title":"auto[C_SW]","All Average Grd":"100%","All Cov":"1 / 1 (100%)","Score":"13","At Least":"1","Source":"        cp_irq : coverpoint ins.asm;"}
,{"expanded":false,"Exclusion Rule Type":"None","UNR":"none","title":"auto[C_BEQZ]","All Average Grd":"100%","All Cov":"1 / 1 (100%)","Score":"1147","At Least":"1","Source":"        cp_irq : coverpoint ins.asm;"}
,{"expanded":false,"Exclusion Rule Type":"None","UNR":"none","title":"auto[C_BNEZ]","All Average Grd":"100%","All Cov":"1 / 1 (100%)","Score":"1015","At Least":"1","Source":"        cp_irq : coverpoint ins.asm;"}
,{"expanded":false,"Exclusion Rule Type":"None","UNR":"none","title":"auto[C_J]","All Average Grd":"100%","All Cov":"1 / 1 (100%)","Score":"9","At Least":"1","Source":"        cp_irq : coverpoint ins.asm;"}
,{"expanded":false,"Exclusion Rule Type":"None","UNR":"none","title":"auto[C_JR]","All Average Grd":"100%","All Cov":"1 / 1 (100%)","Score":"385","At Least":"1","Source":"        cp_irq : coverpoint ins.asm;"}
,{"expanded":false,"Exclusion Rule Type":"None","UNR":"none","title":"auto[C_JAL]","All Average Grd":"0%","All Cov":"0 / 1 (0%)","Score":"0","At Least":"1","Source":"        cp_irq : coverpoint ins.asm;"}
,{"expanded":false,"Exclusion Rule Type":"None","UNR":"none","title":"auto[C_JALR]","All Average Grd":"100%","All Cov":"1 / 1 (100%)","Score":"4","At Least":"1","Source":"        cp_irq : coverpoint ins.asm;"}
,{"expanded":false,"Exclusion Rule Type":"None","UNR":"none","title":"auto[C_LI]","All Average Grd":"100%","All Cov":"1 / 1 (100%)","Score":"1688","At Least":"1","Source":"        cp_irq : coverpoint ins.asm;"}
,{"expanded":false,"Exclusion Rule Type":"None","UNR":"none","title":"auto[C_LUI]","All Average Grd":"100%","All Cov":"1 / 1 (100%)","Score":"1546","At Least":"1","Source":"        cp_irq : coverpoint ins.asm;"}
,{"expanded":false,"Exclusion Rule Type":"None","UNR":"none","title":"auto[C_ADDI]","All Average Grd":"100%","All Cov":"1 / 1 (100%)","Score":"6285","At Least":"1","Source":"        cp_irq : coverpoint ins.asm;"}
,{"expanded":false,"Exclusion Rule Type":"None","UNR":"none","title":"auto[C_ADDI16SP]","All Average Grd":"100%","All Cov":"1 / 1 (100%)","Score":"1282","At Least":"1","Source":"        cp_irq : coverpoint ins.asm;"}
,{"expanded":false,"Exclusion Rule Type":"None","UNR":"none","title":"auto[C_ADDI4SPN]","All Average Grd":"100%","All Cov":"1 / 1 (100%)","Score":"1131","At Least":"1","Source":"        cp_irq : coverpoint ins.asm;"}
,{"expanded":false,"Exclusion Rule Type":"None","UNR":"none","title":"auto[C_SLLI]","All Average Grd":"100%","All Cov":"1 / 1 (100%)","Score":"1601","At Least":"1","Source":"        cp_irq : coverpoint ins.asm;"}
,{"expanded":false,"Exclusion Rule Type":"None","UNR":"none","title":"auto[C_SRLI]","All Average Grd":"100%","All Cov":"1 / 1 (100%)","Score":"1589","At Least":"1","Source":"        cp_irq : coverpoint ins.asm;"}
,{"expanded":false,"Exclusion Rule Type":"None","UNR":"none","title":"auto[C_SRAI]","All Average Grd":"100%","All Cov":"1 / 1 (100%)","Score":"1552","At Least":"1","Source":"        cp_irq : coverpoint ins.asm;"}
,{"expanded":false,"Exclusion Rule Type":"None","UNR":"none","title":"auto[C_ANDI]","All Average Grd":"100%","All Cov":"1 / 1 (100%)","Score":"1590","At Least":"1","Source":"        cp_irq : coverpoint ins.asm;"}
,{"expanded":false,"Exclusion Rule Type":"None","UNR":"none","title":"auto[C_ADD]","All Average Grd":"100%","All Cov":"1 / 1 (100%)","Score":"3201","At Least":"1","Source":"        cp_irq : coverpoint ins.asm;"}
,{"expanded":false,"Exclusion Rule Type":"None","UNR":"none","title":"auto[C_AND]","All Average Grd":"100%","All Cov":"1 / 1 (100%)","Score":"1601","At Least":"1","Source":"        cp_irq : coverpoint ins.asm;"}
,{"expanded":false,"Exclusion Rule Type":"None","UNR":"none","title":"auto[C_OR]","All Average Grd":"100%","All Cov":"1 / 1 (100%)","Score":"1645","At Least":"1","Source":"        cp_irq : coverpoint ins.asm;"}
,{"expanded":false,"Exclusion Rule Type":"None","UNR":"none","title":"auto[C_XOR]","All Average Grd":"100%","All Cov":"1 / 1 (100%)","Score":"1613","At Least":"1","Source":"        cp_irq : coverpoint ins.asm;"}
,{"expanded":false,"Exclusion Rule Type":"None","UNR":"none","title":"auto[C_SUB]","All Average Grd":"100%","All Cov":"1 / 1 (100%)","Score":"1635","At Least":"1","Source":"        cp_irq : coverpoint ins.asm;"}
,{"expanded":false,"Exclusion Rule Type":"None","UNR":"none","title":"auto[C_EBREAK]","All Average Grd":"0%","All Cov":"0 / 1 (0%)","Score":"0","At Least":"1","Source":"        cp_irq : coverpoint ins.asm;"}
],"columns":""}
]}
,{"expanded":false,"Exclusion Rule Type":"None","UNR":"none","title":"cg_wfi_exit","All Average Grd":"82.42%","All Cov":"75 / 91 (82.42%)","Enclosing Entity":"uvm_pkg.uvm_test_top.env.cov_model.interrupt_covg","Source":"    covergroup cg_wfi_exit with function sample(ins_t ins);"
,"subitems":[{"expanded":false,"Exclusion Rule Type":"None","UNR":"none","title":"cp_wfi","At Least":"1","All Average Grd":"82.42%","All Cov":"75 / 91 (82.42%)","Source":"        cp_wfi : coverpoint ins.asm;"
,"subitems":[{"expanded":false,"Exclusion Rule Type":"None","UNR":"none","title":"auto[ADD]","All Average Grd":"100%","All Cov":"1 / 1 (100%)","Score":"36968","At Least":"1","Source":"        cp_wfi : coverpoint ins.asm;"}
,{"expanded":false,"Exclusion Rule Type":"None","UNR":"none","title":"auto[ADDI]","All Average Grd":"100%","All Cov":"1 / 1 (100%)","Score":"26174","At Least":"1","Source":"        cp_wfi : coverpoint ins.asm;"}
,{"expanded":false,"Exclusion Rule Type":"None","UNR":"none","title":"auto[AND]","All Average Grd":"100%","All Cov":"1 / 1 (100%)","Score":"22570","At Least":"1","Source":"        cp_wfi : coverpoint ins.asm;"}
,{"expanded":false,"Exclusion Rule Type":"None","UNR":"none","title":"auto[ANDI]","All Average Grd":"100%","All Cov":"1 / 1 (100%)","Score":"33586","At Least":"1","Source":"        cp_wfi : coverpoint ins.asm;"}
,{"expanded":false,"Exclusion Rule Type":"None","UNR":"none","title":"auto[AUIPC]","All Average Grd":"100%","All Cov":"1 / 1 (100%)","Score":"32548","At Least":"1","Source":"        cp_wfi : coverpoint ins.asm;"}
,{"expanded":false,"Exclusion Rule Type":"None","UNR":"none","title":"auto[BEQ]","All Average Grd":"100%","All Cov":"1 / 1 (100%)","Score":"843","At Least":"1","Source":"        cp_wfi : coverpoint ins.asm;"}
,{"expanded":false,"Exclusion Rule Type":"None","UNR":"none","title":"auto[BGE]","All Average Grd":"100%","All Cov":"1 / 1 (100%)","Score":"995","At Least":"1","Source":"        cp_wfi : coverpoint ins.asm;"}
,{"expanded":false,"Exclusion Rule Type":"None","UNR":"none","title":"auto[BGEU]","All Average Grd":"100%","All Cov":"1 / 1 (100%)","Score":"878","At Least":"1","Source":"        cp_wfi : coverpoint ins.asm;"}
,{"expanded":false,"Exclusion Rule Type":"None","UNR":"none","title":"auto[BLTU]","All Average Grd":"100%","All Cov":"1 / 1 (100%)","Score":"994","At Least":"1","Source":"        cp_wfi : coverpoint ins.asm;"}
,{"expanded":false,"Exclusion Rule Type":"None","UNR":"none","title":"auto[BNE]","All Average Grd":"100%","All Cov":"1 / 1 (100%)","Score":"998","At Least":"1","Source":"        cp_wfi : coverpoint ins.asm;"}
,{"expanded":false,"Exclusion Rule Type":"None","UNR":"none","title":"auto[BLT]","All Average Grd":"100%","All Cov":"1 / 1 (100%)","Score":"873","At Least":"1","Source":"        cp_wfi : coverpoint ins.asm;"}
,{"expanded":false,"Exclusion Rule Type":"None","UNR":"none","title":"auto[FENCE]","All Average Grd":"100%","All Cov":"1 / 1 (100%)","Score":"1068","At Least":"1","Source":"        cp_wfi : coverpoint ins.asm;"}
,{"expanded":false,"Exclusion Rule Type":"None","UNR":"none","title":"auto[FENCE_I]","All Average Grd":"100%","All Cov":"1 / 1 (100%)","Score":"1027","At Least":"1","Source":"        cp_wfi : coverpoint ins.asm;"}
,{"expanded":false,"Exclusion Rule Type":"None","UNR":"none","title":"auto[EBREAK]","All Average Grd":"0%","All Cov":"0 / 1 (0%)","Score":"0","At Least":"1","Source":"        cp_wfi : coverpoint ins.asm;"}
,{"expanded":false,"Exclusion Rule Type":"None","UNR":"none","title":"auto[ECALL]","All Average Grd":"0%","All Cov":"0 / 1 (0%)","Score":"0","At Least":"1","Source":"        cp_wfi : coverpoint ins.asm;"}
,{"expanded":false,"Exclusion Rule Type":"None","UNR":"none","title":"auto[JAL]","All Average Grd":"100%","All Cov":"1 / 1 (100%)","Score":"64063","At Least":"1","Source":"        cp_wfi : coverpoint ins.asm;"}
,{"expanded":false,"Exclusion Rule Type":"None","UNR":"none","title":"auto[JALR]","All Average Grd":"0%","All Cov":"0 / 1 (0%)","Score":"0","At Least":"1","Source":"        cp_wfi : coverpoint ins.asm;"}
,{"expanded":false,"Exclusion Rule Type":"None","UNR":"none","title":"auto[LB]","All Average Grd":"100%","All Cov":"1 / 1 (100%)","Score":"2346","At Least":"1","Source":"        cp_wfi : coverpoint ins.asm;"}
,{"expanded":false,"Exclusion Rule Type":"None","UNR":"none","title":"auto[LBU]","All Average Grd":"100%","All Cov":"1 / 1 (100%)","Score":"2203","At Least":"1","Source":"        cp_wfi : coverpoint ins.asm;"}
,{"expanded":false,"Exclusion Rule Type":"None","UNR":"none","title":"auto[LH]","All Average Grd":"100%","All Cov":"1 / 1 (100%)","Score":"703","At Least":"1","Source":"        cp_wfi : coverpoint ins.asm;"}
,{"expanded":false,"Exclusion Rule Type":"None","UNR":"none","title":"auto[LHU]","All Average Grd":"100%","All Cov":"1 / 1 (100%)","Score":"713","At Least":"1","Source":"        cp_wfi : coverpoint ins.asm;"}
,{"expanded":false,"Exclusion Rule Type":"None","UNR":"none","title":"auto[LUI]","All Average Grd":"100%","All Cov":"1 / 1 (100%)","Score":"33779","At Least":"1","Source":"        cp_wfi : coverpoint ins.asm;"}
,{"expanded":false,"Exclusion Rule Type":"None","UNR":"none","title":"auto[LW]","All Average Grd":"100%","All Cov":"1 / 1 (100%)","Score":"5803","At Least":"1","Source":"        cp_wfi : coverpoint ins.asm;"}
,{"expanded":false,"Exclusion Rule Type":"None","UNR":"none","title":"auto[NOP]","All Average Grd":"100%","All Cov":"1 / 1 (100%)","Score":"5","At Least":"1","Source":"        cp_wfi : coverpoint ins.asm;"}
,{"expanded":false,"Exclusion Rule Type":"None","UNR":"none","title":"auto[OR]","All Average Grd":"100%","All Cov":"1 / 1 (100%)","Score":"28348","At Least":"1","Source":"        cp_wfi : coverpoint ins.asm;"}
,{"expanded":false,"Exclusion Rule Type":"None","UNR":"none","title":"auto[ORI]","All Average Grd":"100%","All Cov":"1 / 1 (100%)","Score":"41911","At Least":"1","Source":"        cp_wfi : coverpoint ins.asm;"}
,{"expanded":false,"Exclusion Rule Type":"None","UNR":"none","title":"auto[SB]","All Average Grd":"0%","All Cov":"0 / 1 (0%)","Score":"0","At Least":"1","Source":"        cp_wfi : coverpoint ins.asm;"}
,{"expanded":false,"Exclusion Rule Type":"None","UNR":"none","title":"auto[SH]","All Average Grd":"100%","All Cov":"1 / 1 (100%)","Score":"2916","At Least":"1","Source":"        cp_wfi : coverpoint ins.asm;"}
,{"expanded":false,"Exclusion Rule Type":"None","UNR":"none","title":"auto[SLL]","All Average Grd":"100%","All Cov":"1 / 1 (100%)","Score":"24264","At Least":"1","Source":"        cp_wfi : coverpoint ins.asm;"}
,{"expanded":false,"Exclusion Rule Type":"None","UNR":"none","title":"auto[SLLI]","All Average Grd":"100%","All Cov":"1 / 1 (100%)","Score":"32512","At Least":"1","Source":"        cp_wfi : coverpoint ins.asm;"}
,{"expanded":false,"Exclusion Rule Type":"None","UNR":"none","title":"auto[SLT]","All Average Grd":"100%","All Cov":"1 / 1 (100%)","Score":"24379","At Least":"1","Source":"        cp_wfi : coverpoint ins.asm;"}
,{"expanded":false,"Exclusion Rule Type":"None","UNR":"none","title":"auto[SLTI]","All Average Grd":"100%","All Cov":"1 / 1 (100%)","Score":"23035","At Least":"1","Source":"        cp_wfi : coverpoint ins.asm;"}
,{"expanded":false,"Exclusion Rule Type":"None","UNR":"none","title":"auto[SLTIU]","All Average Grd":"100%","All Cov":"1 / 1 (100%)","Score":"26915","At Least":"1","Source":"        cp_wfi : coverpoint ins.asm;"}
,{"expanded":false,"Exclusion Rule Type":"None","UNR":"none","title":"auto[SLTU]","All Average Grd":"100%","All Cov":"1 / 1 (100%)","Score":"28097","At Least":"1","Source":"        cp_wfi : coverpoint ins.asm;"}
,{"expanded":false,"Exclusion Rule Type":"None","UNR":"none","title":"auto[SRA]","All Average Grd":"100%","All Cov":"1 / 1 (100%)","Score":"21411","At Least":"1","Source":"        cp_wfi : coverpoint ins.asm;"}
,{"expanded":false,"Exclusion Rule Type":"None","UNR":"none","title":"auto[SRAI]","All Average Grd":"100%","All Cov":"1 / 1 (100%)","Score":"29947","At Least":"1","Source":"        cp_wfi : coverpoint ins.asm;"}
,{"expanded":false,"Exclusion Rule Type":"None","UNR":"none","title":"auto[SRL]","All Average Grd":"100%","All Cov":"1 / 1 (100%)","Score":"32565","At Least":"1","Source":"        cp_wfi : coverpoint ins.asm;"}
,{"expanded":false,"Exclusion Rule Type":"None","UNR":"none","title":"auto[SRLI]","All Average Grd":"100%","All Cov":"1 / 1 (100%)","Score":"29301","At Least":"1","Source":"        cp_wfi : coverpoint ins.asm;"}
,{"expanded":false,"Exclusion Rule Type":"None","UNR":"none","title":"auto[SUB]","All Average Grd":"100%","All Cov":"1 / 1 (100%)","Score":"38375","At Least":"1","Source":"        cp_wfi : coverpoint ins.asm;"}
,{"expanded":false,"Exclusion Rule Type":"None","UNR":"none","title":"auto[SW]","All Average Grd":"100%","All Cov":"1 / 1 (100%)","Score":"279","At Least":"1","Source":"        cp_wfi : coverpoint ins.asm;"}
,{"expanded":false,"Exclusion Rule Type":"None","UNR":"none","title":"auto[XOR]","All Average Grd":"100%","All Cov":"1 / 1 (100%)","Score":"27276","At Least":"1","Source":"        cp_wfi : coverpoint ins.asm;"}
,{"expanded":false,"Exclusion Rule Type":"None","UNR":"none","title":"auto[XORI]","All Average Grd":"100%","All Cov":"1 / 1 (100%)","Score":"17246","At Least":"1","Source":"        cp_wfi : coverpoint ins.asm;"}
,{"expanded":false,"Exclusion Rule Type":"None","UNR":"none","title":"auto[MUL]","All Average Grd":"100%","All Cov":"1 / 1 (100%)","Score":"27647","At Least":"1","Source":"        cp_wfi : coverpoint ins.asm;"}
,{"expanded":false,"Exclusion Rule Type":"None","UNR":"none","title":"auto[MULH]","All Average Grd":"100%","All Cov":"1 / 1 (100%)","Score":"29937","At Least":"1","Source":"        cp_wfi : coverpoint ins.asm;"}
,{"expanded":false,"Exclusion Rule Type":"None","UNR":"none","title":"auto[MULHU]","All Average Grd":"100%","All Cov":"1 / 1 (100%)","Score":"39560","At Least":"1","Source":"        cp_wfi : coverpoint ins.asm;"}
,{"expanded":false,"Exclusion Rule Type":"None","UNR":"none","title":"auto[MULHSU]","All Average Grd":"100%","All Cov":"1 / 1 (100%)","Score":"27019","At Least":"1","Source":"        cp_wfi : coverpoint ins.asm;"}
,{"expanded":false,"Exclusion Rule Type":"None","UNR":"none","title":"auto[DIV]","All Average Grd":"100%","All Cov":"1 / 1 (100%)","Score":"25516","At Least":"1","Source":"        cp_wfi : coverpoint ins.asm;"}
,{"expanded":false,"Exclusion Rule Type":"None","UNR":"none","title":"auto[REM]","All Average Grd":"100%","All Cov":"1 / 1 (100%)","Score":"28704","At Least":"1","Source":"        cp_wfi : coverpoint ins.asm;"}
,{"expanded":false,"Exclusion Rule Type":"None","UNR":"none","title":"auto[DIVU]","All Average Grd":"100%","All Cov":"1 / 1 (100%)","Score":"28430","At Least":"1","Source":"        cp_wfi : coverpoint ins.asm;"}
,{"expanded":false,"Exclusion Rule Type":"None","UNR":"none","title":"auto[REMU]","All Average Grd":"100%","All Cov":"1 / 1 (100%)","Score":"28832","At Least":"1","Source":"        cp_wfi : coverpoint ins.asm;"}
,{"expanded":false,"Exclusion Rule Type":"None","UNR":"none","title":"auto[WFI]","All Average Grd":"100%","All Cov":"1 / 1 (100%)","Score":"35257","At Least":"1","Source":"        cp_wfi : coverpoint ins.asm;"}
,{"expanded":false,"Exclusion Rule Type":"None","UNR":"none","title":"auto[MRET]","All Average Grd":"0%","All Cov":"0 / 1 (0%)","Score":"0","At Least":"1","Source":"        cp_wfi : coverpoint ins.asm;"}
,{"expanded":false,"Exclusion Rule Type":"None","UNR":"none","title":"auto[DRET]","All Average Grd":"0%","All Cov":"0 / 1 (0%)","Score":"0","At Least":"1","Source":"        cp_wfi : coverpoint ins.asm;"}
,{"expanded":false,"Exclusion Rule Type":"None","UNR":"none","title":"auto[CSRR]","All Average Grd":"0%","All Cov":"0 / 1 (0%)","Score":"0","At Least":"1","Source":"        cp_wfi : coverpoint ins.asm;"}
,{"expanded":false,"Exclusion Rule Type":"None","UNR":"none","title":"auto[CSRC]","All Average Grd":"0%","All Cov":"0 / 1 (0%)","Score":"0","At Least":"1","Source":"        cp_wfi : coverpoint ins.asm;"}
,{"expanded":false,"Exclusion Rule Type":"None","UNR":"none","title":"auto[CSRCI]","All Average Grd":"0%","All Cov":"0 / 1 (0%)","Score":"0","At Least":"1","Source":"        cp_wfi : coverpoint ins.asm;"}
,{"expanded":false,"Exclusion Rule Type":"None","UNR":"none","title":"auto[CSRRC]","All Average Grd":"100%","All Cov":"1 / 1 (100%)","Score":"961","At Least":"1","Source":"        cp_wfi : coverpoint ins.asm;"}
,{"expanded":false,"Exclusion Rule Type":"None","UNR":"none","title":"auto[CSRRCI]","All Average Grd":"100%","All Cov":"1 / 1 (100%)","Score":"1109","At Least":"1","Source":"        cp_wfi : coverpoint ins.asm;"}
,{"expanded":false,"Exclusion Rule Type":"None","UNR":"none","title":"auto[CSRRS]","All Average Grd":"100%","All Cov":"1 / 1 (100%)","Score":"1023","At Least":"1","Source":"        cp_wfi : coverpoint ins.asm;"}
,{"expanded":false,"Exclusion Rule Type":"None","UNR":"none","title":"auto[CSRRSI]","All Average Grd":"100%","All Cov":"1 / 1 (100%)","Score":"1116","At Least":"1","Source":"        cp_wfi : coverpoint ins.asm;"}
,{"expanded":false,"Exclusion Rule Type":"None","UNR":"none","title":"auto[CSRRW]","All Average Grd":"100%","All Cov":"1 / 1 (100%)","Score":"242102","At Least":"1","Source":"        cp_wfi : coverpoint ins.asm;"}
,{"expanded":false,"Exclusion Rule Type":"None","UNR":"none","title":"auto[CSRRWI]","All Average Grd":"100%","All Cov":"1 / 1 (100%)","Score":"1011","At Least":"1","Source":"        cp_wfi : coverpoint ins.asm;"}
,{"expanded":false,"Exclusion Rule Type":"None","UNR":"none","title":"auto[CSRS]","All Average Grd":"0%","All Cov":"0 / 1 (0%)","Score":"0","At Least":"1","Source":"        cp_wfi : coverpoint ins.asm;"}
,{"expanded":false,"Exclusion Rule Type":"None","UNR":"none","title":"auto[CSRSI]","All Average Grd":"0%","All Cov":"0 / 1 (0%)","Score":"0","At Least":"1","Source":"        cp_wfi : coverpoint ins.asm;"}
,{"expanded":false,"Exclusion Rule Type":"None","UNR":"none","title":"auto[CSRW]","All Average Grd":"0%","All Cov":"0 / 1 (0%)","Score":"0","At Least":"1","Source":"        cp_wfi : coverpoint ins.asm;"}
,{"expanded":false,"Exclusion Rule Type":"None","UNR":"none","title":"auto[CSRWI]","All Average Grd":"0%","All Cov":"0 / 1 (0%)","Score":"0","At Least":"1","Source":"        cp_wfi : coverpoint ins.asm;"}
,{"expanded":false,"Exclusion Rule Type":"None","UNR":"none","title":"auto[C_LWSP]","All Average Grd":"100%","All Cov":"1 / 1 (100%)","Score":"2797","At Least":"1","Source":"        cp_wfi : coverpoint ins.asm;"}
,{"expanded":false,"Exclusion Rule Type":"None","UNR":"none","title":"auto[C_SWSP]","All Average Grd":"100%","All Cov":"1 / 1 (100%)","Score":"30","At Least":"1","Source":"        cp_wfi : coverpoint ins.asm;"}
,{"expanded":false,"Exclusion Rule Type":"None","UNR":"none","title":"auto[C_LW]","All Average Grd":"100%","All Cov":"1 / 1 (100%)","Score":"5","At Least":"1","Source":"        cp_wfi : coverpoint ins.asm;"}
,{"expanded":false,"Exclusion Rule Type":"None","UNR":"none","title":"auto[C_SW]","All Average Grd":"100%","All Cov":"1 / 1 (100%)","Score":"8","At Least":"1","Source":"        cp_wfi : coverpoint ins.asm;"}
,{"expanded":false,"Exclusion Rule Type":"None","UNR":"none","title":"auto[C_BEQZ]","All Average Grd":"100%","All Cov":"1 / 1 (100%)","Score":"820","At Least":"1","Source":"        cp_wfi : coverpoint ins.asm;"}
,{"expanded":false,"Exclusion Rule Type":"None","UNR":"none","title":"auto[C_BNEZ]","All Average Grd":"100%","All Cov":"1 / 1 (100%)","Score":"875","At Least":"1","Source":"        cp_wfi : coverpoint ins.asm;"}
,{"expanded":false,"Exclusion Rule Type":"None","UNR":"none","title":"auto[C_J]","All Average Grd":"100%","All Cov":"1 / 1 (100%)","Score":"7","At Least":"1","Source":"        cp_wfi : coverpoint ins.asm;"}
,{"expanded":false,"Exclusion Rule Type":"None","UNR":"none","title":"auto[C_JR]","All Average Grd":"0%","All Cov":"0 / 1 (0%)","Score":"0","At Least":"1","Source":"        cp_wfi : coverpoint ins.asm;"}
,{"expanded":false,"Exclusion Rule Type":"None","UNR":"none","title":"auto[C_JAL]","All Average Grd":"0%","All Cov":"0 / 1 (0%)","Score":"0","At Least":"1","Source":"        cp_wfi : coverpoint ins.asm;"}
,{"expanded":false,"Exclusion Rule Type":"None","UNR":"none","title":"auto[C_JALR]","All Average Grd":"100%","All Cov":"1 / 1 (100%)","Score":"7","At Least":"1","Source":"        cp_wfi : coverpoint ins.asm;"}
,{"expanded":false,"Exclusion Rule Type":"None","UNR":"none","title":"auto[C_LI]","All Average Grd":"100%","All Cov":"1 / 1 (100%)","Score":"28453","At Least":"1","Source":"        cp_wfi : coverpoint ins.asm;"}
,{"expanded":false,"Exclusion Rule Type":"None","UNR":"none","title":"auto[C_LUI]","All Average Grd":"100%","All Cov":"1 / 1 (100%)","Score":"43687","At Least":"1","Source":"        cp_wfi : coverpoint ins.asm;"}
,{"expanded":false,"Exclusion Rule Type":"None","UNR":"none","title":"auto[C_ADDI]","All Average Grd":"100%","All Cov":"1 / 1 (100%)","Score":"78064","At Least":"1","Source":"        cp_wfi : coverpoint ins.asm;"}
,{"expanded":false,"Exclusion Rule Type":"None","UNR":"none","title":"auto[C_ADDI16SP]","All Average Grd":"100%","All Cov":"1 / 1 (100%)","Score":"26748","At Least":"1","Source":"        cp_wfi : coverpoint ins.asm;"}
,{"expanded":false,"Exclusion Rule Type":"None","UNR":"none","title":"auto[C_ADDI4SPN]","All Average Grd":"100%","All Cov":"1 / 1 (100%)","Score":"21438","At Least":"1","Source":"        cp_wfi : coverpoint ins.asm;"}
,{"expanded":false,"Exclusion Rule Type":"None","UNR":"none","title":"auto[C_SLLI]","All Average Grd":"100%","All Cov":"1 / 1 (100%)","Score":"20316","At Least":"1","Source":"        cp_wfi : coverpoint ins.asm;"}
,{"expanded":false,"Exclusion Rule Type":"None","UNR":"none","title":"auto[C_SRLI]","All Average Grd":"100%","All Cov":"1 / 1 (100%)","Score":"27223","At Least":"1","Source":"        cp_wfi : coverpoint ins.asm;"}
,{"expanded":false,"Exclusion Rule Type":"None","UNR":"none","title":"auto[C_SRAI]","All Average Grd":"100%","All Cov":"1 / 1 (100%)","Score":"31324","At Least":"1","Source":"        cp_wfi : coverpoint ins.asm;"}
,{"expanded":false,"Exclusion Rule Type":"None","UNR":"none","title":"auto[C_ANDI]","All Average Grd":"100%","All Cov":"1 / 1 (100%)","Score":"33917","At Least":"1","Source":"        cp_wfi : coverpoint ins.asm;"}
,{"expanded":false,"Exclusion Rule Type":"None","UNR":"none","title":"auto[C_ADD]","All Average Grd":"100%","All Cov":"1 / 1 (100%)","Score":"65172","At Least":"1","Source":"        cp_wfi : coverpoint ins.asm;"}
,{"expanded":false,"Exclusion Rule Type":"None","UNR":"none","title":"auto[C_AND]","All Average Grd":"100%","All Cov":"1 / 1 (100%)","Score":"28494","At Least":"1","Source":"        cp_wfi : coverpoint ins.asm;"}
,{"expanded":false,"Exclusion Rule Type":"None","UNR":"none","title":"auto[C_OR]","All Average Grd":"100%","All Cov":"1 / 1 (100%)","Score":"28224","At Least":"1","Source":"        cp_wfi : coverpoint ins.asm;"}
,{"expanded":false,"Exclusion Rule Type":"None","UNR":"none","title":"auto[C_XOR]","All Average Grd":"100%","All Cov":"1 / 1 (100%)","Score":"28730","At Least":"1","Source":"        cp_wfi : coverpoint ins.asm;"}
,{"expanded":false,"Exclusion Rule Type":"None","UNR":"none","title":"auto[C_SUB]","All Average Grd":"100%","All Cov":"1 / 1 (100%)","Score":"23004","At Least":"1","Source":"        cp_wfi : coverpoint ins.asm;"}
,{"expanded":false,"Exclusion Rule Type":"None","UNR":"none","title":"auto[C_EBREAK]","All Average Grd":"0%","All Cov":"0 / 1 (0%)","Score":"0","At Least":"1","Source":"        cp_wfi : coverpoint ins.asm;"}
],"columns":""}
]}
]
}
