{
"block_items":[{"expanded":false,"Exclusion Rule Type":"None","UNR":"none","Index":"1","Blk Type":"code block","Src Start Line":"516","Score":"1","Enclosing Entity":"uvmt_cv32_tb.dut_wrap.cv32e40p_wrapper_i.core_i.id_stage_i","Source":"  always_comb begin"}
,{"expanded":false,"Exclusion Rule Type":"None","UNR":"none","Index":"2","Blk Type":"a case item of","Src Start Line":"518","Score":"1","Enclosing Entity":"uvmt_cv32_tb.dut_wrap.cv32e40p_wrapper_i.core_i.id_stage_i","Source":"      REGC_ZERO:  regfile_addr_rc_id = '0;"}
,{"expanded":false,"Exclusion Rule Type":"Analysis Time","UNR":"none","Index":"3","Blk Type":"a case item of","Src Start Line":"519","Score":"0","Enclosing Entity":"uvmt_cv32_tb.dut_wrap.cv32e40p_wrapper_i.core_i.id_stage_i","Source":"      REGC_RD:    regfile_addr_rc_id = {fregfile_ena & regfile_fp_c, instr[REG_D_MSB:REG_D_LSB]};","excluded":"1"}
,{"expanded":false,"Exclusion Rule Type":"None","UNR":"none","Index":"4","Blk Type":"a case item of","Src Start Line":"520","Score":"1","Enclosing Entity":"uvmt_cv32_tb.dut_wrap.cv32e40p_wrapper_i.core_i.id_stage_i","Source":"      REGC_S1:    regfile_addr_rc_id = {fregfile_ena & regfile_fp_c, instr[REG_S1_MSB:REG_S1_LSB]};"}
,{"expanded":false,"Exclusion Rule Type":"Analysis Time","UNR":"none","Index":"5","Blk Type":"a case item of","Src Start Line":"521","Score":"0","Enclosing Entity":"uvmt_cv32_tb.dut_wrap.cv32e40p_wrapper_i.core_i.id_stage_i","Source":"      REGC_S4:    regfile_addr_rc_id = {fregfile_ena & regfile_fp_c, instr[REG_S4_MSB:REG_S4_LSB]};","excluded":"1"}
,{"expanded":false,"Exclusion Rule Type":"None","UNR":"none","Index":"6","Blk Type":"code block","Src Start Line":"566","Score":"1","Enclosing Entity":"uvmt_cv32_tb.dut_wrap.cv32e40p_wrapper_i.core_i.id_stage_i","Source":"  always_comb begin : jump_target_mux"}
,{"expanded":false,"Exclusion Rule Type":"None","UNR":"none","Index":"7","Blk Type":"a case item of","Src Start Line":"568","Score":"1","Enclosing Entity":"uvmt_cv32_tb.dut_wrap.cv32e40p_wrapper_i.core_i.id_stage_i","Source":"      JT_JAL:  jump_target = pc_id_i + imm_uj_type;"}
,{"expanded":false,"Exclusion Rule Type":"None","UNR":"none","Index":"8","Blk Type":"a case item of","Src Start Line":"569","Score":"1","Enclosing Entity":"uvmt_cv32_tb.dut_wrap.cv32e40p_wrapper_i.core_i.id_stage_i","Source":"      JT_COND: jump_target = pc_id_i + imm_sb_type;"}
,{"expanded":false,"Exclusion Rule Type":"None","UNR":"none","Index":"9","Blk Type":"a case item of","Src Start Line":"572","Score":"1","Enclosing Entity":"uvmt_cv32_tb.dut_wrap.cv32e40p_wrapper_i.core_i.id_stage_i","Source":"      JT_JALR: jump_target = regfile_data_ra_id + imm_i_type;"}
,{"expanded":false,"Exclusion Rule Type":"None","UNR":"none","Index":"10","Blk Type":"a case item of","Src Start Line":"573","Score":"1","Enclosing Entity":"uvmt_cv32_tb.dut_wrap.cv32e40p_wrapper_i.core_i.id_stage_i","Source":"      default:  jump_target = regfile_data_ra_id + imm_i_type;"}
,{"expanded":false,"Exclusion Rule Type":"None","UNR":"none","Index":"11","Blk Type":"code block","Src Start Line":"590","Score":"1","Enclosing Entity":"uvmt_cv32_tb.dut_wrap.cv32e40p_wrapper_i.core_i.id_stage_i","Source":"  always_comb begin : alu_operand_a_mux"}
,{"expanded":false,"Exclusion Rule Type":"None","UNR":"none","Index":"12","Blk Type":"a case item of","Src Start Line":"592","Score":"1","Enclosing Entity":"uvmt_cv32_tb.dut_wrap.cv32e40p_wrapper_i.core_i.id_stage_i","Source":"      OP_A_REGA_OR_FWD:  alu_operand_a = operand_a_fw_id;"}
,{"expanded":false,"Exclusion Rule Type":"None","UNR":"none","Index":"13","Blk Type":"a case item of","Src Start Line":"593","Score":"1","Enclosing Entity":"uvmt_cv32_tb.dut_wrap.cv32e40p_wrapper_i.core_i.id_stage_i","Source":"      OP_A_REGB_OR_FWD:  alu_operand_a = operand_b_fw_id;"}
,{"expanded":false,"Exclusion Rule Type":"Analysis Time","UNR":"none","Index":"14","Blk Type":"a case item of","Src Start Line":"594","Score":"0","Enclosing Entity":"uvmt_cv32_tb.dut_wrap.cv32e40p_wrapper_i.core_i.id_stage_i","Source":"      OP_A_REGC_OR_FWD:  alu_operand_a = operand_c_fw_id;","excluded":"1"}
,{"expanded":false,"Exclusion Rule Type":"None","UNR":"none","Index":"15","Blk Type":"a case item of","Src Start Line":"595","Score":"1","Enclosing Entity":"uvmt_cv32_tb.dut_wrap.cv32e40p_wrapper_i.core_i.id_stage_i","Source":"      OP_A_CURRPC:       alu_operand_a = pc_id_i;"}
,{"expanded":false,"Exclusion Rule Type":"None","UNR":"none","Index":"16","Blk Type":"a case item of","Src Start Line":"596","Score":"1","Enclosing Entity":"uvmt_cv32_tb.dut_wrap.cv32e40p_wrapper_i.core_i.id_stage_i","Source":"      OP_A_IMM:          alu_operand_a = imm_a;"}
,{"expanded":false,"Exclusion Rule Type":"None","UNR":"none","Index":"17","Blk Type":"a case item of","Src Start Line":"597","Score":"1","Enclosing Entity":"uvmt_cv32_tb.dut_wrap.cv32e40p_wrapper_i.core_i.id_stage_i","Source":"      default:           alu_operand_a = operand_a_fw_id;"}
,{"expanded":false,"Exclusion Rule Type":"None","UNR":"none","Index":"18","Blk Type":"code block","Src Start Line":"598","Score":"1","Enclosing Entity":"uvmt_cv32_tb.dut_wrap.cv32e40p_wrapper_i.core_i.id_stage_i","Source":"    endcase; // case (alu_op_a_mux_sel)"}
,{"expanded":false,"Exclusion Rule Type":"None","UNR":"none","Index":"19","Blk Type":"code block","Src Start Line":"601","Score":"1","Enclosing Entity":"uvmt_cv32_tb.dut_wrap.cv32e40p_wrapper_i.core_i.id_stage_i","Source":"  always_comb begin : immediate_a_mux"}
,{"expanded":false,"Exclusion Rule Type":"None","UNR":"none","Index":"20","Blk Type":"a case item of","Src Start Line":"603","Score":"1","Enclosing Entity":"uvmt_cv32_tb.dut_wrap.cv32e40p_wrapper_i.core_i.id_stage_i","Source":"      IMMA_Z:      imm_a = imm_z_type;"}
,{"expanded":false,"Exclusion Rule Type":"None","UNR":"none","Index":"21","Blk Type":"a case item of","Src Start Line":"604","Score":"1","Enclosing Entity":"uvmt_cv32_tb.dut_wrap.cv32e40p_wrapper_i.core_i.id_stage_i","Source":"      IMMA_ZERO:   imm_a = '0;"}
,{"expanded":false,"Exclusion Rule Type":"None","UNR":"none","Index":"22","Blk Type":"code block","Src Start Line":"609","Score":"1","Enclosing Entity":"uvmt_cv32_tb.dut_wrap.cv32e40p_wrapper_i.core_i.id_stage_i","Source":"  always_comb begin : operand_a_fw_mux"}
,{"expanded":false,"Exclusion Rule Type":"None","UNR":"none","Index":"23","Blk Type":"a case item of","Src Start Line":"611","Score":"1","Enclosing Entity":"uvmt_cv32_tb.dut_wrap.cv32e40p_wrapper_i.core_i.id_stage_i","Source":"      SEL_FW_EX:    operand_a_fw_id = regfile_alu_wdata_fw_i;"}
,{"expanded":false,"Exclusion Rule Type":"None","UNR":"none","Index":"24","Blk Type":"a case item of","Src Start Line":"612","Score":"1","Enclosing Entity":"uvmt_cv32_tb.dut_wrap.cv32e40p_wrapper_i.core_i.id_stage_i","Source":"      SEL_FW_WB:    operand_a_fw_id = regfile_wdata_wb_i;"}
,{"expanded":false,"Exclusion Rule Type":"None","UNR":"none","Index":"25","Blk Type":"a case item of","Src Start Line":"613","Score":"1","Enclosing Entity":"uvmt_cv32_tb.dut_wrap.cv32e40p_wrapper_i.core_i.id_stage_i","Source":"      SEL_REGFILE:  operand_a_fw_id = regfile_data_ra_id;"}
,{"expanded":false,"Exclusion Rule Type":"None","UNR":"none","Index":"26","Blk Type":"a case item of","Src Start Line":"614","Score":"1","Enclosing Entity":"uvmt_cv32_tb.dut_wrap.cv32e40p_wrapper_i.core_i.id_stage_i","Source":"      default:      operand_a_fw_id = regfile_data_ra_id;"}
,{"expanded":false,"Exclusion Rule Type":"None","UNR":"none","Index":"27","Blk Type":"code block","Src Start Line":"615","Score":"1","Enclosing Entity":"uvmt_cv32_tb.dut_wrap.cv32e40p_wrapper_i.core_i.id_stage_i","Source":"    endcase; // case (operand_a_fw_mux_sel)"}
,{"expanded":false,"Exclusion Rule Type":"None","UNR":"none","Index":"28","Blk Type":"code block","Src Start Line":"628","Score":"1","Enclosing Entity":"uvmt_cv32_tb.dut_wrap.cv32e40p_wrapper_i.core_i.id_stage_i","Source":"  always_comb begin : immediate_b_mux"}
,{"expanded":false,"Exclusion Rule Type":"None","UNR":"none","Index":"29","Blk Type":"a case item of","Src Start Line":"630","Score":"1","Enclosing Entity":"uvmt_cv32_tb.dut_wrap.cv32e40p_wrapper_i.core_i.id_stage_i","Source":"      IMMB_I:      imm_b = imm_i_type;"}
,{"expanded":false,"Exclusion Rule Type":"None","UNR":"none","Index":"30","Blk Type":"a case item of","Src Start Line":"631","Score":"1","Enclosing Entity":"uvmt_cv32_tb.dut_wrap.cv32e40p_wrapper_i.core_i.id_stage_i","Source":"      IMMB_S:      imm_b = imm_s_type;"}
,{"expanded":false,"Exclusion Rule Type":"None","UNR":"none","Index":"31","Blk Type":"a case item of","Src Start Line":"632","Score":"1","Enclosing Entity":"uvmt_cv32_tb.dut_wrap.cv32e40p_wrapper_i.core_i.id_stage_i","Source":"      IMMB_U:      imm_b = imm_u_type;"}
,{"expanded":false,"Exclusion Rule Type":"None","UNR":"none","Index":"32","Blk Type":"a case item of","Src Start Line":"633","Score":"1","Enclosing Entity":"uvmt_cv32_tb.dut_wrap.cv32e40p_wrapper_i.core_i.id_stage_i","Source":"      IMMB_PCINCR: imm_b = is_compressed_i ? 32'h2 : 32'h4;"}
,{"expanded":false,"Exclusion Rule Type":"Analysis Time","UNR":"none","Index":"33","Blk Type":"a case item of","Src Start Line":"634","Score":"0","Enclosing Entity":"uvmt_cv32_tb.dut_wrap.cv32e40p_wrapper_i.core_i.id_stage_i","Source":"      IMMB_S2:     imm_b = imm_s2_type;","excluded":"1"}
,{"expanded":false,"Exclusion Rule Type":"Analysis Time","UNR":"none","Index":"34","Blk Type":"a case item of","Src Start Line":"635","Score":"0","Enclosing Entity":"uvmt_cv32_tb.dut_wrap.cv32e40p_wrapper_i.core_i.id_stage_i","Source":"      IMMB_BI:     imm_b = imm_bi_type;","excluded":"1"}
,{"expanded":false,"Exclusion Rule Type":"Analysis Time","UNR":"none","Index":"35","Blk Type":"a case item of","Src Start Line":"636","Score":"0","Enclosing Entity":"uvmt_cv32_tb.dut_wrap.cv32e40p_wrapper_i.core_i.id_stage_i","Source":"      IMMB_S3:     imm_b = imm_s3_type;","excluded":"1"}
,{"expanded":false,"Exclusion Rule Type":"Analysis Time","UNR":"none","Index":"36","Blk Type":"a case item of","Src Start Line":"637","Score":"0","Enclosing Entity":"uvmt_cv32_tb.dut_wrap.cv32e40p_wrapper_i.core_i.id_stage_i","Source":"      IMMB_VS:     imm_b = imm_vs_type;","excluded":"1"}
,{"expanded":false,"Exclusion Rule Type":"Analysis Time","UNR":"none","Index":"37","Blk Type":"a case item of","Src Start Line":"638","Score":"0","Enclosing Entity":"uvmt_cv32_tb.dut_wrap.cv32e40p_wrapper_i.core_i.id_stage_i","Source":"      IMMB_VU:     imm_b = imm_vu_type;","excluded":"1"}
,{"expanded":false,"Exclusion Rule Type":"Analysis Time","UNR":"none","Index":"38","Blk Type":"a case item of","Src Start Line":"639","Score":"0","Enclosing Entity":"uvmt_cv32_tb.dut_wrap.cv32e40p_wrapper_i.core_i.id_stage_i","Source":"      IMMB_SHUF:   imm_b = imm_shuffle_type;","excluded":"1"}
,{"expanded":false,"Exclusion Rule Type":"Analysis Time","UNR":"none","Index":"39","Blk Type":"a case item of","Src Start Line":"640","Score":"0","Enclosing Entity":"uvmt_cv32_tb.dut_wrap.cv32e40p_wrapper_i.core_i.id_stage_i","Source":"      IMMB_CLIP:   imm_b = {1'b0, imm_clip_type[31:1]};","excluded":"1"}
,{"expanded":false,"Exclusion Rule Type":"None","UNR":"none","Index":"40","Blk Type":"a case item of","Src Start Line":"641","Score":"1","Enclosing Entity":"uvmt_cv32_tb.dut_wrap.cv32e40p_wrapper_i.core_i.id_stage_i","Source":"      default:     imm_b = imm_i_type;"}
,{"expanded":false,"Exclusion Rule Type":"None","UNR":"none","Index":"41","Blk Type":"code block","Src Start Line":"646","Score":"1","Enclosing Entity":"uvmt_cv32_tb.dut_wrap.cv32e40p_wrapper_i.core_i.id_stage_i","Source":"  always_comb begin : alu_operand_b_mux"}
,{"expanded":false,"Exclusion Rule Type":"Analysis Time","UNR":"none","Index":"42","Blk Type":"a case item of","Src Start Line":"648","Score":"0","Enclosing Entity":"uvmt_cv32_tb.dut_wrap.cv32e40p_wrapper_i.core_i.id_stage_i","Source":"      OP_B_REGA_OR_FWD:  operand_b = operand_a_fw_id;","excluded":"1"}
,{"expanded":false,"Exclusion Rule Type":"None","UNR":"none","Index":"43","Blk Type":"a case item of","Src Start Line":"649","Score":"1","Enclosing Entity":"uvmt_cv32_tb.dut_wrap.cv32e40p_wrapper_i.core_i.id_stage_i","Source":"      OP_B_REGB_OR_FWD:  operand_b = operand_b_fw_id;"}
,{"expanded":false,"Exclusion Rule Type":"None","UNR":"none","Index":"44","Blk Type":"a case item of","Src Start Line":"650","Score":"1","Enclosing Entity":"uvmt_cv32_tb.dut_wrap.cv32e40p_wrapper_i.core_i.id_stage_i","Source":"      OP_B_REGC_OR_FWD:  operand_b = operand_c_fw_id;"}
,{"expanded":false,"Exclusion Rule Type":"None","UNR":"none","Index":"45","Blk Type":"a case item of","Src Start Line":"651","Score":"1","Enclosing Entity":"uvmt_cv32_tb.dut_wrap.cv32e40p_wrapper_i.core_i.id_stage_i","Source":"      OP_B_IMM:          operand_b = imm_b;"}
,{"expanded":false,"Exclusion Rule Type":"Analysis Time","UNR":"none","Index":"46","Blk Type":"a case item of","Src Start Line":"652","Score":"0","Enclosing Entity":"uvmt_cv32_tb.dut_wrap.cv32e40p_wrapper_i.core_i.id_stage_i","Source":"      OP_B_BMASK:        operand_b = $unsigned(operand_b_fw_id[4:0]);","excluded":"1"}
,{"expanded":false,"Exclusion Rule Type":"None","UNR":"none","Index":"47","Blk Type":"a case item of","Src Start Line":"653","Score":"1","Enclosing Entity":"uvmt_cv32_tb.dut_wrap.cv32e40p_wrapper_i.core_i.id_stage_i","Source":"      default:           operand_b = operand_b_fw_id;"}
,{"expanded":false,"Exclusion Rule Type":"None","UNR":"none","Index":"48","Blk Type":"code block","Src Start Line":"659","Score":"1","Enclosing Entity":"uvmt_cv32_tb.dut_wrap.cv32e40p_wrapper_i.core_i.id_stage_i","Source":"  always_comb begin"}
,{"expanded":false,"Exclusion Rule Type":"Analysis Time","UNR":"none","Index":"49","Blk Type":"true part of","Src Start Line":"660","Score":"0","Enclosing Entity":"uvmt_cv32_tb.dut_wrap.cv32e40p_wrapper_i.core_i.id_stage_i","Source":"    if (alu_vec_mode == VEC_MODE8) begin","excluded":"1"}
,{"expanded":false,"Exclusion Rule Type":"None","UNR":"none","Index":"50","Blk Type":"false part of","Src Start Line":"663","Score":"1","Enclosing Entity":"uvmt_cv32_tb.dut_wrap.cv32e40p_wrapper_i.core_i.id_stage_i","Source":"    end else begin"}
,{"expanded":false,"Exclusion Rule Type":"None","UNR":"none","Index":"51","Blk Type":"code block","Src Start Line":"674","Score":"1","Enclosing Entity":"uvmt_cv32_tb.dut_wrap.cv32e40p_wrapper_i.core_i.id_stage_i","Source":"  always_comb begin : operand_b_fw_mux"}
,{"expanded":false,"Exclusion Rule Type":"None","UNR":"none","Index":"52","Blk Type":"a case item of","Src Start Line":"676","Score":"1","Enclosing Entity":"uvmt_cv32_tb.dut_wrap.cv32e40p_wrapper_i.core_i.id_stage_i","Source":"      SEL_FW_EX:    operand_b_fw_id = regfile_alu_wdata_fw_i;"}
,{"expanded":false,"Exclusion Rule Type":"None","UNR":"none","Index":"53","Blk Type":"a case item of","Src Start Line":"677","Score":"1","Enclosing Entity":"uvmt_cv32_tb.dut_wrap.cv32e40p_wrapper_i.core_i.id_stage_i","Source":"      SEL_FW_WB:    operand_b_fw_id = regfile_wdata_wb_i;"}
,{"expanded":false,"Exclusion Rule Type":"None","UNR":"none","Index":"54","Blk Type":"a case item of","Src Start Line":"678","Score":"1","Enclosing Entity":"uvmt_cv32_tb.dut_wrap.cv32e40p_wrapper_i.core_i.id_stage_i","Source":"      SEL_REGFILE:  operand_b_fw_id = regfile_data_rb_id;"}
,{"expanded":false,"Exclusion Rule Type":"None","UNR":"none","Index":"55","Blk Type":"a case item of","Src Start Line":"679","Score":"1","Enclosing Entity":"uvmt_cv32_tb.dut_wrap.cv32e40p_wrapper_i.core_i.id_stage_i","Source":"      default:      operand_b_fw_id = regfile_data_rb_id;"}
,{"expanded":false,"Exclusion Rule Type":"None","UNR":"none","Index":"56","Blk Type":"code block","Src Start Line":"680","Score":"1","Enclosing Entity":"uvmt_cv32_tb.dut_wrap.cv32e40p_wrapper_i.core_i.id_stage_i","Source":"    endcase; // case (operand_b_fw_mux_sel)"}
,{"expanded":false,"Exclusion Rule Type":"None","UNR":"none","Index":"57","Blk Type":"code block","Src Start Line":"694","Score":"1","Enclosing Entity":"uvmt_cv32_tb.dut_wrap.cv32e40p_wrapper_i.core_i.id_stage_i","Source":"  always_comb begin : alu_operand_c_mux"}
,{"expanded":false,"Exclusion Rule Type":"None","UNR":"none","Index":"58","Blk Type":"a case item of","Src Start Line":"696","Score":"1","Enclosing Entity":"uvmt_cv32_tb.dut_wrap.cv32e40p_wrapper_i.core_i.id_stage_i","Source":"      OP_C_REGC_OR_FWD:  operand_c = operand_c_fw_id;"}
,{"expanded":false,"Exclusion Rule Type":"None","UNR":"none","Index":"59","Blk Type":"a case item of","Src Start Line":"697","Score":"1","Enclosing Entity":"uvmt_cv32_tb.dut_wrap.cv32e40p_wrapper_i.core_i.id_stage_i","Source":"      OP_C_REGB_OR_FWD:  operand_c = operand_b_fw_id;"}
,{"expanded":false,"Exclusion Rule Type":"None","UNR":"none","Index":"60","Blk Type":"a case item of","Src Start Line":"698","Score":"1","Enclosing Entity":"uvmt_cv32_tb.dut_wrap.cv32e40p_wrapper_i.core_i.id_stage_i","Source":"      OP_C_JT:           operand_c = jump_target;"}
,{"expanded":false,"Exclusion Rule Type":"None","UNR":"none","Index":"61","Blk Type":"a case item of","Src Start Line":"699","Score":"1","Enclosing Entity":"uvmt_cv32_tb.dut_wrap.cv32e40p_wrapper_i.core_i.id_stage_i","Source":"      default:           operand_c = operand_c_fw_id;"}
,{"expanded":false,"Exclusion Rule Type":"None","UNR":"none","Index":"62","Blk Type":"code block","Src Start Line":"705","Score":"1","Enclosing Entity":"uvmt_cv32_tb.dut_wrap.cv32e40p_wrapper_i.core_i.id_stage_i","Source":"  always_comb begin"}
,{"expanded":false,"Exclusion Rule Type":"Analysis Time","UNR":"none","Index":"63","Blk Type":"true part of","Src Start Line":"706","Score":"0","Enclosing Entity":"uvmt_cv32_tb.dut_wrap.cv32e40p_wrapper_i.core_i.id_stage_i","Source":"    if (alu_vec_mode == VEC_MODE8) begin","excluded":"1"}
,{"expanded":false,"Exclusion Rule Type":"None","UNR":"none","Index":"64","Blk Type":"false part of","Src Start Line":"708","Score":"1","Enclosing Entity":"uvmt_cv32_tb.dut_wrap.cv32e40p_wrapper_i.core_i.id_stage_i","Source":"    end else begin"}
,{"expanded":false,"Exclusion Rule Type":"None","UNR":"none","Index":"65","Blk Type":"code block","Src Start Line":"718","Score":"1","Enclosing Entity":"uvmt_cv32_tb.dut_wrap.cv32e40p_wrapper_i.core_i.id_stage_i","Source":"  always_comb begin : operand_c_fw_mux"}
,{"expanded":false,"Exclusion Rule Type":"None","UNR":"none","Index":"66","Blk Type":"a case item of","Src Start Line":"720","Score":"1","Enclosing Entity":"uvmt_cv32_tb.dut_wrap.cv32e40p_wrapper_i.core_i.id_stage_i","Source":"      SEL_FW_EX:    operand_c_fw_id = regfile_alu_wdata_fw_i;"}
,{"expanded":false,"Exclusion Rule Type":"None","UNR":"none","Index":"67","Blk Type":"a case item of","Src Start Line":"721","Score":"1","Enclosing Entity":"uvmt_cv32_tb.dut_wrap.cv32e40p_wrapper_i.core_i.id_stage_i","Source":"      SEL_FW_WB:    operand_c_fw_id = regfile_wdata_wb_i;"}
,{"expanded":false,"Exclusion Rule Type":"None","UNR":"none","Index":"68","Blk Type":"a case item of","Src Start Line":"722","Score":"1","Enclosing Entity":"uvmt_cv32_tb.dut_wrap.cv32e40p_wrapper_i.core_i.id_stage_i","Source":"      SEL_REGFILE:  operand_c_fw_id = regfile_data_rc_id;"}
,{"expanded":false,"Exclusion Rule Type":"None","UNR":"none","Index":"69","Blk Type":"a case item of","Src Start Line":"723","Score":"1","Enclosing Entity":"uvmt_cv32_tb.dut_wrap.cv32e40p_wrapper_i.core_i.id_stage_i","Source":"      default:      operand_c_fw_id = regfile_data_rc_id;"}
,{"expanded":false,"Exclusion Rule Type":"None","UNR":"none","Index":"70","Blk Type":"code block","Src Start Line":"724","Score":"1","Enclosing Entity":"uvmt_cv32_tb.dut_wrap.cv32e40p_wrapper_i.core_i.id_stage_i","Source":"    endcase; // case (operand_c_fw_mux_sel)"}
,{"expanded":false,"Exclusion Rule Type":"None","UNR":"none","Index":"71","Blk Type":"code block","Src Start Line":"737","Score":"1","Enclosing Entity":"uvmt_cv32_tb.dut_wrap.cv32e40p_wrapper_i.core_i.id_stage_i","Source":"  always_comb begin"}
,{"expanded":false,"Exclusion Rule Type":"None","UNR":"none","Index":"72","Blk Type":"a case item of","Src Start Line":"739","Score":"1","Enclosing Entity":"uvmt_cv32_tb.dut_wrap.cv32e40p_wrapper_i.core_i.id_stage_i","Source":"      BMASK_A_ZERO: bmask_a_id_imm = '0;"}
,{"expanded":false,"Exclusion Rule Type":"Analysis Time","UNR":"none","Index":"73","Blk Type":"a case item of","Src Start Line":"740","Score":"0","Enclosing Entity":"uvmt_cv32_tb.dut_wrap.cv32e40p_wrapper_i.core_i.id_stage_i","Source":"      BMASK_A_S3:   bmask_a_id_imm = imm_s3_type[4:0];","excluded":"1"}
,{"expanded":false,"Exclusion Rule Type":"None","UNR":"none","Index":"74","Blk Type":"code block","Src Start Line":"743","Score":"1","Enclosing Entity":"uvmt_cv32_tb.dut_wrap.cv32e40p_wrapper_i.core_i.id_stage_i","Source":"  always_comb begin"}
,{"expanded":false,"Exclusion Rule Type":"None","UNR":"none","Index":"75","Blk Type":"a case item of","Src Start Line":"745","Score":"1","Enclosing Entity":"uvmt_cv32_tb.dut_wrap.cv32e40p_wrapper_i.core_i.id_stage_i","Source":"      BMASK_B_ZERO: bmask_b_id_imm = '0;"}
,{"expanded":false,"Exclusion Rule Type":"Analysis Time","UNR":"none","Index":"76","Blk Type":"a case item of","Src Start Line":"746","Score":"0","Enclosing Entity":"uvmt_cv32_tb.dut_wrap.cv32e40p_wrapper_i.core_i.id_stage_i","Source":"      BMASK_B_ONE:  bmask_b_id_imm = 5'd1;","excluded":"1"}
,{"expanded":false,"Exclusion Rule Type":"Analysis Time","UNR":"none","Index":"77","Blk Type":"a case item of","Src Start Line":"747","Score":"0","Enclosing Entity":"uvmt_cv32_tb.dut_wrap.cv32e40p_wrapper_i.core_i.id_stage_i","Source":"      BMASK_B_S2:   bmask_b_id_imm = imm_s2_type[4:0];","excluded":"1"}
,{"expanded":false,"Exclusion Rule Type":"Analysis Time","UNR":"none","Index":"78","Blk Type":"a case item of","Src Start Line":"748","Score":"0","Enclosing Entity":"uvmt_cv32_tb.dut_wrap.cv32e40p_wrapper_i.core_i.id_stage_i","Source":"      BMASK_B_S3:   bmask_b_id_imm = imm_s3_type[4:0];","excluded":"1"}
,{"expanded":false,"Exclusion Rule Type":"None","UNR":"none","Index":"79","Blk Type":"code block","Src Start Line":"752","Score":"1","Enclosing Entity":"uvmt_cv32_tb.dut_wrap.cv32e40p_wrapper_i.core_i.id_stage_i","Source":"  always_comb begin"}
,{"expanded":false,"Exclusion Rule Type":"None","UNR":"none","Index":"80","Blk Type":"a case item of","Src Start Line":"754","Score":"1","Enclosing Entity":"uvmt_cv32_tb.dut_wrap.cv32e40p_wrapper_i.core_i.id_stage_i","Source":"      BMASK_A_IMM: bmask_a_id = bmask_a_id_imm;"}
,{"expanded":false,"Exclusion Rule Type":"Analysis Time","UNR":"none","Index":"81","Blk Type":"a case item of","Src Start Line":"755","Score":"0","Enclosing Entity":"uvmt_cv32_tb.dut_wrap.cv32e40p_wrapper_i.core_i.id_stage_i","Source":"      BMASK_A_REG: bmask_a_id = operand_b_fw_id[9:5];","excluded":"1"}
,{"expanded":false,"Exclusion Rule Type":"None","UNR":"none","Index":"82","Blk Type":"code block","Src Start Line":"758","Score":"1","Enclosing Entity":"uvmt_cv32_tb.dut_wrap.cv32e40p_wrapper_i.core_i.id_stage_i","Source":"  always_comb begin"}
,{"expanded":false,"Exclusion Rule Type":"None","UNR":"none","Index":"83","Blk Type":"a case item of","Src Start Line":"760","Score":"1","Enclosing Entity":"uvmt_cv32_tb.dut_wrap.cv32e40p_wrapper_i.core_i.id_stage_i","Source":"      BMASK_B_IMM: bmask_b_id = bmask_b_id_imm;"}
,{"expanded":false,"Exclusion Rule Type":"Analysis Time","UNR":"none","Index":"84","Blk Type":"a case item of","Src Start Line":"761","Score":"0","Enclosing Entity":"uvmt_cv32_tb.dut_wrap.cv32e40p_wrapper_i.core_i.id_stage_i","Source":"      BMASK_B_REG: bmask_b_id = operand_b_fw_id[4:0];","excluded":"1"}
,{"expanded":false,"Exclusion Rule Type":"None","UNR":"none","Index":"85","Blk Type":"code block","Src Start Line":"768","Score":"1","Enclosing Entity":"uvmt_cv32_tb.dut_wrap.cv32e40p_wrapper_i.core_i.id_stage_i","Source":"  always_comb begin"}
,{"expanded":false,"Exclusion Rule Type":"None","UNR":"none","Index":"86","Blk Type":"a case item of","Src Start Line":"770","Score":"1","Enclosing Entity":"uvmt_cv32_tb.dut_wrap.cv32e40p_wrapper_i.core_i.id_stage_i","Source":"      MIMM_ZERO: mult_imm_id = '0;"}
,{"expanded":false,"Exclusion Rule Type":"Analysis Time","UNR":"none","Index":"87","Blk Type":"a case item of","Src Start Line":"771","Score":"0","Enclosing Entity":"uvmt_cv32_tb.dut_wrap.cv32e40p_wrapper_i.core_i.id_stage_i","Source":"      MIMM_S3:   mult_imm_id = imm_s3_type[4:0];","excluded":"1"}
,{"expanded":false,"Exclusion Rule Type":"None","UNR":"none","Index":"88","Blk Type":"code block","Src Start Line":"1430","Score":"1","Enclosing Entity":"uvmt_cv32_tb.dut_wrap.cv32e40p_wrapper_i.core_i.id_stage_i","Source":"  begin : ID_EX_PIPE_REGISTERS"}
,{"expanded":false,"Exclusion Rule Type":"None","UNR":"none","Index":"89","Blk Type":"true part of","Src Start Line":"1432","Score":"1","Enclosing Entity":"uvmt_cv32_tb.dut_wrap.cv32e40p_wrapper_i.core_i.id_stage_i","Source":"    begin"}
,{"expanded":false,"Exclusion Rule Type":"None","UNR":"none","Index":"90","Blk Type":"false part of","Src Start Line":"1498","Score":"1","Enclosing Entity":"uvmt_cv32_tb.dut_wrap.cv32e40p_wrapper_i.core_i.id_stage_i","Source":"    else if (data_misaligned_i) begin"}
,{"expanded":false,"Exclusion Rule Type":"None","UNR":"none","Index":"91","Blk Type":"true part of","Src Start Line":"1498","Score":"1","Enclosing Entity":"uvmt_cv32_tb.dut_wrap.cv32e40p_wrapper_i.core_i.id_stage_i","Source":"    else if (data_misaligned_i) begin"}
,{"expanded":false,"Exclusion Rule Type":"None","UNR":"none","Index":"92","Blk Type":"true part of","Src Start Line":"1501","Score":"1","Enclosing Entity":"uvmt_cv32_tb.dut_wrap.cv32e40p_wrapper_i.core_i.id_stage_i","Source":"      begin // misaligned access case, only unstall alu operands"}
,{"expanded":false,"Exclusion Rule Type":"None","UNR":"none","Index":"93","Blk Type":"true part of","Src Start Line":"1507","Score":"1","Enclosing Entity":"uvmt_cv32_tb.dut_wrap.cv32e40p_wrapper_i.core_i.id_stage_i","Source":"        begin"}
,{"expanded":false,"Exclusion Rule Type":"Analysis Time","UNR":"none","Index":"94","Blk Type":"implicit else","Src Start Line":"1506","Score":"0","Enclosing Entity":"uvmt_cv32_tb.dut_wrap.cv32e40p_wrapper_i.core_i.id_stage_i","Source":"        if (prepost_useincr_ex_o == 1'b1)","excluded":"1"}
,{"expanded":false,"Exclusion Rule Type":"None","UNR":"none","Index":"95","Blk Type":"code block","Src Start Line":"1511","Score":"1","Enclosing Entity":"uvmt_cv32_tb.dut_wrap.cv32e40p_wrapper_i.core_i.id_stage_i","Source":"        alu_operand_b_ex_o          <= 32'h4;"}
,{"expanded":false,"Exclusion Rule Type":"None","UNR":"none","Index":"96","Blk Type":"implicit else","Src Start Line":"1500","Score":"1","Enclosing Entity":"uvmt_cv32_tb.dut_wrap.cv32e40p_wrapper_i.core_i.id_stage_i","Source":"      if (ex_ready_i)"}
,{"expanded":false,"Exclusion Rule Type":"None","UNR":"none","Index":"97","Blk Type":"false part of","Src Start Line":"1517","Score":"1","Enclosing Entity":"uvmt_cv32_tb.dut_wrap.cv32e40p_wrapper_i.core_i.id_stage_i","Source":"    end else if (mult_multicycle_i) begin"}
,{"expanded":false,"Exclusion Rule Type":"None","UNR":"none","Index":"98","Blk Type":"true part of","Src Start Line":"1517","Score":"1","Enclosing Entity":"uvmt_cv32_tb.dut_wrap.cv32e40p_wrapper_i.core_i.id_stage_i","Source":"    end else if (mult_multicycle_i) begin"}
,{"expanded":false,"Exclusion Rule Type":"None","UNR":"none","Index":"99","Blk Type":"false part of","Src Start Line":"1520","Score":"1","Enclosing Entity":"uvmt_cv32_tb.dut_wrap.cv32e40p_wrapper_i.core_i.id_stage_i","Source":"    else begin"}
,{"expanded":false,"Exclusion Rule Type":"None","UNR":"none","Index":"100","Blk Type":"true part of","Src Start Line":"1524","Score":"1","Enclosing Entity":"uvmt_cv32_tb.dut_wrap.cv32e40p_wrapper_i.core_i.id_stage_i","Source":"      begin // unstall the whole pipeline"}
,{"expanded":false,"Exclusion Rule Type":"None","UNR":"none","Index":"101","Blk Type":"true part of","Src Start Line":"1527","Score":"1","Enclosing Entity":"uvmt_cv32_tb.dut_wrap.cv32e40p_wrapper_i.core_i.id_stage_i","Source":"        begin"}
,{"expanded":false,"Exclusion Rule Type":"None","UNR":"none","Index":"102","Blk Type":"implicit else","Src Start Line":"1526","Score":"1","Enclosing Entity":"uvmt_cv32_tb.dut_wrap.cv32e40p_wrapper_i.core_i.id_stage_i","Source":"        if (alu_en)"}
,{"expanded":false,"Exclusion Rule Type":"None","UNR":"none","Index":"103","Blk Type":"code block","Src Start Line":"1541","Score":"1","Enclosing Entity":"uvmt_cv32_tb.dut_wrap.cv32e40p_wrapper_i.core_i.id_stage_i","Source":"        mult_en_ex_o                <= mult_en;"}
,{"expanded":false,"Exclusion Rule Type":"None","UNR":"none","Index":"104","Blk Type":"true part of","Src Start Line":"1542","Score":"1","Enclosing Entity":"uvmt_cv32_tb.dut_wrap.cv32e40p_wrapper_i.core_i.id_stage_i","Source":"        if (mult_int_en) begin"}
,{"expanded":false,"Exclusion Rule Type":"None","UNR":"none","Index":"105","Blk Type":"implicit else","Src Start Line":"1542","Score":"1","Enclosing Entity":"uvmt_cv32_tb.dut_wrap.cv32e40p_wrapper_i.core_i.id_stage_i","Source":"        if (mult_int_en) begin"}
,{"expanded":false,"Exclusion Rule Type":"None","UNR":"none","Index":"106","Blk Type":"code block","Src Start Line":"1551","Score":"1","Enclosing Entity":"uvmt_cv32_tb.dut_wrap.cv32e40p_wrapper_i.core_i.id_stage_i","Source":"        if (mult_dot_en) begin"}
,{"expanded":false,"Exclusion Rule Type":"Analysis Time","UNR":"none","Index":"107","Blk Type":"true part of","Src Start Line":"1551","Score":"0","Enclosing Entity":"uvmt_cv32_tb.dut_wrap.cv32e40p_wrapper_i.core_i.id_stage_i","Source":"        if (mult_dot_en) begin","excluded":"1"}
,{"expanded":false,"Exclusion Rule Type":"None","UNR":"none","Index":"108","Blk Type":"implicit else","Src Start Line":"1551","Score":"1","Enclosing Entity":"uvmt_cv32_tb.dut_wrap.cv32e40p_wrapper_i.core_i.id_stage_i","Source":"        if (mult_dot_en) begin"}
,{"expanded":false,"Exclusion Rule Type":"None","UNR":"none","Index":"109","Blk Type":"code block","Src Start Line":"1563","Score":"1","Enclosing Entity":"uvmt_cv32_tb.dut_wrap.cv32e40p_wrapper_i.core_i.id_stage_i","Source":"        apu_en_ex_o                 <= apu_en;"}
,{"expanded":false,"Exclusion Rule Type":"Analysis Time","UNR":"none","Index":"110","Blk Type":"true part of","Src Start Line":"1564","Score":"0","Enclosing Entity":"uvmt_cv32_tb.dut_wrap.cv32e40p_wrapper_i.core_i.id_stage_i","Source":"        if (apu_en) begin","excluded":"1"}
,{"expanded":false,"Exclusion Rule Type":"None","UNR":"none","Index":"111","Blk Type":"implicit else","Src Start Line":"1564","Score":"1","Enclosing Entity":"uvmt_cv32_tb.dut_wrap.cv32e40p_wrapper_i.core_i.id_stage_i","Source":"        if (apu_en) begin"}
,{"expanded":false,"Exclusion Rule Type":"None","UNR":"none","Index":"112","Blk Type":"code block","Src Start Line":"1572","Score":"1","Enclosing Entity":"uvmt_cv32_tb.dut_wrap.cv32e40p_wrapper_i.core_i.id_stage_i","Source":"        regfile_we_ex_o             <= regfile_we_id;"}
,{"expanded":false,"Exclusion Rule Type":"None","UNR":"none","Index":"113","Blk Type":"true part of","Src Start Line":"1573","Score":"1","Enclosing Entity":"uvmt_cv32_tb.dut_wrap.cv32e40p_wrapper_i.core_i.id_stage_i","Source":"        if (regfile_we_id) begin"}
,{"expanded":false,"Exclusion Rule Type":"None","UNR":"none","Index":"114","Blk Type":"implicit else","Src Start Line":"1573","Score":"1","Enclosing Entity":"uvmt_cv32_tb.dut_wrap.cv32e40p_wrapper_i.core_i.id_stage_i","Source":"        if (regfile_we_id) begin"}
,{"expanded":false,"Exclusion Rule Type":"None","UNR":"none","Index":"115","Blk Type":"code block","Src Start Line":"1577","Score":"1","Enclosing Entity":"uvmt_cv32_tb.dut_wrap.cv32e40p_wrapper_i.core_i.id_stage_i","Source":"        regfile_alu_we_ex_o         <= regfile_alu_we_id;"}
,{"expanded":false,"Exclusion Rule Type":"None","UNR":"none","Index":"116","Blk Type":"true part of","Src Start Line":"1578","Score":"1","Enclosing Entity":"uvmt_cv32_tb.dut_wrap.cv32e40p_wrapper_i.core_i.id_stage_i","Source":"        if (regfile_alu_we_id) begin"}
,{"expanded":false,"Exclusion Rule Type":"None","UNR":"none","Index":"117","Blk Type":"implicit else","Src Start Line":"1578","Score":"1","Enclosing Entity":"uvmt_cv32_tb.dut_wrap.cv32e40p_wrapper_i.core_i.id_stage_i","Source":"        if (regfile_alu_we_id) begin"}
,{"expanded":false,"Exclusion Rule Type":"None","UNR":"none","Index":"118","Blk Type":"code block","Src Start Line":"1582","Score":"1","Enclosing Entity":"uvmt_cv32_tb.dut_wrap.cv32e40p_wrapper_i.core_i.id_stage_i","Source":"        prepost_useincr_ex_o        <= prepost_useincr;"}
,{"expanded":false,"Exclusion Rule Type":"None","UNR":"none","Index":"119","Blk Type":"true part of","Src Start Line":"1589","Score":"1","Enclosing Entity":"uvmt_cv32_tb.dut_wrap.cv32e40p_wrapper_i.core_i.id_stage_i","Source":"        begin // only needed for LSU when there is an active request"}
,{"expanded":false,"Exclusion Rule Type":"None","UNR":"none","Index":"120","Blk Type":"false part of","Src Start Line":"1596","Score":"1","Enclosing Entity":"uvmt_cv32_tb.dut_wrap.cv32e40p_wrapper_i.core_i.id_stage_i","Source":"        end else begin"}
,{"expanded":false,"Exclusion Rule Type":"None","UNR":"none","Index":"121","Blk Type":"code block","Src Start Line":"1600","Score":"1","Enclosing Entity":"uvmt_cv32_tb.dut_wrap.cv32e40p_wrapper_i.core_i.id_stage_i","Source":"        data_misaligned_ex_o        <= 1'b0;"}
,{"expanded":false,"Exclusion Rule Type":"None","UNR":"none","Index":"122","Blk Type":"true part of","Src Start Line":"1602","Score":"1","Enclosing Entity":"uvmt_cv32_tb.dut_wrap.cv32e40p_wrapper_i.core_i.id_stage_i","Source":"        if ((ctrl_transfer_insn_in_id == BRANCH_COND) || data_req_id) begin"}
,{"expanded":false,"Exclusion Rule Type":"None","UNR":"none","Index":"123","Blk Type":"implicit else","Src Start Line":"1602","Score":"1","Enclosing Entity":"uvmt_cv32_tb.dut_wrap.cv32e40p_wrapper_i.core_i.id_stage_i","Source":"        if ((ctrl_transfer_insn_in_id == BRANCH_COND) || data_req_id) begin"}
,{"expanded":false,"Exclusion Rule Type":"None","UNR":"none","Index":"124","Blk Type":"code block","Src Start Line":"1606","Score":"1","Enclosing Entity":"uvmt_cv32_tb.dut_wrap.cv32e40p_wrapper_i.core_i.id_stage_i","Source":"        branch_in_ex_o              <= ctrl_transfer_insn_in_id == BRANCH_COND;"}
,{"expanded":false,"Exclusion Rule Type":"None","UNR":"none","Index":"125","Blk Type":"false part of","Src Start Line":"1607","Score":"1","Enclosing Entity":"uvmt_cv32_tb.dut_wrap.cv32e40p_wrapper_i.core_i.id_stage_i","Source":"      end else if(ex_ready_i) begin"}
,{"expanded":false,"Exclusion Rule Type":"None","UNR":"none","Index":"126","Blk Type":"true part of","Src Start Line":"1607","Score":"1","Enclosing Entity":"uvmt_cv32_tb.dut_wrap.cv32e40p_wrapper_i.core_i.id_stage_i","Source":"      end else if(ex_ready_i) begin"}
,{"expanded":false,"Exclusion Rule Type":"None","UNR":"none","Index":"127","Blk Type":"false part of","Src Start Line":"1633","Score":"1","Enclosing Entity":"uvmt_cv32_tb.dut_wrap.cv32e40p_wrapper_i.core_i.id_stage_i","Source":"      end else if (csr_access_ex_o) begin"}
,{"expanded":false,"Exclusion Rule Type":"None","UNR":"none","Index":"128","Blk Type":"true part of","Src Start Line":"1633","Score":"1","Enclosing Entity":"uvmt_cv32_tb.dut_wrap.cv32e40p_wrapper_i.core_i.id_stage_i","Source":"      end else if (csr_access_ex_o) begin"}
,{"expanded":false,"Exclusion Rule Type":"None","UNR":"none","Index":"129","Blk Type":"implicit else","Src Start Line":"1633","Score":"1","Enclosing Entity":"uvmt_cv32_tb.dut_wrap.cv32e40p_wrapper_i.core_i.id_stage_i","Source":"      end else if (csr_access_ex_o) begin"}
,{"expanded":false,"Exclusion Rule Type":"None","UNR":"none","Index":"130","Blk Type":"code block","Src Start Line":"1654","Score":"1","Enclosing Entity":"uvmt_cv32_tb.dut_wrap.cv32e40p_wrapper_i.core_i.id_stage_i","Source":"    always_comb begin"}
,{"expanded":false,"Exclusion Rule Type":"Analysis Time","UNR":"none","Index":"131","Blk Type":"true part of","Src Start Line":"1655","Score":"0","Enclosing Entity":"uvmt_cv32_tb.dut_wrap.cv32e40p_wrapper_i.core_i.id_stage_i","Source":"      if (FPU==1) begin","excluded":"1"}
,{"expanded":false,"Exclusion Rule Type":"None","UNR":"none","Index":"132","Blk Type":"implicit else","Src Start Line":"1655","Score":"1","Enclosing Entity":"uvmt_cv32_tb.dut_wrap.cv32e40p_wrapper_i.core_i.id_stage_i","Source":"      if (FPU==1) begin"}
],"assertion_items"
:[{"expanded":false,"Exclusion Rule Type":"None","UNR":"none","title":"a_illegal_2","All Average Grd":"100%","Assertion Status Grd":"100%","Enclosing Entity":"uvmt_cv32_tb.dut_wrap.cv32e40p_wrapper_i.core_i.id_stage_i","Source":"    a_illegal_2 : assert property(p_illegal_2);"}
,{"expanded":false,"Exclusion Rule Type":"None","UNR":"none","title":"a_xret_csr","All Average Grd":"100%","Assertion Status Grd":"100%","Enclosing Entity":"uvmt_cv32_tb.dut_wrap.cv32e40p_wrapper_i.core_i.id_stage_i","Source":"    a_xret_csr : assert property(p_xret_csr);"}
,{"expanded":false,"Exclusion Rule Type":"None","UNR":"none","title":"a_irq_csr","All Average Grd":"100%","Assertion Status Grd":"100%","Enclosing Entity":"uvmt_cv32_tb.dut_wrap.cv32e40p_wrapper_i.core_i.id_stage_i","Source":"    a_irq_csr : assert property(p_irq_csr);"}
,{"expanded":false,"Exclusion Rule Type":"None","UNR":"none","title":"a_branch_taken_ex","All Average Grd":"100%","Assertion Status Grd":"100%","Enclosing Entity":"uvmt_cv32_tb.dut_wrap.cv32e40p_wrapper_i.core_i.id_stage_i","Source":"    a_branch_taken_ex : assert property(p_branch_taken_ex);"}
,{"expanded":false,"Exclusion Rule Type":"None","UNR":"none","title":"a_valid_instr","All Average Grd":"100%","Assertion Status Grd":"100%","Enclosing Entity":"uvmt_cv32_tb.dut_wrap.cv32e40p_wrapper_i.core_i.id_stage_i","Source":"    a_valid_instr : assert property ("}
,{"expanded":false,"Exclusion Rule Type":"None","UNR":"none","title":"a_br_decision","All Average Grd":"100%","Assertion Status Grd":"100%","Enclosing Entity":"uvmt_cv32_tb.dut_wrap.cv32e40p_wrapper_i.core_i.id_stage_i","Source":"    a_br_decision : assert property ("}
,{"expanded":false,"Exclusion Rule Type":"Analysis Time","UNR":"none","title":"__assert_1","All Average Grd":"n/a","Assertion Status Grd":"0%","Enclosing Entity":"uvmt_cv32_tb.dut_wrap.cv32e40p_wrapper_i.core_i.id_stage_i","Source":"        assert (APU_NDSFLAGS_CPU >= C_RM+2*C_FPNEW_FMTBITS+C_FPNEW_IFMTBITS)","excluded":"1"}
]
,"expression_items":[{"expanded":false,"expanded":false,"Exclusion Rule Type":"None","UNR":"none","Index":"1","All Average Grd":"100%","All Cov":"1 / 1 (100%)","Src Start Line":"507","Enclosing Entity":"uvmt_cv32_tb.dut_wrap.cv32e40p_wrapper_i.core_i.id_stage_i","Source":"  assign fregfile_ena = FPU && !PULP_ZFINX ? 1'b1 : 1'b0;"
,"subitems":[{"expanded":false,"expanded":false,"Exclusion Rule Type":"None","UNR":"none","Index":"1","All Average Grd":"100%","All Cov":"1 / 1 (100%)","Source":"  assign fregfile_ena = FPU && !PULP_ZFINX ? 1'b1 : 1'b0;","table_type":"cov"
,"subitems":[{"title":"1;0","expanded":false,"Exclusion Rule Type":"Simulation-Const","UNR":"none","Score":"0","Out":"1","excluded":"1"}
,{"title":"-;1","expanded":false,"Exclusion Rule Type":"Simulation-Const","UNR":"none","Score":"0","Out":"0","excluded":"1"}
,{"title":"0;-","expanded":false,"Exclusion Rule Type":"None","UNR":"none","Score":"1","Out":"0"}
],"cov_table_title":"Coverage Table with Output","header":"(FPU && (! PULP_ZFINX))","columns":"FPU;PULP_ZFINX"}
]}
,{"expanded":false,"expanded":false,"Exclusion Rule Type":"None","UNR":"none","Index":"2","All Average Grd":"100%","All Cov":"3 / 3 (100%)","Src Start Line":"1602","Enclosing Entity":"uvmt_cv32_tb.dut_wrap.cv32e40p_wrapper_i.core_i.id_stage_i","Source":"        if ((ctrl_transfer_insn_in_id == BRANCH_COND) || data_req_id) begin"
,"subitems":[{"expanded":false,"expanded":false,"Exclusion Rule Type":"None","UNR":"none","Index":"1","All Average Grd":"100%","All Cov":"3 / 3 (100%)","Source":"        if ((ctrl_transfer_insn_in_id == BRANCH_COND) || data_req_id) begin","table_type":"cov"
,"subitems":[{"title":"1;-","expanded":false,"Exclusion Rule Type":"None","UNR":"none","Score":"1","Out":"n/a"}
,{"title":"-;1","expanded":false,"Exclusion Rule Type":"None","UNR":"none","Score":"1","Out":"n/a"}
,{"title":"0;0","expanded":false,"Exclusion Rule Type":"None","UNR":"none","Score":"1","Out":"n/a"}
],"cov_table_title":"Coverage Table","header":"(ctrl_transfer_insn_in_id == BRANCH_COND) || data_req_id","columns":"(ctrl_transfer_insn_in_id == BRANCH_COND);data_req_id"}
]}
]}
