{
"block_items":[{"expanded":false,"Exclusion Rule Type":"None","UNR":"none","Index":"5","Blk Type":"true part of","Src Start Line":"78","Score":"0","All Average Grd":"0%","Enclosing Entity":"uvmt_cv32_step_compare","Source":"      if (expected !== actual) begin"}
,{"expanded":false,"Exclusion Rule Type":"None","UNR":"none","Index":"6","Blk Type":"code block","Src Start Line":"80","Score":"0","All Average Grd":"0%","Enclosing Entity":"uvmt_cv32_step_compare","Source":"        `uvm_error(\"Step-and-Compare\", $sformatf(\"%s expected=0x%8h and actual=0x%8h PC=0x%8h\", compared, expected, actual, step_compare_if.ovp_cpu_PCr))"}
,{"expanded":false,"Exclusion Rule Type":"None","UNR":"none","Index":"7","Blk Type":"true part of","Src Start Line":"80","Score":"0","All Average Grd":"0%","Enclosing Entity":"uvmt_cv32_step_compare","Source":"        `uvm_error(\"Step-and-Compare\", $sformatf(\"%s expected=0x%8h and actual=0x%8h PC=0x%8h\", compared, expected, actual, step_compare_if.ovp_cpu_PCr))"}
,{"expanded":false,"Exclusion Rule Type":"None","UNR":"none","Index":"8","Blk Type":"implicit else","Src Start Line":"80","Score":"0","All Average Grd":"0%","Enclosing Entity":"uvmt_cv32_step_compare","Source":"        `uvm_error(\"Step-and-Compare\", $sformatf(\"%s expected=0x%8h and actual=0x%8h PC=0x%8h\", compared, expected, actual, step_compare_if.ovp_cpu_PCr))"}
,{"expanded":false,"Exclusion Rule Type":"None","UNR":"none","Index":"11","Blk Type":"true part of","Src Start Line":"82","Score":"0","All Average Grd":"0%","Enclosing Entity":"uvmt_cv32_step_compare","Source":"        `uvm_info(\"Step-and-Compare\", $sformatf(\"%s expected=0x%8h==actual\", compared, actual), UVM_DEBUG)"}
,{"expanded":false,"Exclusion Rule Type":"None","UNR":"none","Index":"15","Blk Type":"true part of","Src Start Line":"106","Score":"0","All Average Grd":"0%","Enclosing Entity":"uvmt_cv32_step_compare","Source":"      if (insn_regs_write_size > 1) begin"}
,{"expanded":false,"Exclusion Rule Type":"None","UNR":"none","Index":"16","Blk Type":"code block","Src Start Line":"107","Score":"0","All Average Grd":"0%","Enclosing Entity":"uvmt_cv32_step_compare","Source":"        `uvm_error(\"Step-and-Compare\",  $sformatf(\"Assume insn_regs_write size is 0 or 1 but is %0d\", insn_regs_write_size))"}
,{"expanded":false,"Exclusion Rule Type":"None","UNR":"none","Index":"17","Blk Type":"true part of","Src Start Line":"107","Score":"0","All Average Grd":"0%","Enclosing Entity":"uvmt_cv32_step_compare","Source":"        `uvm_error(\"Step-and-Compare\",  $sformatf(\"Assume insn_regs_write size is 0 or 1 but is %0d\", insn_regs_write_size))"}
,{"expanded":false,"Exclusion Rule Type":"None","UNR":"none","Index":"18","Blk Type":"implicit else","Src Start Line":"107","Score":"0","All Average Grd":"0%","Enclosing Entity":"uvmt_cv32_step_compare","Source":"        `uvm_error(\"Step-and-Compare\",  $sformatf(\"Assume insn_regs_write size is 0 or 1 but is %0d\", insn_regs_write_size))"}
,{"expanded":false,"Exclusion Rule Type":"None","UNR":"none","Index":"22","Blk Type":"true part of","Src Start Line":"112","Score":"0","All Average Grd":"0%","Enclosing Entity":"uvmt_cv32_step_compare","Source":"         `uvm_info(\"Step-and-Compare\", $sformatf(\"insn_regs_write queue[0] addr=0x%0x, value=0x%0x\", insn_regs_write_addr, insn_regs_write_value), UVM_DEBUG)"}
,{"expanded":false,"Exclusion Rule Type":"None","UNR":"none","Index":"33","Blk Type":"a case item of","Src Start Line":"133","Score":"0","All Average Grd":"0%","Enclosing Entity":"uvmt_cv32_step_compare","Source":"             \"minstret\"      : csr_val = `CV32E40P_CORE.cs_registers_i.mhpmcounter_q[`CV32E40P_CORE.cs_registers_i.csr_addr_i[4:0]][31:0];"}
,{"expanded":false,"Exclusion Rule Type":"None","UNR":"none","Index":"34","Blk Type":"a case item of","Src Start Line":"134","Score":"0","All Average Grd":"0%","Enclosing Entity":"uvmt_cv32_step_compare","Source":"             \"minstreth\"     : csr_val = `CV32E40P_CORE.cs_registers_i.mhpmcounter_q[`CV32E40P_CORE.cs_registers_i.csr_addr_i[4:0]][63:32];"}
,{"expanded":false,"Exclusion Rule Type":"None","UNR":"none","Index":"35","Blk Type":"a case item of","Src Start Line":"135","Score":"0","All Average Grd":"0%","Enclosing Entity":"uvmt_cv32_step_compare","Source":"             \"mcycle\"        : csr_val = `CV32E40P_CORE.cs_registers_i.mhpmcounter_q[`CV32E40P_CORE.cs_registers_i.csr_addr_i[4:0]][31:0];"}
,{"expanded":false,"Exclusion Rule Type":"None","UNR":"none","Index":"36","Blk Type":"a case item of","Src Start Line":"136","Score":"0","All Average Grd":"0%","Enclosing Entity":"uvmt_cv32_step_compare","Source":"             \"mcycleh\"       : csr_val = `CV32E40P_CORE.cs_registers_i.mhpmcounter_q[`CV32E40P_CORE.cs_registers_i.csr_addr_i[4:0]][63:32];"}
,{"expanded":false,"Exclusion Rule Type":"None","UNR":"none","Index":"53","Blk Type":"a case item of","Src Start Line":"164","Score":"0","All Average Grd":"0%","Enclosing Entity":"uvmt_cv32_step_compare","Source":"             \"mhartid\"       : csr_val = `CV32E40P_CORE.cs_registers_i.hart_id_i; "}
,{"expanded":false,"Exclusion Rule Type":"None","UNR":"none","Index":"55","Blk Type":"a case item of","Src Start Line":"166","Score":"0","All Average Grd":"0%","Enclosing Entity":"uvmt_cv32_step_compare","Source":"             \"dpc\"           : csr_val = `CV32E40P_CORE.cs_registers_i.depc_q;       "}
,{"expanded":false,"Exclusion Rule Type":"None","UNR":"none","Index":"56","Blk Type":"a case item of","Src Start Line":"167","Score":"0","All Average Grd":"0%","Enclosing Entity":"uvmt_cv32_step_compare","Source":"             \"dscratch0\"     : csr_val = `CV32E40P_CORE.cs_registers_i.dscratch0_q;"}
,{"expanded":false,"Exclusion Rule Type":"None","UNR":"none","Index":"57","Blk Type":"a case item of","Src Start Line":"168","Score":"0","All Average Grd":"0%","Enclosing Entity":"uvmt_cv32_step_compare","Source":"             \"dscratch1\"     : csr_val = `CV32E40P_CORE.cs_registers_i.dscratch1_q;"}
,{"expanded":false,"Exclusion Rule Type":"None","UNR":"none","Index":"58","Blk Type":"a case item of","Src Start Line":"169","Score":"0","All Average Grd":"0%","Enclosing Entity":"uvmt_cv32_step_compare","Source":"             \"pmpcfg0\"       : csr_val = `CV32E40P_CORE.cs_registers_i.pmp_reg_q.pmpcfg_packed[0];"}
,{"expanded":false,"Exclusion Rule Type":"None","UNR":"none","Index":"59","Blk Type":"a case item of","Src Start Line":"170","Score":"0","All Average Grd":"0%","Enclosing Entity":"uvmt_cv32_step_compare","Source":"             \"pmpcfg1\"       : csr_val = `CV32E40P_CORE.cs_registers_i.pmp_reg_q.pmpcfg_packed[1];"}
,{"expanded":false,"Exclusion Rule Type":"None","UNR":"none","Index":"60","Blk Type":"a case item of","Src Start Line":"171","Score":"0","All Average Grd":"0%","Enclosing Entity":"uvmt_cv32_step_compare","Source":"             \"pmpcfg2\"       : csr_val = `CV32E40P_CORE.cs_registers_i.pmp_reg_q.pmpcfg_packed[2];"}
,{"expanded":false,"Exclusion Rule Type":"None","UNR":"none","Index":"61","Blk Type":"a case item of","Src Start Line":"172","Score":"0","All Average Grd":"0%","Enclosing Entity":"uvmt_cv32_step_compare","Source":"             \"pmpcfg3\"       : csr_val = `CV32E40P_CORE.cs_registers_i.pmp_reg_q.pmpcfg_packed[3];"}
,{"expanded":false,"Exclusion Rule Type":"None","UNR":"none","Index":"62","Blk Type":"a case item of","Src Start Line":"173","Score":"0","All Average Grd":"0%","Enclosing Entity":"uvmt_cv32_step_compare","Source":"             \"tselect\"       : csr_val = 32'h0000_0000;"}
,{"expanded":false,"Exclusion Rule Type":"None","UNR":"none","Index":"64","Blk Type":"a case item of","Src Start Line":"175","Score":"0","All Average Grd":"0%","Enclosing Entity":"uvmt_cv32_step_compare","Source":"             \"tdata2\"        : csr_val = `CV32E40P_CORE.cs_registers_i.tmatch_value_rdata;"}
,{"expanded":false,"Exclusion Rule Type":"None","UNR":"none","Index":"65","Blk Type":"a case item of","Src Start Line":"176","Score":"0","All Average Grd":"0%","Enclosing Entity":"uvmt_cv32_step_compare","Source":"             \"tdata3\"        : csr_val = 32'h0000_0000;"}
,{"expanded":false,"Exclusion Rule Type":"None","UNR":"none","Index":"68","Blk Type":"a case item of","Src Start Line":"179","Score":"0","All Average Grd":"0%","Enclosing Entity":"uvmt_cv32_step_compare","Source":"             default: begin"}
,{"expanded":false,"Exclusion Rule Type":"None","UNR":"none","Index":"69","Blk Type":"code block","Src Start Line":"180","Score":"0","All Average Grd":"0%","Enclosing Entity":"uvmt_cv32_step_compare","Source":"                `uvm_error(\"STEP_COMPARE\", $sformatf(\"index=%s does not match a CSR name\", index))"}
,{"expanded":false,"Exclusion Rule Type":"None","UNR":"none","Index":"70","Blk Type":"true part of","Src Start Line":"180","Score":"0","All Average Grd":"0%","Enclosing Entity":"uvmt_cv32_step_compare","Source":"                `uvm_error(\"STEP_COMPARE\", $sformatf(\"index=%s does not match a CSR name\", index))"}
,{"expanded":false,"Exclusion Rule Type":"None","UNR":"none","Index":"71","Blk Type":"implicit else","Src Start Line":"180","Score":"0","All Average Grd":"0%","Enclosing Entity":"uvmt_cv32_step_compare","Source":"                `uvm_error(\"STEP_COMPARE\", $sformatf(\"index=%s does not match a CSR name\", index))"}
,{"expanded":false,"Exclusion Rule Type":"None","UNR":"none","Index":"72","Blk Type":"code block","Src Start Line":"181","Score":"0","All Average Grd":"0%","Enclosing Entity":"uvmt_cv32_step_compare","Source":"                ignore = 1;"}
,{"expanded":false,"Exclusion Rule Type":"None","UNR":"none","Index":"102","Blk Type":"implicit else","Src Start Line":"262","Score":"0","All Average Grd":"0%","Enclosing Entity":"uvmt_cv32_step_compare","Source":"            `uvm_info(\"Step-and-Compare\", $sformatf(\"Compared %0d instructions\", instruction_count), UVM_NONE)"}
,{"expanded":false,"Exclusion Rule Type":"None","UNR":"none","Index":"105","Blk Type":"true part of","Src Start Line":"264","Score":"0","All Average Grd":"0%","Enclosing Entity":"uvmt_cv32_step_compare","Source":"         if (instruction_count >= 1_000_000) begin"}
,{"expanded":false,"Exclusion Rule Type":"None","UNR":"none","Index":"106","Blk Type":"code block","Src Start Line":"265","Score":"0","All Average Grd":"0%","Enclosing Entity":"uvmt_cv32_step_compare","Source":"            `uvm_fatal(\"Step-and-Compare\", $sformatf(\"Compared %0d instructions - that's too long!\", instruction_count))"}
,{"expanded":false,"Exclusion Rule Type":"None","UNR":"none","Index":"107","Blk Type":"true part of","Src Start Line":"265","Score":"0","All Average Grd":"0%","Enclosing Entity":"uvmt_cv32_step_compare","Source":"            `uvm_fatal(\"Step-and-Compare\", $sformatf(\"Compared %0d instructions - that's too long!\", instruction_count))"}
,{"expanded":false,"Exclusion Rule Type":"None","UNR":"none","Index":"108","Blk Type":"implicit else","Src Start Line":"265","Score":"0","All Average Grd":"0%","Enclosing Entity":"uvmt_cv32_step_compare","Source":"            `uvm_fatal(\"Step-and-Compare\", $sformatf(\"Compared %0d instructions - that's too long!\", instruction_count))"}
]
,"expression_items":[{"expanded":false,"expanded":false,"Exclusion Rule Type":"None","Index":"2","All Average Grd":"66.67%","All Cov":"2 / 3 (66.67%)","Src Start Line":"233","Enclosing Entity":"uvmt_cv32_step_compare","Source":"        if (ret_ovp && ret_rtl) begin"
,"subitems":[{"expanded":false,"expanded":false,"Exclusion Rule Type":"None","Index":"1","All Average Grd":"66.67%","All Cov":"2 / 3 (66.67%)","Source":"        if (ret_ovp && ret_rtl) begin","table_type":"cov"
,"subitems":[{"title":"0;-","expanded":false,"Exclusion Rule Type":"None","UNR":"none","Score":"1","Out":"n/a"}
,{"title":"-;0","expanded":false,"Exclusion Rule Type":"None","UNR":"none","Score":"0","Out":"n/a"}
,{"title":"1;1","expanded":false,"Exclusion Rule Type":"None","UNR":"none","Score":"1","Out":"n/a"}
],"cov_table_title":"Coverage Table","header":"ret_ovp && ret_rtl","columns":"ret_ovp;ret_rtl"}
]}
]}
