{
"block_items":[{"expanded":false,"Exclusion Rule Type":"None","UNR":"none","Index":"5","Blk Type":"a case item of","Src Start Line":"82","Score":"0","All Average Grd":"0%","Enclosing Entity":"riscv_random_interrupt_generator","Source":"        begin"}
,{"expanded":false,"Exclusion Rule Type":"None","UNR":"none","Index":"6","Blk Type":"a case item of","Src Start Line":"88","Score":"0","All Average Grd":"0%","Enclosing Entity":"riscv_random_interrupt_generator","Source":"        begin"}
,{"expanded":false,"Exclusion Rule Type":"None","UNR":"none","Index":"11","Blk Type":"code block","Src Start Line":"116","Score":"0","All Average Grd":"0%","Enclosing Entity":"riscv_random_interrupt_generator","Source":"        wait(irq_mode_q == RANDOM);"}
,{"expanded":false,"Exclusion Rule Type":"None","UNR":"none","Index":"12","Blk Type":"code block","Src Start Line":"117","Score":"0","All Average Grd":"0%","Enclosing Entity":"riscv_random_interrupt_generator","Source":"        min_irq_id     = irq_min_id_i;"}
,{"expanded":false,"Exclusion Rule Type":"None","UNR":"none","Index":"13","Blk Type":"code block","Src Start Line":"130","Score":"0","All Average Grd":"0%","Enclosing Entity":"riscv_random_interrupt_generator","Source":"        while(wait_cycles.n != 0) begin"}
,{"expanded":false,"Exclusion Rule Type":"None","UNR":"none","Index":"14","Blk Type":"code block","Src Start Line":"131","Score":"0","All Average Grd":"0%","Enclosing Entity":"riscv_random_interrupt_generator","Source":"            @(posedge clk_i);"}
,{"expanded":false,"Exclusion Rule Type":"None","UNR":"none","Index":"15","Blk Type":"code block","Src Start Line":"135","Score":"0","All Average Grd":"0%","Enclosing Entity":"riscv_random_interrupt_generator","Source":"        irq_id_random = value.n;"}
,{"expanded":false,"Exclusion Rule Type":"None","UNR":"none","Index":"16","Blk Type":"code block","Src Start Line":"138","Score":"0","All Average Grd":"0%","Enclosing Entity":"riscv_random_interrupt_generator","Source":"        @(posedge clk_i);"}
,{"expanded":false,"Exclusion Rule Type":"None","UNR":"none","Index":"17","Blk Type":"code block","Src Start Line":"140","Score":"0","All Average Grd":"0%","Enclosing Entity":"riscv_random_interrupt_generator","Source":"        for(i=0; i<max_irq_cycles; i++) begin"}
,{"expanded":false,"Exclusion Rule Type":"None","UNR":"none","Index":"18","Blk Type":"code block","Src Start Line":"141","Score":"0","All Average Grd":"0%","Enclosing Entity":"riscv_random_interrupt_generator","Source":"            @(posedge clk_i);"}
,{"expanded":false,"Exclusion Rule Type":"None","UNR":"none","Index":"20","Blk Type":"code block","Src Start Line":"154","Score":"0","All Average Grd":"0%","Enclosing Entity":"riscv_random_interrupt_generator","Source":"    wait(irq_mode_q == PC_TRIG);"}
,{"expanded":false,"Exclusion Rule Type":"None","UNR":"none","Index":"21","Blk Type":"code block","Src Start Line":"155","Score":"0","All Average Grd":"0%","Enclosing Entity":"riscv_random_interrupt_generator","Source":"    wait(irq_pc_id_i == irq_pc_trig_i);"}
,{"expanded":false,"Exclusion Rule Type":"None","UNR":"none","Index":"22","Blk Type":"code block","Src Start Line":"155","Score":"0","All Average Grd":"0%","Enclosing Entity":"riscv_random_interrupt_generator","Source":"    wait(irq_pc_id_i == irq_pc_trig_i);"}
,{"expanded":false,"Exclusion Rule Type":"None","UNR":"none","Index":"23","Blk Type":"code block","Src Start Line":"156","Score":"0","All Average Grd":"0%","Enclosing Entity":"riscv_random_interrupt_generator","Source":"    irq_monitor    = 1'b1;"}
,{"expanded":false,"Exclusion Rule Type":"None","UNR":"none","Index":"24","Blk Type":"code block","Src Start Line":"158","Score":"0","All Average Grd":"0%","Enclosing Entity":"riscv_random_interrupt_generator","Source":"    while(irq_ack_i != 1'b1) begin"}
,{"expanded":false,"Exclusion Rule Type":"None","UNR":"none","Index":"25","Blk Type":"code block","Src Start Line":"159","Score":"0","All Average Grd":"0%","Enclosing Entity":"riscv_random_interrupt_generator","Source":"        @(posedge clk_i);   //Keep the request high until the acknowledge is received"}
,{"expanded":false,"Exclusion Rule Type":"None","UNR":"none","Index":"26","Blk Type":"code block","Src Start Line":"161","Score":"0","All Average Grd":"0%","Enclosing Entity":"riscv_random_interrupt_generator","Source":"    @(posedge clk_i);"}
]}
