{
"block_items":[{"expanded":false,"Exclusion Rule Type":"None","UNR":"none","Index":"5","Blk Type":"implicit else","Src Start Line":"67","Score":"0","All Average Grd":"0%","Enclosing Entity":"CPU","Source":"        if (SysBus.Stepping) begin"}
,{"expanded":false,"Exclusion Rule Type":"None","UNR":"none","Index":"9","Blk Type":"true part of","Src Start Line":"85","Score":"0","All Average Grd":"0%","Enclosing Entity":"CPU","Source":"        if (mode_disass == 1) begin"}
,{"expanded":false,"Exclusion Rule Type":"None","UNR":"none","Index":"10","Blk Type":"true part of","Src Start Line":"93","Score":"0","All Average Grd":"0%","Enclosing Entity":"CPU","Source":"                $display(\"[%0d] Initial State : %s\", ID, Change);"}
,{"expanded":false,"Exclusion Rule Type":"None","UNR":"none","Index":"11","Blk Type":"false part of","Src Start Line":"99","Score":"0","All Average Grd":"0%","Enclosing Entity":"CPU","Source":"                $display(\"I [%0d] %0d PCr=0x%x %s : %s\", ID, Icount, PCr, Decode, Change);"}
,{"expanded":false,"Exclusion Rule Type":"None","UNR":"none","Index":"19","Blk Type":"true part of","Src Start Line":"142","Score":"0","All Average Grd":"0%","Enclosing Entity":"CPU","Source":"        if (mode_disass == 1) begin"}
,{"expanded":false,"Exclusion Rule Type":"None","UNR":"none","Index":"22","Blk Type":"true part of","Src Start Line":"169","Score":"0","All Average Grd":"0%","Enclosing Entity":"CPU","Source":"        if (mode_disass == 1) begin"}
,{"expanded":false,"Exclusion Rule Type":"None","UNR":"none","Index":"24","Blk Type":"code block","Src Start Line":"177","Score":"0","All Average Grd":"0%","Enclosing Entity":"CPU","Source":"        FPR[index] = value;"}
,{"expanded":false,"Exclusion Rule Type":"None","UNR":"none","Index":"25","Blk Type":"true part of","Src Start Line":"178","Score":"0","All Average Grd":"0%","Enclosing Entity":"CPU","Source":"        if (mode_disass == 1) begin"}
,{"expanded":false,"Exclusion Rule Type":"None","UNR":"none","Index":"26","Blk Type":"implicit else","Src Start Line":"178","Score":"0","All Average Grd":"0%","Enclosing Entity":"CPU","Source":"        if (mode_disass == 1) begin"}
,{"expanded":false,"Exclusion Rule Type":"None","UNR":"none","Index":"28","Blk Type":"true part of","Src Start Line":"194","Score":"0","All Average Grd":"0%","Enclosing Entity":"CPU","Source":"        if (mode_disass == 1) begin"}
,{"expanded":false,"Exclusion Rule Type":"None","UNR":"none","Index":"36","Blk Type":"implicit default","Src Start Line":"209","Score":"0","All Average Grd":"0%","Enclosing Entity":"CPU","Source":"                case (addr3)"}
,{"expanded":false,"Exclusion Rule Type":"None","UNR":"none","Index":"39","Blk Type":"a case item of","Src Start Line":"219","Score":"0","All Average Grd":"0%","Enclosing Entity":"CPU","Source":"                    1: enable = 'b0110;"}
,{"expanded":false,"Exclusion Rule Type":"None","UNR":"none","Index":"41","Blk Type":"implicit default","Src Start Line":"217","Score":"0","All Average Grd":"0%","Enclosing Entity":"CPU","Source":"                case (addr3)"}
,{"expanded":false,"Exclusion Rule Type":"None","UNR":"none","Index":"42","Blk Type":"a case item of","Src Start Line":"223","Score":"0","All Average Grd":"0%","Enclosing Entity":"CPU","Source":"            3: begin"}
,{"expanded":false,"Exclusion Rule Type":"None","UNR":"none","Index":"43","Blk Type":"a case item of","Src Start Line":"225","Score":"0","All Average Grd":"0%","Enclosing Entity":"CPU","Source":"                    0: enable = 'b0111;"}
,{"expanded":false,"Exclusion Rule Type":"None","UNR":"none","Index":"44","Blk Type":"a case item of","Src Start Line":"226","Score":"0","All Average Grd":"0%","Enclosing Entity":"CPU","Source":"                    1: enable = 'b1110;"}
,{"expanded":false,"Exclusion Rule Type":"None","UNR":"none","Index":"45","Blk Type":"implicit default","Src Start Line":"224","Score":"0","All Average Grd":"0%","Enclosing Entity":"CPU","Source":"                case (addr3)"}
,{"expanded":false,"Exclusion Rule Type":"None","UNR":"none","Index":"48","Blk Type":"implicit default","Src Start Line":"230","Score":"0","All Average Grd":"0%","Enclosing Entity":"CPU","Source":"                case (addr3)"}
,{"expanded":false,"Exclusion Rule Type":"None","UNR":"none","Index":"49","Blk Type":"implicit default","Src Start Line":"207","Score":"0","All Average Grd":"0%","Enclosing Entity":"CPU","Source":"        case (size)"}
,{"expanded":false,"Exclusion Rule Type":"None","UNR":"none","Index":"51","Blk Type":"true part of","Src Start Line":"236","Score":"0","All Average Grd":"0%","Enclosing Entity":"CPU","Source":"        if (enable == 0) begin"}
,{"expanded":false,"Exclusion Rule Type":"None","UNR":"none","Index":"80","Blk Type":"false part of","Src Start Line":"346","Score":"0","All Average Grd":"0%","Enclosing Entity":"CPU","Source":"        end else begin"}
,{"expanded":false,"Exclusion Rule Type":"None","UNR":"none","Index":"81","Blk Type":"code block","Src Start Line":"361","Score":"0","All Average Grd":"0%","Enclosing Entity":"CPU","Source":"            busStore32(address_hi, size_hi, hi, artifact);"}
,{"expanded":false,"Exclusion Rule Type":"None","UNR":"none","Index":"84","Blk Type":"true part of","Src Start Line":"385","Score":"0","All Average Grd":"0%","Enclosing Entity":"CPU","Source":"        if (artifact) begin"}
,{"expanded":false,"Exclusion Rule Type":"None","UNR":"none","Index":"89","Blk Type":"false part of","Src Start Line":"427","Score":"0","All Average Grd":"0%","Enclosing Entity":"CPU","Source":"        end else begin"}
,{"expanded":false,"Exclusion Rule Type":"None","UNR":"none","Index":"90","Blk Type":"code block","Src Start Line":"434","Score":"0","All Average Grd":"0%","Enclosing Entity":"CPU","Source":"            busLoad32(address_hi, 4, hi, artifact, 0);"}
,{"expanded":false,"Exclusion Rule Type":"None","UNR":"none","Index":"91","Blk Type":"code block","Src Start Line":"436","Score":"0","All Average Grd":"0%","Enclosing Entity":"CPU","Source":"            data = {hi, lo} >> ((address & 'h3) * 8);"}
,{"expanded":false,"Exclusion Rule Type":"None","UNR":"none","Index":"100","Blk Type":"false part of","Src Start Line":"493","Score":"0","All Average Grd":"0%","Enclosing Entity":"CPU","Source":"        end else begin"}
,{"expanded":false,"Exclusion Rule Type":"None","UNR":"none","Index":"101","Blk Type":"code block","Src Start Line":"500","Score":"0","All Average Grd":"0%","Enclosing Entity":"CPU","Source":"            busFetch32(address_hi, 4, hi, artifact);"}
,{"expanded":false,"Exclusion Rule Type":"None","UNR":"none","Index":"102","Blk Type":"code block","Src Start Line":"502","Score":"0","All Average Grd":"0%","Enclosing Entity":"CPU","Source":"            data = {hi, lo} >> ((address & 'h3) * 8);"}
,{"expanded":false,"Exclusion Rule Type":"None","UNR":"none","Index":"104","Blk Type":"true part of","Src Start Line":"508","Score":"0","All Average Grd":"0%","Enclosing Entity":"CPU","Source":"            mode_disass = 1;"}
,{"expanded":false,"Exclusion Rule Type":"None","UNR":"none","Index":"107","Blk Type":"true part of","Src Start Line":"513","Score":"0","All Average Grd":"0%","Enclosing Entity":"CPU","Source":"        if (!($value$plusargs(\"elf_file=%s\", elf_file))) begin"}
,{"expanded":false,"Exclusion Rule Type":"None","UNR":"none","Index":"110","Blk Type":"true part of","Src Start Line":"526","Score":"0","All Average Grd":"0%","Enclosing Entity":"CPU","Source":"        if ($value$plusargs(\"ovpcfg=%s\", ovpcfg)) begin"}
,{"expanded":false,"Exclusion Rule Type":"None","UNR":"none","Index":"116","Blk Type":"code block","Src Start Line":"536","Score":"0","All Average Grd":"0%","Enclosing Entity":"CPU","Source":"        $finish;"}
]}
