{
"block_items":[{"expanded":false,"Exclusion Rule Type":"None","UNR":"none","Index":"6","Blk Type":"true part of","Src Start Line":"81","Score":"0","All Average Grd":"0%","Enclosing Entity":"cv32e40p_aligner","Source":"          if(hwlp_update_pc_i) begin"}
,{"expanded":false,"Exclusion Rule Type":"None","UNR":"none","Index":"11","Blk Type":"true part of","Src Start Line":"116","Score":"0","All Average Grd":"0%","Enclosing Entity":"cv32e40p_aligner","Source":"                  pc_n = hwlp_update_pc_i ? hwlp_addr_i : hwlp_addr_q;"}
],"assertion_items"
:[{"expanded":false,"Exclusion Rule Type":"None","UNR":"none","title":"a_hwlp_update_pc","All Average Grd":"100%","Assertion Status Grd":"100%","Enclosing Entity":"cv32e40p_aligner","Source":"  a_hwlp_update_pc : assert property(p_hwlp_update_pc);"}
]
,"expression_items":[{"expanded":false,"expanded":false,"Exclusion Rule Type":"None","Index":"1","All Average Grd":"33.33%","All Cov":"1 / 3 (33.33%)","Src Start Line":"115","Enclosing Entity":"cv32e40p_aligner","Source":"                if(hwlp_update_pc_i || hwlp_update_pc_q)"
,"subitems":[{"expanded":false,"expanded":false,"Exclusion Rule Type":"None","Index":"1","All Average Grd":"33.33%","All Cov":"1 / 3 (33.33%)","Source":"                if(hwlp_update_pc_i || hwlp_update_pc_q)","table_type":"cov"
,"subitems":[{"title":"1;-","expanded":false,"Exclusion Rule Type":"None","UNR":"none","Score":"0","Out":"n/a"}
,{"title":"-;1","expanded":false,"Exclusion Rule Type":"None","UNR":"none","Score":"0","Out":"n/a"}
,{"title":"0;0","expanded":false,"Exclusion Rule Type":"None","UNR":"none","Score":"1","Out":"n/a"}
],"cov_table_title":"Coverage Table","header":"hwlp_update_pc_i || hwlp_update_pc_q","columns":"hwlp_update_pc_i;hwlp_update_pc_q"}
]}
],"fsm_items"
:[]}
