{"assertion_items"
:[{"expanded":false,"Exclusion Rule Type":"None","UNR":"none","title":"empty_read","All Average Grd":"100%","Assertion Status Grd":"100%","Enclosing Entity":"cv32e40p_fifo#(logic [31:0])","Source":"    empty_read : assert property("}
,{"expanded":false,"Exclusion Rule Type":"None","UNR":"none","title":"full_write","All Average Grd":"100%","Assertion Status Grd":"100%","Enclosing Entity":"cv32e40p_fifo#(logic [31:0])","Source":"    full_write : assert property("}
,{"expanded":false,"Exclusion Rule Type":"None","UNR":"none","title":"__assert_1","All Average Grd":"100%","Assertion Status Grd":"100%","Enclosing Entity":"cv32e40p_fifo#(logic [31:0])","Source":"        assert (DEPTH > 0)             else $error(\"DEPTH must be greater than 0.\");"}
]}
