{
"block_items":[{"expanded":false,"Exclusion Rule Type":"None","UNR":"none","Index":"4","Blk Type":"true part of","Src Start Line":"123","Score":"0","All Average Grd":"0%","Enclosing Entity":"cv32e40p_register_file_test_wrap","Source":"         begin"}
]
,"expression_items":[{"expanded":false,"expanded":false,"Exclusion Rule Type":"None","Index":"1","All Average Grd":"33.33%","All Cov":"1 / 3 (33.33%)","Src Start Line":"122","Enclosing Entity":"cv32e40p_register_file_test_wrap","Source":"         if((CSN_T == 1'b0)&& ( WEN_T == 1'b1)) // Test Read"
,"subitems":[{"expanded":false,"expanded":false,"Exclusion Rule Type":"None","Index":"1","All Average Grd":"33.33%","All Cov":"1 / 3 (33.33%)","Source":"         if((CSN_T == 1'b0)&& ( WEN_T == 1'b1)) // Test Read","table_type":"cov"
,"subitems":[{"title":"0;1","expanded":false,"Exclusion Rule Type":"None","UNR":"none","Score":"0","Out":"1"}
,{"title":"-;0","expanded":false,"Exclusion Rule Type":"None","UNR":"none","Score":"1","Out":"0"}
,{"title":"1;-","expanded":false,"Exclusion Rule Type":"None","UNR":"none","Score":"0","Out":"0"}
],"cov_table_title":"Coverage Table with Output","header":"(CSN_T == 1'b0) && (WEN_T == 1'b1)","columns":"CSN_T;(WEN_T == 1'b1)"}
]}
]}
