{
"block_items":[{"expanded":false,"Exclusion Rule Type":"None","UNR":"none","Index":"22","Blk Type":"true part of","Src Start Line":"822","Score":"0","All Average Grd":"0%","Enclosing Entity":"cv32e40p_tracer","Source":"        instr_ex_misaligned.put(trace);"}
,{"expanded":false,"Exclusion Rule Type":"None","UNR":"none","Index":"26","Blk Type":"code block","Src Start Line":"840","Score":"0","All Average Grd":"0%","Enclosing Entity":"cv32e40p_tracer","Source":"      do begin"}
,{"expanded":false,"Exclusion Rule Type":"None","UNR":"none","Index":"27","Blk Type":"code block","Src Start Line":"841","Score":"0","All Average Grd":"0%","Enclosing Entity":"cv32e40p_tracer","Source":"        @(negedge clk);"}
,{"expanded":false,"Exclusion Rule Type":"None","UNR":"none","Index":"28","Blk Type":"code block","Src Start Line":"845","Score":"0","All Average Grd":"0%","Enclosing Entity":"cv32e40p_tracer","Source":"      instr_wb.put(trace);"}
,{"expanded":false,"Exclusion Rule Type":"None","UNR":"none","Index":"57","Blk Type":"a case item of","Src Start Line":"943","Score":"0","All Average Grd":"0%","Enclosing Entity":"cv32e40p_tracer","Source":"        INSTR_BEQIMM:     trace.printSBallInstr(\"p.beqimm\");"}
,{"expanded":false,"Exclusion Rule Type":"None","UNR":"none","Index":"58","Blk Type":"a case item of","Src Start Line":"944","Score":"0","All Average Grd":"0%","Enclosing Entity":"cv32e40p_tracer","Source":"        INSTR_BNEIMM:     trace.printSBallInstr(\"p.bneimm\");"}
,{"expanded":false,"Exclusion Rule Type":"None","UNR":"none","Index":"78","Blk Type":"a case item of","Src Start Line":"966","Score":"0","All Average Grd":"0%","Enclosing Entity":"cv32e40p_tracer","Source":"        INSTR_EXTHS:      trace.printRInstr(\"p.exths\");"}
,{"expanded":false,"Exclusion Rule Type":"None","UNR":"none","Index":"79","Blk Type":"a case item of","Src Start Line":"967","Score":"0","All Average Grd":"0%","Enclosing Entity":"cv32e40p_tracer","Source":"        INSTR_EXTHZ:      trace.printRInstr(\"p.exthz\");"}
,{"expanded":false,"Exclusion Rule Type":"None","UNR":"none","Index":"80","Blk Type":"a case item of","Src Start Line":"968","Score":"0","All Average Grd":"0%","Enclosing Entity":"cv32e40p_tracer","Source":"        INSTR_EXTBS:      trace.printRInstr(\"p.extbs\");"}
,{"expanded":false,"Exclusion Rule Type":"None","UNR":"none","Index":"81","Blk Type":"a case item of","Src Start Line":"969","Score":"0","All Average Grd":"0%","Enclosing Entity":"cv32e40p_tracer","Source":"        INSTR_EXTBZ:      trace.printRInstr(\"p.extbz\");"}
,{"expanded":false,"Exclusion Rule Type":"None","UNR":"none","Index":"82","Blk Type":"a case item of","Src Start Line":"970","Score":"0","All Average Grd":"0%","Enclosing Entity":"cv32e40p_tracer","Source":"        INSTR_PAVG:       trace.printRInstr(\"p.avg\");"}
,{"expanded":false,"Exclusion Rule Type":"None","UNR":"none","Index":"83","Blk Type":"a case item of","Src Start Line":"971","Score":"0","All Average Grd":"0%","Enclosing Entity":"cv32e40p_tracer","Source":"        INSTR_PAVGU:      trace.printRInstr(\"p.avgu\");"}
,{"expanded":false,"Exclusion Rule Type":"None","UNR":"none","Index":"84","Blk Type":"a case item of","Src Start Line":"973","Score":"0","All Average Grd":"0%","Enclosing Entity":"cv32e40p_tracer","Source":"        INSTR_PADDN:      trace.printAddNInstr(\"p.addN\");"}
,{"expanded":false,"Exclusion Rule Type":"None","UNR":"none","Index":"85","Blk Type":"a case item of","Src Start Line":"974","Score":"0","All Average Grd":"0%","Enclosing Entity":"cv32e40p_tracer","Source":"        INSTR_PADDUN:     trace.printAddNInstr(\"p.adduN\");"}
,{"expanded":false,"Exclusion Rule Type":"None","UNR":"none","Index":"86","Blk Type":"a case item of","Src Start Line":"975","Score":"0","All Average Grd":"0%","Enclosing Entity":"cv32e40p_tracer","Source":"        INSTR_PADDRN:     trace.printAddNInstr(\"p.addRN\");"}
,{"expanded":false,"Exclusion Rule Type":"None","UNR":"none","Index":"87","Blk Type":"a case item of","Src Start Line":"976","Score":"0","All Average Grd":"0%","Enclosing Entity":"cv32e40p_tracer","Source":"        INSTR_PADDURN:    trace.printAddNInstr(\"p.adduRN\");"}
,{"expanded":false,"Exclusion Rule Type":"None","UNR":"none","Index":"88","Blk Type":"a case item of","Src Start Line":"977","Score":"0","All Average Grd":"0%","Enclosing Entity":"cv32e40p_tracer","Source":"        INSTR_PSUBN:      trace.printAddNInstr(\"p.subN\");"}
,{"expanded":false,"Exclusion Rule Type":"None","UNR":"none","Index":"89","Blk Type":"a case item of","Src Start Line":"978","Score":"0","All Average Grd":"0%","Enclosing Entity":"cv32e40p_tracer","Source":"        INSTR_PSUBUN:     trace.printAddNInstr(\"p.subuN\");"}
,{"expanded":false,"Exclusion Rule Type":"None","UNR":"none","Index":"90","Blk Type":"a case item of","Src Start Line":"979","Score":"0","All Average Grd":"0%","Enclosing Entity":"cv32e40p_tracer","Source":"        INSTR_PSUBRN:     trace.printAddNInstr(\"p.subRN\");"}
,{"expanded":false,"Exclusion Rule Type":"None","UNR":"none","Index":"91","Blk Type":"a case item of","Src Start Line":"980","Score":"0","All Average Grd":"0%","Enclosing Entity":"cv32e40p_tracer","Source":"        INSTR_PSUBURN:    trace.printAddNInstr(\"p.subuRN\");"}
,{"expanded":false,"Exclusion Rule Type":"None","UNR":"none","Index":"92","Blk Type":"a case item of","Src Start Line":"982","Score":"0","All Average Grd":"0%","Enclosing Entity":"cv32e40p_tracer","Source":"        INSTR_PADDNR:     trace.printR3Instr(\"p.addNr\");"}
,{"expanded":false,"Exclusion Rule Type":"None","UNR":"none","Index":"93","Blk Type":"a case item of","Src Start Line":"983","Score":"0","All Average Grd":"0%","Enclosing Entity":"cv32e40p_tracer","Source":"        INSTR_PADDUNR:    trace.printR3Instr(\"p.adduNr\");"}
,{"expanded":false,"Exclusion Rule Type":"None","UNR":"none","Index":"94","Blk Type":"a case item of","Src Start Line":"984","Score":"0","All Average Grd":"0%","Enclosing Entity":"cv32e40p_tracer","Source":"        INSTR_PADDRNR:    trace.printR3Instr(\"p.addRNr\");"}
,{"expanded":false,"Exclusion Rule Type":"None","UNR":"none","Index":"95","Blk Type":"a case item of","Src Start Line":"985","Score":"0","All Average Grd":"0%","Enclosing Entity":"cv32e40p_tracer","Source":"        INSTR_PADDURNR:   trace.printR3Instr(\"p.adduRNr\");"}
,{"expanded":false,"Exclusion Rule Type":"None","UNR":"none","Index":"96","Blk Type":"a case item of","Src Start Line":"986","Score":"0","All Average Grd":"0%","Enclosing Entity":"cv32e40p_tracer","Source":"        INSTR_PSUBNR:     trace.printR3Instr(\"p.subNr\");"}
,{"expanded":false,"Exclusion Rule Type":"None","UNR":"none","Index":"97","Blk Type":"a case item of","Src Start Line":"987","Score":"0","All Average Grd":"0%","Enclosing Entity":"cv32e40p_tracer","Source":"        INSTR_PSUBUNR:    trace.printR3Instr(\"p.subuNr\");"}
,{"expanded":false,"Exclusion Rule Type":"None","UNR":"none","Index":"98","Blk Type":"a case item of","Src Start Line":"988","Score":"0","All Average Grd":"0%","Enclosing Entity":"cv32e40p_tracer","Source":"        INSTR_PSUBRNR:    trace.printR3Instr(\"p.subRNr\");"}
,{"expanded":false,"Exclusion Rule Type":"None","UNR":"none","Index":"99","Blk Type":"a case item of","Src Start Line":"989","Score":"0","All Average Grd":"0%","Enclosing Entity":"cv32e40p_tracer","Source":"        INSTR_PSUBURNR:   trace.printR3Instr(\"p.subuRNr\");"}
,{"expanded":false,"Exclusion Rule Type":"None","UNR":"none","Index":"100","Blk Type":"a case item of","Src Start Line":"991","Score":"0","All Average Grd":"0%","Enclosing Entity":"cv32e40p_tracer","Source":"        INSTR_PSLET:      trace.printRInstr(\"p.slet\");"}
,{"expanded":false,"Exclusion Rule Type":"None","UNR":"none","Index":"101","Blk Type":"a case item of","Src Start Line":"992","Score":"0","All Average Grd":"0%","Enclosing Entity":"cv32e40p_tracer","Source":"        INSTR_PSLETU:     trace.printRInstr(\"p.sletu\");"}
,{"expanded":false,"Exclusion Rule Type":"None","UNR":"none","Index":"102","Blk Type":"a case item of","Src Start Line":"993","Score":"0","All Average Grd":"0%","Enclosing Entity":"cv32e40p_tracer","Source":"        INSTR_PMIN:       trace.printRInstr(\"p.min\");"}
,{"expanded":false,"Exclusion Rule Type":"None","UNR":"none","Index":"103","Blk Type":"a case item of","Src Start Line":"994","Score":"0","All Average Grd":"0%","Enclosing Entity":"cv32e40p_tracer","Source":"        INSTR_PMINU:      trace.printRInstr(\"p.minu\");"}
,{"expanded":false,"Exclusion Rule Type":"None","UNR":"none","Index":"104","Blk Type":"a case item of","Src Start Line":"995","Score":"0","All Average Grd":"0%","Enclosing Entity":"cv32e40p_tracer","Source":"        INSTR_PMAX:       trace.printRInstr(\"p.max\");"}
,{"expanded":false,"Exclusion Rule Type":"None","UNR":"none","Index":"105","Blk Type":"a case item of","Src Start Line":"996","Score":"0","All Average Grd":"0%","Enclosing Entity":"cv32e40p_tracer","Source":"        INSTR_PMAXU:      trace.printRInstr(\"p.maxu\");"}
,{"expanded":false,"Exclusion Rule Type":"None","UNR":"none","Index":"106","Blk Type":"a case item of","Src Start Line":"997","Score":"0","All Average Grd":"0%","Enclosing Entity":"cv32e40p_tracer","Source":"        INSTR_PABS:       trace.printR1Instr(\"p.abs\");"}
,{"expanded":false,"Exclusion Rule Type":"None","UNR":"none","Index":"107","Blk Type":"a case item of","Src Start Line":"998","Score":"0","All Average Grd":"0%","Enclosing Entity":"cv32e40p_tracer","Source":"        INSTR_PCLIP:      trace.printClipInstr(\"p.clip\");"}
,{"expanded":false,"Exclusion Rule Type":"None","UNR":"none","Index":"108","Blk Type":"a case item of","Src Start Line":"999","Score":"0","All Average Grd":"0%","Enclosing Entity":"cv32e40p_tracer","Source":"        INSTR_PCLIPU:     trace.printClipInstr(\"p.clipu\");"}
,{"expanded":false,"Exclusion Rule Type":"None","UNR":"none","Index":"109","Blk Type":"a case item of","Src Start Line":"1000","Score":"0","All Average Grd":"0%","Enclosing Entity":"cv32e40p_tracer","Source":"        INSTR_PBEXT:      trace.printBit1Instr(\"p.extract\");"}
,{"expanded":false,"Exclusion Rule Type":"None","UNR":"none","Index":"110","Blk Type":"a case item of","Src Start Line":"1001","Score":"0","All Average Grd":"0%","Enclosing Entity":"cv32e40p_tracer","Source":"        INSTR_PBEXTU:     trace.printBit1Instr(\"p.extractu\");"}
,{"expanded":false,"Exclusion Rule Type":"None","UNR":"none","Index":"111","Blk Type":"a case item of","Src Start Line":"1002","Score":"0","All Average Grd":"0%","Enclosing Entity":"cv32e40p_tracer","Source":"        INSTR_PBINS:      trace.printBit2Instr(\"p.insert\");"}
,{"expanded":false,"Exclusion Rule Type":"None","UNR":"none","Index":"112","Blk Type":"a case item of","Src Start Line":"1003","Score":"0","All Average Grd":"0%","Enclosing Entity":"cv32e40p_tracer","Source":"        INSTR_PBCLR:      trace.printBit1Instr(\"p.bclr\");"}
,{"expanded":false,"Exclusion Rule Type":"None","UNR":"none","Index":"113","Blk Type":"a case item of","Src Start Line":"1004","Score":"0","All Average Grd":"0%","Enclosing Entity":"cv32e40p_tracer","Source":"        INSTR_PBSET:      trace.printBit1Instr(\"p.bset\");"}
,{"expanded":false,"Exclusion Rule Type":"None","UNR":"none","Index":"114","Blk Type":"a case item of","Src Start Line":"1005","Score":"0","All Average Grd":"0%","Enclosing Entity":"cv32e40p_tracer","Source":"        INSTR_PBREV:      trace.printBitRevInstr(\"p.bitrev\");"}
,{"expanded":false,"Exclusion Rule Type":"None","UNR":"none","Index":"115","Blk Type":"a case item of","Src Start Line":"1007","Score":"0","All Average Grd":"0%","Enclosing Entity":"cv32e40p_tracer","Source":"        INSTR_PCLIPR:     trace.printRInstr(\"p.clipr\");"}
,{"expanded":false,"Exclusion Rule Type":"None","UNR":"none","Index":"116","Blk Type":"a case item of","Src Start Line":"1008","Score":"0","All Average Grd":"0%","Enclosing Entity":"cv32e40p_tracer","Source":"        INSTR_PCLIPUR:    trace.printRInstr(\"p.clipur\");"}
,{"expanded":false,"Exclusion Rule Type":"None","UNR":"none","Index":"117","Blk Type":"a case item of","Src Start Line":"1009","Score":"0","All Average Grd":"0%","Enclosing Entity":"cv32e40p_tracer","Source":"        INSTR_PBEXTR:     trace.printRInstr(\"p.extractr\");"}
,{"expanded":false,"Exclusion Rule Type":"None","UNR":"none","Index":"118","Blk Type":"a case item of","Src Start Line":"1010","Score":"0","All Average Grd":"0%","Enclosing Entity":"cv32e40p_tracer","Source":"        INSTR_PBEXTUR:    trace.printRInstr(\"p.extractur\");"}
,{"expanded":false,"Exclusion Rule Type":"None","UNR":"none","Index":"119","Blk Type":"a case item of","Src Start Line":"1011","Score":"0","All Average Grd":"0%","Enclosing Entity":"cv32e40p_tracer","Source":"        INSTR_PBINSR:     trace.printR3Instr(\"p.insertr\");"}
,{"expanded":false,"Exclusion Rule Type":"None","UNR":"none","Index":"120","Blk Type":"a case item of","Src Start Line":"1012","Score":"0","All Average Grd":"0%","Enclosing Entity":"cv32e40p_tracer","Source":"        INSTR_PBCLRR:     trace.printRInstr(\"p.bclrr\");"}
,{"expanded":false,"Exclusion Rule Type":"None","UNR":"none","Index":"121","Blk Type":"a case item of","Src Start Line":"1013","Score":"0","All Average Grd":"0%","Enclosing Entity":"cv32e40p_tracer","Source":"        INSTR_PBSETR:     trace.printRInstr(\"p.bsetr\");"}
,{"expanded":false,"Exclusion Rule Type":"None","UNR":"none","Index":"122","Blk Type":"a case item of","Src Start Line":"1016","Score":"0","All Average Grd":"0%","Enclosing Entity":"cv32e40p_tracer","Source":"        INSTR_FF1:        trace.printR1Instr(\"p.ff1\");"}
,{"expanded":false,"Exclusion Rule Type":"None","UNR":"none","Index":"123","Blk Type":"a case item of","Src Start Line":"1017","Score":"0","All Average Grd":"0%","Enclosing Entity":"cv32e40p_tracer","Source":"        INSTR_FL1:        trace.printR1Instr(\"p.fl1\");"}
,{"expanded":false,"Exclusion Rule Type":"None","UNR":"none","Index":"124","Blk Type":"a case item of","Src Start Line":"1018","Score":"0","All Average Grd":"0%","Enclosing Entity":"cv32e40p_tracer","Source":"        INSTR_CLB:        trace.printR1Instr(\"p.clb\");"}
,{"expanded":false,"Exclusion Rule Type":"None","UNR":"none","Index":"125","Blk Type":"a case item of","Src Start Line":"1019","Score":"0","All Average Grd":"0%","Enclosing Entity":"cv32e40p_tracer","Source":"        INSTR_CNT:        trace.printR1Instr(\"p.cnt\");"}
,{"expanded":false,"Exclusion Rule Type":"None","UNR":"none","Index":"126","Blk Type":"a case item of","Src Start Line":"1020","Score":"0","All Average Grd":"0%","Enclosing Entity":"cv32e40p_tracer","Source":"        INSTR_ROR:        trace.printRInstr(\"p.ror\");"}
,{"expanded":false,"Exclusion Rule Type":"None","UNR":"none","Index":"137","Blk Type":"a case item of","Src Start Line":"1035","Score":"0","All Average Grd":"0%","Enclosing Entity":"cv32e40p_tracer","Source":"        INSTR_URET:       trace.printMnemonic(\"uret\");"}
,{"expanded":false,"Exclusion Rule Type":"None","UNR":"none","Index":"140","Blk Type":"a case item of","Src Start Line":"1039","Score":"0","All Average Grd":"0%","Enclosing Entity":"cv32e40p_tracer","Source":"        INSTR_DRET:       trace.printMnemonic(\"dret\");"}
,{"expanded":false,"Exclusion Rule Type":"None","UNR":"none","Index":"149","Blk Type":"a case item of","Src Start Line":"1051","Score":"0","All Average Grd":"0%","Enclosing Entity":"cv32e40p_tracer","Source":"        INSTR_PMAC:       trace.printR3Instr(\"p.mac\");"}
,{"expanded":false,"Exclusion Rule Type":"None","UNR":"none","Index":"150","Blk Type":"a case item of","Src Start Line":"1052","Score":"0","All Average Grd":"0%","Enclosing Entity":"cv32e40p_tracer","Source":"        INSTR_PMSU:       trace.printR3Instr(\"p.msu\");"}
,{"expanded":false,"Exclusion Rule Type":"None","UNR":"none","Index":"151","Blk Type":"a case item of","Src Start Line":"1053","Score":"0","All Average Grd":"0%","Enclosing Entity":"cv32e40p_tracer","Source":"        INSTR_PMULS     : trace.printMulInstr();"}
,{"expanded":false,"Exclusion Rule Type":"None","UNR":"none","Index":"152","Blk Type":"a case item of","Src Start Line":"1054","Score":"0","All Average Grd":"0%","Enclosing Entity":"cv32e40p_tracer","Source":"        INSTR_PMULHLSN  : trace.printMulInstr();"}
,{"expanded":false,"Exclusion Rule Type":"None","UNR":"none","Index":"153","Blk Type":"a case item of","Src Start Line":"1055","Score":"0","All Average Grd":"0%","Enclosing Entity":"cv32e40p_tracer","Source":"        INSTR_PMULRS    : trace.printMulInstr();"}
,{"expanded":false,"Exclusion Rule Type":"None","UNR":"none","Index":"154","Blk Type":"a case item of","Src Start Line":"1056","Score":"0","All Average Grd":"0%","Enclosing Entity":"cv32e40p_tracer","Source":"        INSTR_PMULRHLSN : trace.printMulInstr();"}
,{"expanded":false,"Exclusion Rule Type":"None","UNR":"none","Index":"155","Blk Type":"a case item of","Src Start Line":"1057","Score":"0","All Average Grd":"0%","Enclosing Entity":"cv32e40p_tracer","Source":"        INSTR_PMULU     : trace.printMulInstr();"}
,{"expanded":false,"Exclusion Rule Type":"None","UNR":"none","Index":"156","Blk Type":"a case item of","Src Start Line":"1058","Score":"0","All Average Grd":"0%","Enclosing Entity":"cv32e40p_tracer","Source":"        INSTR_PMULUHLU  : trace.printMulInstr();"}
,{"expanded":false,"Exclusion Rule Type":"None","UNR":"none","Index":"157","Blk Type":"a case item of","Src Start Line":"1059","Score":"0","All Average Grd":"0%","Enclosing Entity":"cv32e40p_tracer","Source":"        INSTR_PMULRU    : trace.printMulInstr();"}
,{"expanded":false,"Exclusion Rule Type":"None","UNR":"none","Index":"158","Blk Type":"a case item of","Src Start Line":"1060","Score":"0","All Average Grd":"0%","Enclosing Entity":"cv32e40p_tracer","Source":"        INSTR_PMULRUHLU : trace.printMulInstr();"}
,{"expanded":false,"Exclusion Rule Type":"None","UNR":"none","Index":"159","Blk Type":"a case item of","Src Start Line":"1061","Score":"0","All Average Grd":"0%","Enclosing Entity":"cv32e40p_tracer","Source":"        INSTR_PMACS     : trace.printMulInstr();"}
,{"expanded":false,"Exclusion Rule Type":"None","UNR":"none","Index":"160","Blk Type":"a case item of","Src Start Line":"1062","Score":"0","All Average Grd":"0%","Enclosing Entity":"cv32e40p_tracer","Source":"        INSTR_PMACHLSN  : trace.printMulInstr();"}
,{"expanded":false,"Exclusion Rule Type":"None","UNR":"none","Index":"161","Blk Type":"a case item of","Src Start Line":"1063","Score":"0","All Average Grd":"0%","Enclosing Entity":"cv32e40p_tracer","Source":"        INSTR_PMACRS    : trace.printMulInstr();"}
,{"expanded":false,"Exclusion Rule Type":"None","UNR":"none","Index":"162","Blk Type":"a case item of","Src Start Line":"1064","Score":"0","All Average Grd":"0%","Enclosing Entity":"cv32e40p_tracer","Source":"        INSTR_PMACRHLSN : trace.printMulInstr();"}
,{"expanded":false,"Exclusion Rule Type":"None","UNR":"none","Index":"163","Blk Type":"a case item of","Src Start Line":"1065","Score":"0","All Average Grd":"0%","Enclosing Entity":"cv32e40p_tracer","Source":"        INSTR_PMACU     : trace.printMulInstr();"}
,{"expanded":false,"Exclusion Rule Type":"None","UNR":"none","Index":"164","Blk Type":"a case item of","Src Start Line":"1066","Score":"0","All Average Grd":"0%","Enclosing Entity":"cv32e40p_tracer","Source":"        INSTR_PMACUHLU  : trace.printMulInstr();"}
,{"expanded":false,"Exclusion Rule Type":"None","UNR":"none","Index":"165","Blk Type":"a case item of","Src Start Line":"1067","Score":"0","All Average Grd":"0%","Enclosing Entity":"cv32e40p_tracer","Source":"        INSTR_PMACRU    : trace.printMulInstr();"}
,{"expanded":false,"Exclusion Rule Type":"None","UNR":"none","Index":"166","Blk Type":"a case item of","Src Start Line":"1068","Score":"0","All Average Grd":"0%","Enclosing Entity":"cv32e40p_tracer","Source":"        INSTR_PMACRUHLU : trace.printMulInstr();"}
,{"expanded":false,"Exclusion Rule Type":"None","UNR":"none","Index":"167","Blk Type":"a case item of","Src Start Line":"1071","Score":"0","All Average Grd":"0%","Enclosing Entity":"cv32e40p_tracer","Source":"        INSTR_FMADD:      trace.printF3Instr(\"fmadd.s\");"}
,{"expanded":false,"Exclusion Rule Type":"None","UNR":"none","Index":"168","Blk Type":"a case item of","Src Start Line":"1072","Score":"0","All Average Grd":"0%","Enclosing Entity":"cv32e40p_tracer","Source":"        INSTR_FMSUB:      trace.printF3Instr(\"fmsub.s\");"}
,{"expanded":false,"Exclusion Rule Type":"None","UNR":"none","Index":"169","Blk Type":"a case item of","Src Start Line":"1073","Score":"0","All Average Grd":"0%","Enclosing Entity":"cv32e40p_tracer","Source":"        INSTR_FNMADD:     trace.printF3Instr(\"fnmadd.s\");"}
,{"expanded":false,"Exclusion Rule Type":"None","UNR":"none","Index":"170","Blk Type":"a case item of","Src Start Line":"1074","Score":"0","All Average Grd":"0%","Enclosing Entity":"cv32e40p_tracer","Source":"        INSTR_FNMSUB:     trace.printF3Instr(\"fnmsub.s\");"}
,{"expanded":false,"Exclusion Rule Type":"None","UNR":"none","Index":"171","Blk Type":"a case item of","Src Start Line":"1075","Score":"0","All Average Grd":"0%","Enclosing Entity":"cv32e40p_tracer","Source":"        INSTR_FADD:       trace.printF2Instr(\"fadd.s\");"}
,{"expanded":false,"Exclusion Rule Type":"None","UNR":"none","Index":"172","Blk Type":"a case item of","Src Start Line":"1076","Score":"0","All Average Grd":"0%","Enclosing Entity":"cv32e40p_tracer","Source":"        INSTR_FSUB:       trace.printF2Instr(\"fsub.s\");"}
,{"expanded":false,"Exclusion Rule Type":"None","UNR":"none","Index":"173","Blk Type":"a case item of","Src Start Line":"1077","Score":"0","All Average Grd":"0%","Enclosing Entity":"cv32e40p_tracer","Source":"        INSTR_FMUL:       trace.printF2Instr(\"fmul.s\");"}
,{"expanded":false,"Exclusion Rule Type":"None","UNR":"none","Index":"174","Blk Type":"a case item of","Src Start Line":"1078","Score":"0","All Average Grd":"0%","Enclosing Entity":"cv32e40p_tracer","Source":"        INSTR_FDIV:       trace.printF2Instr(\"fdiv.s\");"}
,{"expanded":false,"Exclusion Rule Type":"None","UNR":"none","Index":"175","Blk Type":"a case item of","Src Start Line":"1079","Score":"0","All Average Grd":"0%","Enclosing Entity":"cv32e40p_tracer","Source":"        INSTR_FSQRT:      trace.printFInstr(\"fsqrt.s\");"}
,{"expanded":false,"Exclusion Rule Type":"None","UNR":"none","Index":"176","Blk Type":"a case item of","Src Start Line":"1080","Score":"0","All Average Grd":"0%","Enclosing Entity":"cv32e40p_tracer","Source":"        INSTR_FSGNJS:     trace.printF2Instr(\"fsgnj.s\");"}
,{"expanded":false,"Exclusion Rule Type":"None","UNR":"none","Index":"177","Blk Type":"a case item of","Src Start Line":"1081","Score":"0","All Average Grd":"0%","Enclosing Entity":"cv32e40p_tracer","Source":"        INSTR_FSGNJNS:    trace.printF2Instr(\"fsgnjn.s\");"}
,{"expanded":false,"Exclusion Rule Type":"None","UNR":"none","Index":"178","Blk Type":"a case item of","Src Start Line":"1082","Score":"0","All Average Grd":"0%","Enclosing Entity":"cv32e40p_tracer","Source":"        INSTR_FSGNJXS:    trace.printF2Instr(\"fsgnjx.s\");"}
,{"expanded":false,"Exclusion Rule Type":"None","UNR":"none","Index":"179","Blk Type":"a case item of","Src Start Line":"1083","Score":"0","All Average Grd":"0%","Enclosing Entity":"cv32e40p_tracer","Source":"        INSTR_FMIN:       trace.printF2Instr(\"fmin.s\");"}
,{"expanded":false,"Exclusion Rule Type":"None","UNR":"none","Index":"180","Blk Type":"a case item of","Src Start Line":"1084","Score":"0","All Average Grd":"0%","Enclosing Entity":"cv32e40p_tracer","Source":"        INSTR_FMAX:       trace.printF2Instr(\"fmax.s\");"}
,{"expanded":false,"Exclusion Rule Type":"None","UNR":"none","Index":"181","Blk Type":"a case item of","Src Start Line":"1085","Score":"0","All Average Grd":"0%","Enclosing Entity":"cv32e40p_tracer","Source":"        INSTR_FCVTWS:     trace.printFIInstr(\"fcvt.w.s\");"}
,{"expanded":false,"Exclusion Rule Type":"None","UNR":"none","Index":"182","Blk Type":"a case item of","Src Start Line":"1086","Score":"0","All Average Grd":"0%","Enclosing Entity":"cv32e40p_tracer","Source":"        INSTR_FCVTWUS:    trace.printFIInstr(\"fcvt.wu.s\");"}
,{"expanded":false,"Exclusion Rule Type":"None","UNR":"none","Index":"183","Blk Type":"a case item of","Src Start Line":"1087","Score":"0","All Average Grd":"0%","Enclosing Entity":"cv32e40p_tracer","Source":"        INSTR_FMVXS:      trace.printFIInstr(\"fmv.x.s\");"}
,{"expanded":false,"Exclusion Rule Type":"None","UNR":"none","Index":"184","Blk Type":"a case item of","Src Start Line":"1088","Score":"0","All Average Grd":"0%","Enclosing Entity":"cv32e40p_tracer","Source":"        INSTR_FEQS:       trace.printF2IInstr(\"feq.s\");"}
,{"expanded":false,"Exclusion Rule Type":"None","UNR":"none","Index":"185","Blk Type":"a case item of","Src Start Line":"1089","Score":"0","All Average Grd":"0%","Enclosing Entity":"cv32e40p_tracer","Source":"        INSTR_FLTS:       trace.printF2IInstr(\"flt.s\");"}
,{"expanded":false,"Exclusion Rule Type":"None","UNR":"none","Index":"186","Blk Type":"a case item of","Src Start Line":"1090","Score":"0","All Average Grd":"0%","Enclosing Entity":"cv32e40p_tracer","Source":"        INSTR_FLES:       trace.printF2IInstr(\"fle.s\");"}
,{"expanded":false,"Exclusion Rule Type":"None","UNR":"none","Index":"187","Blk Type":"a case item of","Src Start Line":"1091","Score":"0","All Average Grd":"0%","Enclosing Entity":"cv32e40p_tracer","Source":"        INSTR_FCLASS:     trace.printFIInstr(\"fclass.s\");"}
,{"expanded":false,"Exclusion Rule Type":"None","UNR":"none","Index":"188","Blk Type":"a case item of","Src Start Line":"1092","Score":"0","All Average Grd":"0%","Enclosing Entity":"cv32e40p_tracer","Source":"        INSTR_FCVTSW:     trace.printIFInstr(\"fcvt.s.w\");"}
,{"expanded":false,"Exclusion Rule Type":"None","UNR":"none","Index":"189","Blk Type":"a case item of","Src Start Line":"1093","Score":"0","All Average Grd":"0%","Enclosing Entity":"cv32e40p_tracer","Source":"        INSTR_FCVTSWU:    trace.printIFInstr(\"fcvt.s.wu\");"}
,{"expanded":false,"Exclusion Rule Type":"None","UNR":"none","Index":"190","Blk Type":"a case item of","Src Start Line":"1094","Score":"0","All Average Grd":"0%","Enclosing Entity":"cv32e40p_tracer","Source":"        INSTR_FMVSX:      trace.printIFInstr(\"fmv.s.x\");"}
,{"expanded":false,"Exclusion Rule Type":"None","UNR":"none","Index":"191","Blk Type":"a case item of","Src Start Line":"1097","Score":"0","All Average Grd":"0%","Enclosing Entity":"cv32e40p_tracer","Source":"        INSTR_LR:         trace.printAtomicInstr(\"lr.w\");"}
,{"expanded":false,"Exclusion Rule Type":"None","UNR":"none","Index":"192","Blk Type":"a case item of","Src Start Line":"1098","Score":"0","All Average Grd":"0%","Enclosing Entity":"cv32e40p_tracer","Source":"        INSTR_SC:         trace.printAtomicInstr(\"sc.w\");"}
,{"expanded":false,"Exclusion Rule Type":"None","UNR":"none","Index":"193","Blk Type":"a case item of","Src Start Line":"1099","Score":"0","All Average Grd":"0%","Enclosing Entity":"cv32e40p_tracer","Source":"        INSTR_AMOSWAP:    trace.printAtomicInstr(\"amoswap.w\");"}
,{"expanded":false,"Exclusion Rule Type":"None","UNR":"none","Index":"194","Blk Type":"a case item of","Src Start Line":"1100","Score":"0","All Average Grd":"0%","Enclosing Entity":"cv32e40p_tracer","Source":"        INSTR_AMOADD:     trace.printAtomicInstr(\"amoadd.w\");"}
,{"expanded":false,"Exclusion Rule Type":"None","UNR":"none","Index":"195","Blk Type":"a case item of","Src Start Line":"1101","Score":"0","All Average Grd":"0%","Enclosing Entity":"cv32e40p_tracer","Source":"        INSTR_AMOXOR:     trace.printAtomicInstr(\"amoxor.w\");"}
,{"expanded":false,"Exclusion Rule Type":"None","UNR":"none","Index":"196","Blk Type":"a case item of","Src Start Line":"1102","Score":"0","All Average Grd":"0%","Enclosing Entity":"cv32e40p_tracer","Source":"        INSTR_AMOAND:     trace.printAtomicInstr(\"amoand.w\");"}
,{"expanded":false,"Exclusion Rule Type":"None","UNR":"none","Index":"197","Blk Type":"a case item of","Src Start Line":"1103","Score":"0","All Average Grd":"0%","Enclosing Entity":"cv32e40p_tracer","Source":"        INSTR_AMOOR:      trace.printAtomicInstr(\"amoor.w\");"}
,{"expanded":false,"Exclusion Rule Type":"None","UNR":"none","Index":"198","Blk Type":"a case item of","Src Start Line":"1104","Score":"0","All Average Grd":"0%","Enclosing Entity":"cv32e40p_tracer","Source":"        INSTR_AMOMIN:     trace.printAtomicInstr(\"amomin.w\");"}
,{"expanded":false,"Exclusion Rule Type":"None","UNR":"none","Index":"199","Blk Type":"a case item of","Src Start Line":"1105","Score":"0","All Average Grd":"0%","Enclosing Entity":"cv32e40p_tracer","Source":"        INSTR_AMOMAX:     trace.printAtomicInstr(\"amomax.w\");"}
,{"expanded":false,"Exclusion Rule Type":"None","UNR":"none","Index":"200","Blk Type":"a case item of","Src Start Line":"1106","Score":"0","All Average Grd":"0%","Enclosing Entity":"cv32e40p_tracer","Source":"        INSTR_AMOMINU:    trace.printAtomicInstr(\"amominu.w\");"}
,{"expanded":false,"Exclusion Rule Type":"None","UNR":"none","Index":"201","Blk Type":"a case item of","Src Start Line":"1107","Score":"0","All Average Grd":"0%","Enclosing Entity":"cv32e40p_tracer","Source":"        INSTR_AMOMAXU:    trace.printAtomicInstr(\"amomaxu.w\");"}
,{"expanded":false,"Exclusion Rule Type":"None","UNR":"none","Index":"203","Blk Type":"a case item of","Src Start Line":"1111","Score":"0","All Average Grd":"0%","Enclosing Entity":"cv32e40p_tracer","Source":"        {25'b?, OPCODE_LOAD_FP}:    trace.printLoadInstr();"}
,{"expanded":false,"Exclusion Rule Type":"None","UNR":"none","Index":"204","Blk Type":"a case item of","Src Start Line":"1112","Score":"0","All Average Grd":"0%","Enclosing Entity":"cv32e40p_tracer","Source":"        {25'b?, OPCODE_LOAD_POST}:  trace.printLoadInstr();"}
,{"expanded":false,"Exclusion Rule Type":"None","UNR":"none","Index":"206","Blk Type":"a case item of","Src Start Line":"1114","Score":"0","All Average Grd":"0%","Enclosing Entity":"cv32e40p_tracer","Source":"        {25'b?, OPCODE_STORE_FP}:   trace.printStoreInstr();"}
,{"expanded":false,"Exclusion Rule Type":"None","UNR":"none","Index":"207","Blk Type":"a case item of","Src Start Line":"1115","Score":"0","All Average Grd":"0%","Enclosing Entity":"cv32e40p_tracer","Source":"        {25'b?, OPCODE_STORE_POST}: trace.printStoreInstr();"}
,{"expanded":false,"Exclusion Rule Type":"None","UNR":"none","Index":"208","Blk Type":"a case item of","Src Start Line":"1116","Score":"0","All Average Grd":"0%","Enclosing Entity":"cv32e40p_tracer","Source":"        {25'b?, OPCODE_HWLOOP}:     trace.printHwloopInstr();"}
,{"expanded":false,"Exclusion Rule Type":"None","UNR":"none","Index":"209","Blk Type":"a case item of","Src Start Line":"1117","Score":"0","All Average Grd":"0%","Enclosing Entity":"cv32e40p_tracer","Source":"        {25'b?, OPCODE_VECOP}:      trace.printVecInstr();"}
,{"expanded":false,"Exclusion Rule Type":"None","UNR":"none","Index":"210","Blk Type":"a case item of","Src Start Line":"1118","Score":"0","All Average Grd":"0%","Enclosing Entity":"cv32e40p_tracer","Source":"        default: trace.printMnemonic(\"INVALID\");"}
]
,"expression_items":[{"expanded":false,"expanded":false,"Exclusion Rule Type":"None","Index":"3","All Average Grd":"66.67%","All Cov":"2 / 3 (66.67%)","Src Start Line":"821","Enclosing Entity":"cv32e40p_tracer","Source":"      if(ex_data_req && data_misaligned)"
,"subitems":[{"expanded":false,"expanded":false,"Exclusion Rule Type":"None","Index":"1","All Average Grd":"66.67%","All Cov":"2 / 3 (66.67%)","Source":"      if(ex_data_req && data_misaligned)","table_type":"cov"
,"subitems":[{"title":"0;-","expanded":false,"Exclusion Rule Type":"None","UNR":"none","Score":"1","Out":"n/a"}
,{"title":"-;0","expanded":false,"Exclusion Rule Type":"None","UNR":"none","Score":"1","Out":"n/a"}
,{"title":"1;1","expanded":false,"Exclusion Rule Type":"None","UNR":"none","Score":"0","Out":"n/a"}
],"cov_table_title":"Coverage Table","header":"ex_data_req && data_misaligned","columns":"ex_data_req;data_misaligned"}
]}
,{"expanded":false,"expanded":false,"Exclusion Rule Type":"None","Index":"4","All Average Grd":"0%","All Cov":"0 / 3 (0%)","Src Start Line":"843","Enclosing Entity":"cv32e40p_tracer","Source":"      end while (!ex_valid && !wb_bypass);"
,"subitems":[{"expanded":false,"expanded":false,"Exclusion Rule Type":"None","Index":"1","All Average Grd":"0%","All Cov":"0 / 3 (0%)","Source":"      end while (!ex_valid && !wb_bypass);","table_type":"cov"
,"subitems":[{"title":"0;0","expanded":false,"Exclusion Rule Type":"None","UNR":"none","Score":"0","Out":"1"}
,{"title":"-;1","expanded":false,"Exclusion Rule Type":"None","UNR":"none","Score":"0","Out":"0"}
,{"title":"1;-","expanded":false,"Exclusion Rule Type":"None","UNR":"none","Score":"0","Out":"0"}
],"cov_table_title":"Coverage Table with Output","header":"(! ex_valid) && (! wb_bypass)","columns":"ex_valid;wb_bypass"}
]}
]}
