{
"block_items":[{"expanded":false,"Exclusion Rule Type":"None","UNR":"none","Index":"12","Blk Type":"implicit else","Src Start Line":"388","Score":"0","All Average Grd":"0%","Enclosing Entity":"cv32e40p_controller","Source":"        if ((id_ready_i == 1'b1) )"}
,{"expanded":false,"Exclusion Rule Type":"None","UNR":"none","Index":"17","Blk Type":"true part of","Src Start Line":"403","Score":"0","All Average Grd":"0%","Enclosing Entity":"cv32e40p_controller","Source":"        begin"}
,{"expanded":false,"Exclusion Rule Type":"None","UNR":"none","Index":"22","Blk Type":"true part of","Src Start Line":"432","Score":"0","All Average Grd":"0%","Enclosing Entity":"cv32e40p_controller","Source":"          begin //data error"}
,{"expanded":false,"Exclusion Rule Type":"None","UNR":"none","Index":"24","Blk Type":"true part of","Src Start Line":"449","Score":"0","All Average Grd":"0%","Enclosing Entity":"cv32e40p_controller","Source":"          begin"}
,{"expanded":false,"Exclusion Rule Type":"None","UNR":"none","Index":"27","Blk Type":"true part of","Src Start Line":"476","Score":"0","All Average Grd":"0%","Enclosing Entity":"cv32e40p_controller","Source":"              begin"}
,{"expanded":false,"Exclusion Rule Type":"None","UNR":"none","Index":"37","Blk Type":"true part of","Src Start Line":"527","Score":"0","All Average Grd":"0%","Enclosing Entity":"cv32e40p_controller","Source":"                        ctrl_fsm_ns = DBG_FLUSH;"}
,{"expanded":false,"Exclusion Rule Type":"None","UNR":"none","Index":"39","Blk Type":"true part of","Src Start Line":"531","Score":"0","All Average Grd":"0%","Enclosing Entity":"cv32e40p_controller","Source":"                        ctrl_fsm_ns  = DBG_FLUSH;"}
,{"expanded":false,"Exclusion Rule Type":"None","UNR":"none","Index":"46","Blk Type":"a case item of","Src Start Line":"569","Score":"0","All Average Grd":"0%","Enclosing Entity":"cv32e40p_controller","Source":"                    data_load_event_i: begin"}
,{"expanded":false,"Exclusion Rule Type":"None","UNR":"none","Index":"48","Blk Type":"true part of","Src Start Line":"576","Score":"0","All Average Grd":"0%","Enclosing Entity":"cv32e40p_controller","Source":"                      if(is_hwlp_body) begin"}
,{"expanded":false,"Exclusion Rule Type":"None","UNR":"none","Index":"49","Blk Type":"true part of","Src Start Line":"586","Score":"0","All Average Grd":"0%","Enclosing Entity":"cv32e40p_controller","Source":"                        if(hwlp_end0_eq_pc && hwlp_counter0_gt_1) begin"}
,{"expanded":false,"Exclusion Rule Type":"None","UNR":"none","Index":"50","Blk Type":"true part of","Src Start Line":"588","Score":"0","All Average Grd":"0%","Enclosing Entity":"cv32e40p_controller","Source":"                            if (~jump_done_q) begin"}
,{"expanded":false,"Exclusion Rule Type":"None","UNR":"none","Index":"51","Blk Type":"implicit else","Src Start Line":"588","Score":"0","All Average Grd":"0%","Enclosing Entity":"cv32e40p_controller","Source":"                            if (~jump_done_q) begin"}
,{"expanded":false,"Exclusion Rule Type":"None","UNR":"none","Index":"52","Blk Type":"implicit else","Src Start Line":"586","Score":"0","All Average Grd":"0%","Enclosing Entity":"cv32e40p_controller","Source":"                        if(hwlp_end0_eq_pc && hwlp_counter0_gt_1) begin"}
,{"expanded":false,"Exclusion Rule Type":"None","UNR":"none","Index":"53","Blk Type":"code block","Src Start Line":"596","Score":"0","All Average Grd":"0%","Enclosing Entity":"cv32e40p_controller","Source":"                         if(hwlp_end1_eq_pc && hwlp_counter1_gt_1) begin"}
,{"expanded":false,"Exclusion Rule Type":"None","UNR":"none","Index":"54","Blk Type":"true part of","Src Start Line":"596","Score":"0","All Average Grd":"0%","Enclosing Entity":"cv32e40p_controller","Source":"                         if(hwlp_end1_eq_pc && hwlp_counter1_gt_1) begin"}
,{"expanded":false,"Exclusion Rule Type":"None","UNR":"none","Index":"55","Blk Type":"true part of","Src Start Line":"598","Score":"0","All Average Grd":"0%","Enclosing Entity":"cv32e40p_controller","Source":"                            if (~jump_done_q) begin"}
,{"expanded":false,"Exclusion Rule Type":"None","UNR":"none","Index":"56","Blk Type":"implicit else","Src Start Line":"598","Score":"0","All Average Grd":"0%","Enclosing Entity":"cv32e40p_controller","Source":"                            if (~jump_done_q) begin"}
,{"expanded":false,"Exclusion Rule Type":"None","UNR":"none","Index":"57","Blk Type":"implicit else","Src Start Line":"596","Score":"0","All Average Grd":"0%","Enclosing Entity":"cv32e40p_controller","Source":"                         if(hwlp_end1_eq_pc && hwlp_counter1_gt_1) begin"}
,{"expanded":false,"Exclusion Rule Type":"None","UNR":"none","Index":"60","Blk Type":"true part of","Src Start Line":"612","Score":"0","All Average Grd":"0%","Enclosing Entity":"cv32e40p_controller","Source":"                if (debug_single_step_i & ~debug_mode_q) begin"}
,{"expanded":false,"Exclusion Rule Type":"None","UNR":"none","Index":"61","Blk Type":"true part of","Src Start Line":"624","Score":"0","All Average Grd":"0%","Enclosing Entity":"cv32e40p_controller","Source":"                    if (id_ready_i) begin"}
,{"expanded":false,"Exclusion Rule Type":"None","UNR":"none","Index":"62","Blk Type":"a case item of","Src Start Line":"629","Score":"0","All Average Grd":"0%","Enclosing Entity":"cv32e40p_controller","Source":"                        begin"}
,{"expanded":false,"Exclusion Rule Type":"None","UNR":"none","Index":"63","Blk Type":"a case item of","Src Start Line":"634","Score":"0","All Average Grd":"0%","Enclosing Entity":"cv32e40p_controller","Source":"                        begin"}
,{"expanded":false,"Exclusion Rule Type":"None","UNR":"none","Index":"64","Blk Type":"a case item of","Src Start Line":"639","Score":"0","All Average Grd":"0%","Enclosing Entity":"cv32e40p_controller","Source":"                        begin"}
,{"expanded":false,"Exclusion Rule Type":"None","UNR":"none","Index":"65","Blk Type":"a case item of","Src Start Line":"644","Score":"0","All Average Grd":"0%","Enclosing Entity":"cv32e40p_controller","Source":"                        begin"}
,{"expanded":false,"Exclusion Rule Type":"None","UNR":"none","Index":"66","Blk Type":"a case item of","Src Start Line":"650","Score":"0","All Average Grd":"0%","Enclosing Entity":"cv32e40p_controller","Source":"                            ctrl_fsm_ns = DBG_FLUSH;"}
,{"expanded":false,"Exclusion Rule Type":"None","UNR":"none","Index":"67","Blk Type":"implicit else","Src Start Line":"624","Score":"0","All Average Grd":"0%","Enclosing Entity":"cv32e40p_controller","Source":"                    if (id_ready_i) begin"}
,{"expanded":false,"Exclusion Rule Type":"None","UNR":"none","Index":"70","Blk Type":"a case item of","Src Start Line":"666","Score":"0","All Average Grd":"0%","Enclosing Entity":"cv32e40p_controller","Source":"      begin"}
,{"expanded":false,"Exclusion Rule Type":"None","UNR":"none","Index":"71","Blk Type":"true part of","Src Start Line":"669","Score":"0","All Average Grd":"0%","Enclosing Entity":"cv32e40p_controller","Source":"          begin // now analyze the current instruction in the ID stage"}
,{"expanded":false,"Exclusion Rule Type":"None","UNR":"none","Index":"72","Blk Type":"true part of","Src Start Line":"674","Score":"0","All Average Grd":"0%","Enclosing Entity":"cv32e40p_controller","Source":"              begin"}
,{"expanded":false,"Exclusion Rule Type":"None","UNR":"none","Index":"73","Blk Type":"false part of","Src Start Line":"680","Score":"0","All Average Grd":"0%","Enclosing Entity":"cv32e40p_controller","Source":"            else if (irq_req_ctrl_i & irq_enable_int & (~debug_req_pending) & (~debug_mode_q) )"}
,{"expanded":false,"Exclusion Rule Type":"None","UNR":"none","Index":"74","Blk Type":"true part of","Src Start Line":"681","Score":"0","All Average Grd":"0%","Enclosing Entity":"cv32e40p_controller","Source":"              begin"}
,{"expanded":false,"Exclusion Rule Type":"None","UNR":"none","Index":"75","Blk Type":"false part of","Src Start Line":"689","Score":"0","All Average Grd":"0%","Enclosing Entity":"cv32e40p_controller","Source":"              begin"}
,{"expanded":false,"Exclusion Rule Type":"None","UNR":"none","Index":"76","Blk Type":"true part of","Src Start Line":"693","Score":"0","All Average Grd":"0%","Enclosing Entity":"cv32e40p_controller","Source":"                if(illegal_insn_i || is_hwlp_illegal) begin"}
,{"expanded":false,"Exclusion Rule Type":"None","UNR":"none","Index":"77","Blk Type":"false part of","Src Start Line":"700","Score":"0","All Average Grd":"0%","Enclosing Entity":"cv32e40p_controller","Source":"                end else begin"}
,{"expanded":false,"Exclusion Rule Type":"None","UNR":"none","Index":"78","Blk Type":"a case item of","Src Start Line":"705","Score":"0","All Average Grd":"0%","Enclosing Entity":"cv32e40p_controller","Source":"                    ebrk_insn_i: begin"}
,{"expanded":false,"Exclusion Rule Type":"None","UNR":"none","Index":"79","Blk Type":"true part of","Src Start Line":"711","Score":"0","All Average Grd":"0%","Enclosing Entity":"cv32e40p_controller","Source":"                        ctrl_fsm_ns = DBG_FLUSH;"}
,{"expanded":false,"Exclusion Rule Type":"None","UNR":"none","Index":"80","Blk Type":"false part of","Src Start Line":"713","Score":"0","All Average Grd":"0%","Enclosing Entity":"cv32e40p_controller","Source":"                      else if (ebrk_force_debug_mode)"}
,{"expanded":false,"Exclusion Rule Type":"None","UNR":"none","Index":"81","Blk Type":"true part of","Src Start Line":"715","Score":"0","All Average Grd":"0%","Enclosing Entity":"cv32e40p_controller","Source":"                        ctrl_fsm_ns  = DBG_FLUSH;"}
,{"expanded":false,"Exclusion Rule Type":"None","UNR":"none","Index":"82","Blk Type":"false part of","Src Start Line":"717","Score":"0","All Average Grd":"0%","Enclosing Entity":"cv32e40p_controller","Source":"                      else begin"}
,{"expanded":false,"Exclusion Rule Type":"None","UNR":"none","Index":"83","Blk Type":"a case item of","Src Start Line":"724","Score":"0","All Average Grd":"0%","Enclosing Entity":"cv32e40p_controller","Source":"                    ecall_insn_i: begin"}
,{"expanded":false,"Exclusion Rule Type":"None","UNR":"none","Index":"84","Blk Type":"a case item of","Src Start Line":"730","Score":"0","All Average Grd":"0%","Enclosing Entity":"cv32e40p_controller","Source":"                    csr_status_i: begin"}
,{"expanded":false,"Exclusion Rule Type":"None","UNR":"none","Index":"85","Blk Type":"a case item of","Src Start Line":"735","Score":"0","All Average Grd":"0%","Enclosing Entity":"cv32e40p_controller","Source":"                    data_load_event_i: begin"}
,{"expanded":false,"Exclusion Rule Type":"None","UNR":"none","Index":"86","Blk Type":"a case item of","Src Start Line":"740","Score":"0","All Average Grd":"0%","Enclosing Entity":"cv32e40p_controller","Source":"                    default: begin"}
,{"expanded":false,"Exclusion Rule Type":"None","UNR":"none","Index":"87","Blk Type":"true part of","Src Start Line":"743","Score":"0","All Average Grd":"0%","Enclosing Entity":"cv32e40p_controller","Source":"                      if(hwlp_end1_eq_pc_plus4) begin"}
,{"expanded":false,"Exclusion Rule Type":"None","UNR":"none","Index":"88","Blk Type":"true part of","Src Start Line":"744","Score":"0","All Average Grd":"0%","Enclosing Entity":"cv32e40p_controller","Source":"                          if(hwlp_counter1_gt_1) begin"}
,{"expanded":false,"Exclusion Rule Type":"None","UNR":"none","Index":"89","Blk Type":"false part of","Src Start Line":"749","Score":"0","All Average Grd":"0%","Enclosing Entity":"cv32e40p_controller","Source":"                            ctrl_fsm_ns      = is_hwlp_body ? DECODE_HWLOOP : DECODE;"}
,{"expanded":false,"Exclusion Rule Type":"None","UNR":"none","Index":"90","Blk Type":"implicit else","Src Start Line":"743","Score":"0","All Average Grd":"0%","Enclosing Entity":"cv32e40p_controller","Source":"                      if(hwlp_end1_eq_pc_plus4) begin"}
,{"expanded":false,"Exclusion Rule Type":"None","UNR":"none","Index":"91","Blk Type":"code block","Src Start Line":"752","Score":"0","All Average Grd":"0%","Enclosing Entity":"cv32e40p_controller","Source":"                      if(hwlp_end0_eq_pc_plus4) begin"}
,{"expanded":false,"Exclusion Rule Type":"None","UNR":"none","Index":"92","Blk Type":"true part of","Src Start Line":"752","Score":"0","All Average Grd":"0%","Enclosing Entity":"cv32e40p_controller","Source":"                      if(hwlp_end0_eq_pc_plus4) begin"}
,{"expanded":false,"Exclusion Rule Type":"None","UNR":"none","Index":"93","Blk Type":"true part of","Src Start Line":"753","Score":"0","All Average Grd":"0%","Enclosing Entity":"cv32e40p_controller","Source":"                          if(hwlp_counter0_gt_1) begin"}
,{"expanded":false,"Exclusion Rule Type":"None","UNR":"none","Index":"94","Blk Type":"false part of","Src Start Line":"758","Score":"0","All Average Grd":"0%","Enclosing Entity":"cv32e40p_controller","Source":"                            ctrl_fsm_ns      = is_hwlp_body ? DECODE_HWLOOP : DECODE;"}
,{"expanded":false,"Exclusion Rule Type":"None","UNR":"none","Index":"95","Blk Type":"implicit else","Src Start Line":"752","Score":"0","All Average Grd":"0%","Enclosing Entity":"cv32e40p_controller","Source":"                      if(hwlp_end0_eq_pc_plus4) begin"}
,{"expanded":false,"Exclusion Rule Type":"None","UNR":"none","Index":"96","Blk Type":"code block","Src Start Line":"761","Score":"0","All Average Grd":"0%","Enclosing Entity":"cv32e40p_controller","Source":"                      hwlp_dec_cnt_o[0] = hwlp_end0_eq_pc;"}
,{"expanded":false,"Exclusion Rule Type":"None","UNR":"none","Index":"97","Blk Type":"code block","Src Start Line":"768","Score":"0","All Average Grd":"0%","Enclosing Entity":"cv32e40p_controller","Source":"                if (debug_single_step_i & ~debug_mode_q) begin"}
,{"expanded":false,"Exclusion Rule Type":"None","UNR":"none","Index":"98","Blk Type":"true part of","Src Start Line":"768","Score":"0","All Average Grd":"0%","Enclosing Entity":"cv32e40p_controller","Source":"                if (debug_single_step_i & ~debug_mode_q) begin"}
,{"expanded":false,"Exclusion Rule Type":"None","UNR":"none","Index":"99","Blk Type":"true part of","Src Start Line":"780","Score":"0","All Average Grd":"0%","Enclosing Entity":"cv32e40p_controller","Source":"                    if (id_ready_i) begin"}
,{"expanded":false,"Exclusion Rule Type":"None","UNR":"none","Index":"100","Blk Type":"a case item of","Src Start Line":"785","Score":"0","All Average Grd":"0%","Enclosing Entity":"cv32e40p_controller","Source":"                        begin"}
,{"expanded":false,"Exclusion Rule Type":"None","UNR":"none","Index":"101","Blk Type":"a case item of","Src Start Line":"790","Score":"0","All Average Grd":"0%","Enclosing Entity":"cv32e40p_controller","Source":"                        begin"}
,{"expanded":false,"Exclusion Rule Type":"None","UNR":"none","Index":"102","Blk Type":"a case item of","Src Start Line":"795","Score":"0","All Average Grd":"0%","Enclosing Entity":"cv32e40p_controller","Source":"                        begin"}
,{"expanded":false,"Exclusion Rule Type":"None","UNR":"none","Index":"103","Blk Type":"a case item of","Src Start Line":"800","Score":"0","All Average Grd":"0%","Enclosing Entity":"cv32e40p_controller","Source":"                        begin"}
,{"expanded":false,"Exclusion Rule Type":"None","UNR":"none","Index":"104","Blk Type":"a case item of","Src Start Line":"806","Score":"0","All Average Grd":"0%","Enclosing Entity":"cv32e40p_controller","Source":"                            ctrl_fsm_ns = DBG_FLUSH;"}
,{"expanded":false,"Exclusion Rule Type":"None","UNR":"none","Index":"105","Blk Type":"implicit else","Src Start Line":"780","Score":"0","All Average Grd":"0%","Enclosing Entity":"cv32e40p_controller","Source":"                    if (id_ready_i) begin"}
,{"expanded":false,"Exclusion Rule Type":"None","UNR":"none","Index":"106","Blk Type":"implicit else","Src Start Line":"768","Score":"0","All Average Grd":"0%","Enclosing Entity":"cv32e40p_controller","Source":"                if (debug_single_step_i & ~debug_mode_q) begin"}
,{"expanded":false,"Exclusion Rule Type":"None","UNR":"none","Index":"107","Blk Type":"false part of","Src Start Line":"814","Score":"0","All Average Grd":"0%","Enclosing Entity":"cv32e40p_controller","Source":"          else begin"}
,{"expanded":false,"Exclusion Rule Type":"None","UNR":"none","Index":"109","Blk Type":"true part of","Src Start Line":"830","Score":"0","All Average Grd":"0%","Enclosing Entity":"cv32e40p_controller","Source":"        begin //data error"}
,{"expanded":false,"Exclusion Rule Type":"None","UNR":"none","Index":"119","Blk Type":"true part of","Src Start Line":"878","Score":"0","All Average Grd":"0%","Enclosing Entity":"cv32e40p_controller","Source":"        begin //data error"}
,{"expanded":false,"Exclusion Rule Type":"None","UNR":"none","Index":"123","Blk Type":"a case item of","Src Start Line":"901","Score":"0","All Average Grd":"0%","Enclosing Entity":"cv32e40p_controller","Source":"      begin"}
,{"expanded":false,"Exclusion Rule Type":"None","UNR":"none","Index":"124","Blk Type":"true part of","Src Start Line":"909","Score":"0","All Average Grd":"0%","Enclosing Entity":"cv32e40p_controller","Source":"        if(irq_pending_i & irq_enable_int) begin"}
,{"expanded":false,"Exclusion Rule Type":"None","UNR":"none","Index":"125","Blk Type":"false part of","Src Start Line":"911","Score":"0","All Average Grd":"0%","Enclosing Entity":"cv32e40p_controller","Source":"        end else begin"}
,{"expanded":false,"Exclusion Rule Type":"None","UNR":"none","Index":"126","Blk Type":"a case item of","Src Start Line":"919","Score":"0","All Average Grd":"0%","Enclosing Entity":"cv32e40p_controller","Source":"      begin"}
,{"expanded":false,"Exclusion Rule Type":"None","UNR":"none","Index":"127","Blk Type":"true part of","Src Start Line":"932","Score":"0","All Average Grd":"0%","Enclosing Entity":"cv32e40p_controller","Source":"          ctrl_fsm_ns = ((debug_req_pending || trigger_match_i) & ~debug_mode_q) ? DBG_FLUSH : IRQ_FLUSH_ELW;"}
,{"expanded":false,"Exclusion Rule Type":"None","UNR":"none","Index":"128","Blk Type":"false part of","Src Start Line":"936","Score":"0","All Average Grd":"0%","Enclosing Entity":"cv32e40p_controller","Source":"          ctrl_fsm_ns = ELW_EXE;"}
,{"expanded":false,"Exclusion Rule Type":"None","UNR":"none","Index":"129","Blk Type":"code block","Src Start Line":"938","Score":"0","All Average Grd":"0%","Enclosing Entity":"cv32e40p_controller","Source":"        perf_pipeline_stall_o = data_load_event_i;"}
,{"expanded":false,"Exclusion Rule Type":"None","UNR":"none","Index":"131","Blk Type":"true part of","Src Start Line":"954","Score":"0","All Average Grd":"0%","Enclosing Entity":"cv32e40p_controller","Source":"            trap_addr_mux_o  = TRAP_MACHINE;"}
,{"expanded":false,"Exclusion Rule Type":"None","UNR":"none","Index":"135","Blk Type":"true part of","Src Start Line":"979","Score":"0","All Average Grd":"0%","Enclosing Entity":"cv32e40p_controller","Source":"            trap_addr_mux_o  = TRAP_MACHINE;"}
,{"expanded":false,"Exclusion Rule Type":"None","UNR":"none","Index":"139","Blk Type":"true part of","Src Start Line":"1001","Score":"0","All Average Grd":"0%","Enclosing Entity":"cv32e40p_controller","Source":"        if(data_err_q) begin"}
,{"expanded":false,"Exclusion Rule Type":"None","UNR":"none","Index":"141","Blk Type":"true part of","Src Start Line":"1011","Score":"0","All Average Grd":"0%","Enclosing Entity":"cv32e40p_controller","Source":"        else if (is_fetch_failed_i) begin"}
,{"expanded":false,"Exclusion Rule Type":"None","UNR":"none","Index":"144","Blk Type":"true part of","Src Start Line":"1029","Score":"0","All Average Grd":"0%","Enclosing Entity":"cv32e40p_controller","Source":"                  ctrl_fsm_ns = DBG_TAKEN_IF;"}
,{"expanded":false,"Exclusion Rule Type":"None","UNR":"none","Index":"148","Blk Type":"true part of","Src Start Line":"1040","Score":"0","All Average Grd":"0%","Enclosing Entity":"cv32e40p_controller","Source":"                      ctrl_fsm_ns = DBG_TAKEN_IF;"}
,{"expanded":false,"Exclusion Rule Type":"None","UNR":"none","Index":"151","Blk Type":"true part of","Src Start Line":"1052","Score":"0","All Average Grd":"0%","Enclosing Entity":"cv32e40p_controller","Source":"                      ctrl_fsm_ns = DBG_TAKEN_IF;"}
,{"expanded":false,"Exclusion Rule Type":"None","UNR":"none","Index":"154","Blk Type":"a case item of","Src Start Line":"1059","Score":"0","All Average Grd":"0%","Enclosing Entity":"cv32e40p_controller","Source":"              uret_insn_i: begin"}
,{"expanded":false,"Exclusion Rule Type":"None","UNR":"none","Index":"155","Blk Type":"a case item of","Src Start Line":"1063","Score":"0","All Average Grd":"0%","Enclosing Entity":"cv32e40p_controller","Source":"              dret_insn_i: begin"}
,{"expanded":false,"Exclusion Rule Type":"None","UNR":"none","Index":"157","Blk Type":"true part of","Src Start Line":"1070","Score":"0","All Average Grd":"0%","Enclosing Entity":"cv32e40p_controller","Source":"                if(hwlp_end0_eq_pc && hwlp_counter0_gt_1) begin"}
,{"expanded":false,"Exclusion Rule Type":"None","UNR":"none","Index":"160","Blk Type":"true part of","Src Start Line":"1075","Score":"0","All Average Grd":"0%","Enclosing Entity":"cv32e40p_controller","Source":"                if(hwlp_end1_eq_pc && hwlp_counter1_gt_1) begin"}
,{"expanded":false,"Exclusion Rule Type":"None","UNR":"none","Index":"163","Blk Type":"true part of","Src Start Line":"1082","Score":"0","All Average Grd":"0%","Enclosing Entity":"cv32e40p_controller","Source":"                    ctrl_fsm_ns = DBG_TAKEN_IF;"}
,{"expanded":false,"Exclusion Rule Type":"None","UNR":"none","Index":"167","Blk Type":"a case item of","Src Start Line":"1095","Score":"0","All Average Grd":"0%","Enclosing Entity":"cv32e40p_controller","Source":"              default:;"}
,{"expanded":false,"Exclusion Rule Type":"None","UNR":"none","Index":"170","Blk Type":"a case item of","Src Start Line":"1113","Score":"0","All Average Grd":"0%","Enclosing Entity":"cv32e40p_controller","Source":"          uret_dec_i: begin"}
,{"expanded":false,"Exclusion Rule Type":"None","UNR":"none","Index":"171","Blk Type":"a case item of","Src Start Line":"1119","Score":"0","All Average Grd":"0%","Enclosing Entity":"cv32e40p_controller","Source":"          dret_dec_i: begin"}
,{"expanded":false,"Exclusion Rule Type":"None","UNR":"none","Index":"172","Blk Type":"a case item of","Src Start Line":"1126","Score":"0","All Average Grd":"0%","Enclosing Entity":"cv32e40p_controller","Source":"          default:;"}
,{"expanded":false,"Exclusion Rule Type":"None","UNR":"none","Index":"174","Blk Type":"true part of","Src Start Line":"1129","Score":"0","All Average Grd":"0%","Enclosing Entity":"cv32e40p_controller","Source":"        if (debug_single_step_i && ~debug_mode_q) begin"}
,{"expanded":false,"Exclusion Rule Type":"None","UNR":"none","Index":"176","Blk Type":"a case item of","Src Start Line":"1137","Score":"0","All Average Grd":"0%","Enclosing Entity":"cv32e40p_controller","Source":"      begin"}
,{"expanded":false,"Exclusion Rule Type":"None","UNR":"none","Index":"177","Blk Type":"true part of","Src Start Line":"1141","Score":"0","All Average Grd":"0%","Enclosing Entity":"cv32e40p_controller","Source":"        if (branch_taken_ex_i) begin"}
,{"expanded":false,"Exclusion Rule Type":"None","UNR":"none","Index":"178","Blk Type":"implicit else","Src Start Line":"1141","Score":"0","All Average Grd":"0%","Enclosing Entity":"cv32e40p_controller","Source":"        if (branch_taken_ex_i) begin"}
,{"expanded":false,"Exclusion Rule Type":"None","UNR":"none","Index":"179","Blk Type":"code block","Src Start Line":"1147","Score":"0","All Average Grd":"0%","Enclosing Entity":"cv32e40p_controller","Source":"        ctrl_fsm_ns = DBG_FLUSH;"}
,{"expanded":false,"Exclusion Rule Type":"None","UNR":"none","Index":"180","Blk Type":"a case item of","Src Start Line":"1159","Score":"0","All Average Grd":"0%","Enclosing Entity":"cv32e40p_controller","Source":"      begin"}
,{"expanded":false,"Exclusion Rule Type":"None","UNR":"none","Index":"181","Blk Type":"true part of","Src Start Line":"1165","Score":"0","All Average Grd":"0%","Enclosing Entity":"cv32e40p_controller","Source":"            (ebrk_insn_i && ebrk_force_debug_mode && (~debug_mode_q))) begin"}
,{"expanded":false,"Exclusion Rule Type":"None","UNR":"none","Index":"182","Blk Type":"true part of","Src Start Line":"1170","Score":"0","All Average Grd":"0%","Enclosing Entity":"cv32e40p_controller","Source":"                debug_cause_o = DBG_CAUSE_HALTREQ;"}
,{"expanded":false,"Exclusion Rule Type":"None","UNR":"none","Index":"183","Blk Type":"implicit else","Src Start Line":"1169","Score":"0","All Average Grd":"0%","Enclosing Entity":"cv32e40p_controller","Source":"            if (debug_req_pending)"}
,{"expanded":false,"Exclusion Rule Type":"None","UNR":"none","Index":"184","Blk Type":"code block","Src Start Line":"1171","Score":"0","All Average Grd":"0%","Enclosing Entity":"cv32e40p_controller","Source":"            if (ebrk_insn_i)"}
,{"expanded":false,"Exclusion Rule Type":"None","UNR":"none","Index":"185","Blk Type":"true part of","Src Start Line":"1172","Score":"0","All Average Grd":"0%","Enclosing Entity":"cv32e40p_controller","Source":"                debug_cause_o = DBG_CAUSE_EBREAK;"}
,{"expanded":false,"Exclusion Rule Type":"None","UNR":"none","Index":"186","Blk Type":"implicit else","Src Start Line":"1171","Score":"0","All Average Grd":"0%","Enclosing Entity":"cv32e40p_controller","Source":"            if (ebrk_insn_i)"}
,{"expanded":false,"Exclusion Rule Type":"None","UNR":"none","Index":"187","Blk Type":"code block","Src Start Line":"1173","Score":"0","All Average Grd":"0%","Enclosing Entity":"cv32e40p_controller","Source":"            if (trigger_match_i)"}
,{"expanded":false,"Exclusion Rule Type":"None","UNR":"none","Index":"188","Blk Type":"true part of","Src Start Line":"1174","Score":"0","All Average Grd":"0%","Enclosing Entity":"cv32e40p_controller","Source":"                debug_cause_o = DBG_CAUSE_TRIGGER;"}
,{"expanded":false,"Exclusion Rule Type":"None","UNR":"none","Index":"189","Blk Type":"implicit else","Src Start Line":"1173","Score":"0","All Average Grd":"0%","Enclosing Entity":"cv32e40p_controller","Source":"            if (trigger_match_i)"}
,{"expanded":false,"Exclusion Rule Type":"None","UNR":"none","Index":"190","Blk Type":"code block","Src Start Line":"1175","Score":"0","All Average Grd":"0%","Enclosing Entity":"cv32e40p_controller","Source":"            if (debug_single_step_i)"}
,{"expanded":false,"Exclusion Rule Type":"None","UNR":"none","Index":"191","Blk Type":"true part of","Src Start Line":"1176","Score":"0","All Average Grd":"0%","Enclosing Entity":"cv32e40p_controller","Source":"                debug_cause_o = DBG_CAUSE_STEP;"}
,{"expanded":false,"Exclusion Rule Type":"None","UNR":"none","Index":"192","Blk Type":"implicit else","Src Start Line":"1175","Score":"0","All Average Grd":"0%","Enclosing Entity":"cv32e40p_controller","Source":"            if (debug_single_step_i)"}
,{"expanded":false,"Exclusion Rule Type":"None","UNR":"none","Index":"193","Blk Type":"implicit else","Src Start Line":"1164","Score":"0","All Average Grd":"0%","Enclosing Entity":"cv32e40p_controller","Source":"        if (((debug_req_pending || trigger_match_i || debug_single_step_i) && (~debug_mode_q)) ||"}
,{"expanded":false,"Exclusion Rule Type":"None","UNR":"none","Index":"194","Blk Type":"code block","Src Start Line":"1178","Score":"0","All Average Grd":"0%","Enclosing Entity":"cv32e40p_controller","Source":"        ctrl_fsm_ns  = DECODE;"}
,{"expanded":false,"Exclusion Rule Type":"None","UNR":"none","Index":"195","Blk Type":"a case item of","Src Start Line":"1183","Score":"0","All Average Grd":"0%","Enclosing Entity":"cv32e40p_controller","Source":"      begin"}
,{"expanded":false,"Exclusion Rule Type":"None","UNR":"none","Index":"196","Blk Type":"true part of","Src Start Line":"1191","Score":"0","All Average Grd":"0%","Enclosing Entity":"cv32e40p_controller","Source":"            debug_cause_o = DBG_CAUSE_STEP;"}
,{"expanded":false,"Exclusion Rule Type":"None","UNR":"none","Index":"197","Blk Type":"implicit else","Src Start Line":"1190","Score":"0","All Average Grd":"0%","Enclosing Entity":"cv32e40p_controller","Source":"        if (debug_single_step_i)"}
,{"expanded":false,"Exclusion Rule Type":"None","UNR":"none","Index":"198","Blk Type":"code block","Src Start Line":"1192","Score":"0","All Average Grd":"0%","Enclosing Entity":"cv32e40p_controller","Source":"        if (debug_req_pending)"}
,{"expanded":false,"Exclusion Rule Type":"None","UNR":"none","Index":"199","Blk Type":"true part of","Src Start Line":"1193","Score":"0","All Average Grd":"0%","Enclosing Entity":"cv32e40p_controller","Source":"            debug_cause_o = DBG_CAUSE_HALTREQ;"}
,{"expanded":false,"Exclusion Rule Type":"None","UNR":"none","Index":"200","Blk Type":"implicit else","Src Start Line":"1192","Score":"0","All Average Grd":"0%","Enclosing Entity":"cv32e40p_controller","Source":"        if (debug_req_pending)"}
,{"expanded":false,"Exclusion Rule Type":"None","UNR":"none","Index":"201","Blk Type":"code block","Src Start Line":"1194","Score":"0","All Average Grd":"0%","Enclosing Entity":"cv32e40p_controller","Source":"        if (ebrk_insn_i)"}
,{"expanded":false,"Exclusion Rule Type":"None","UNR":"none","Index":"202","Blk Type":"true part of","Src Start Line":"1195","Score":"0","All Average Grd":"0%","Enclosing Entity":"cv32e40p_controller","Source":"            debug_cause_o = DBG_CAUSE_EBREAK;"}
,{"expanded":false,"Exclusion Rule Type":"None","UNR":"none","Index":"203","Blk Type":"implicit else","Src Start Line":"1194","Score":"0","All Average Grd":"0%","Enclosing Entity":"cv32e40p_controller","Source":"        if (ebrk_insn_i)"}
,{"expanded":false,"Exclusion Rule Type":"None","UNR":"none","Index":"204","Blk Type":"code block","Src Start Line":"1196","Score":"0","All Average Grd":"0%","Enclosing Entity":"cv32e40p_controller","Source":"        if (trigger_match_i)"}
,{"expanded":false,"Exclusion Rule Type":"None","UNR":"none","Index":"205","Blk Type":"true part of","Src Start Line":"1197","Score":"0","All Average Grd":"0%","Enclosing Entity":"cv32e40p_controller","Source":"          debug_cause_o   = DBG_CAUSE_TRIGGER;"}
,{"expanded":false,"Exclusion Rule Type":"None","UNR":"none","Index":"206","Blk Type":"implicit else","Src Start Line":"1196","Score":"0","All Average Grd":"0%","Enclosing Entity":"cv32e40p_controller","Source":"        if (trigger_match_i)"}
,{"expanded":false,"Exclusion Rule Type":"None","UNR":"none","Index":"207","Blk Type":"code block","Src Start Line":"1198","Score":"0","All Average Grd":"0%","Enclosing Entity":"cv32e40p_controller","Source":"        csr_save_if_o   = 1'b1;"}
,{"expanded":false,"Exclusion Rule Type":"None","UNR":"none","Index":"208","Blk Type":"a case item of","Src Start Line":"1205","Score":"0","All Average Grd":"0%","Enclosing Entity":"cv32e40p_controller","Source":"      begin"}
,{"expanded":false,"Exclusion Rule Type":"None","UNR":"none","Index":"209","Blk Type":"true part of","Src Start Line":"1214","Score":"0","All Average Grd":"0%","Enclosing Entity":"cv32e40p_controller","Source":"        begin //data error"}
,{"expanded":false,"Exclusion Rule Type":"None","UNR":"none","Index":"210","Blk Type":"false part of","Src Start Line":"1224","Score":"0","All Average Grd":"0%","Enclosing Entity":"cv32e40p_controller","Source":"        else begin"}
,{"expanded":false,"Exclusion Rule Type":"None","UNR":"none","Index":"211","Blk Type":"true part of","Src Start Line":"1225","Score":"0","All Average Grd":"0%","Enclosing Entity":"cv32e40p_controller","Source":"          if(debug_mode_q) begin //ebreak in debug rom"}
,{"expanded":false,"Exclusion Rule Type":"None","UNR":"none","Index":"212","Blk Type":"false part of","Src Start Line":"1227","Score":"0","All Average Grd":"0%","Enclosing Entity":"cv32e40p_controller","Source":"          end else if(data_load_event_i) begin"}
,{"expanded":false,"Exclusion Rule Type":"None","UNR":"none","Index":"213","Blk Type":"true part of","Src Start Line":"1227","Score":"0","All Average Grd":"0%","Enclosing Entity":"cv32e40p_controller","Source":"          end else if(data_load_event_i) begin"}
,{"expanded":false,"Exclusion Rule Type":"None","UNR":"none","Index":"214","Blk Type":"false part of","Src Start Line":"1229","Score":"0","All Average Grd":"0%","Enclosing Entity":"cv32e40p_controller","Source":"          end else if (debug_single_step_i) begin"}
,{"expanded":false,"Exclusion Rule Type":"None","UNR":"none","Index":"215","Blk Type":"true part of","Src Start Line":"1229","Score":"0","All Average Grd":"0%","Enclosing Entity":"cv32e40p_controller","Source":"          end else if (debug_single_step_i) begin"}
,{"expanded":false,"Exclusion Rule Type":"None","UNR":"none","Index":"216","Blk Type":"false part of","Src Start Line":"1232","Score":"0","All Average Grd":"0%","Enclosing Entity":"cv32e40p_controller","Source":"          end else begin"}
,{"expanded":false,"Exclusion Rule Type":"None","UNR":"none","Index":"253","Blk Type":"true part of","Src Start Line":"1392","Score":"0","All Average Grd":"0%","Enclosing Entity":"cv32e40p_controller","Source":"    begin"}
,{"expanded":false,"Exclusion Rule Type":"None","UNR":"none","Index":"267","Blk Type":"true part of","Src Start Line":"1465","Score":"0","All Average Grd":"0%","Enclosing Entity":"cv32e40p_controller","Source":"        debug_req_q <= 1'b1;"}
,{"expanded":false,"Exclusion Rule Type":"None","UNR":"none","Index":"269","Blk Type":"true part of","Src Start Line":"1467","Score":"0","All Average Grd":"0%","Enclosing Entity":"cv32e40p_controller","Source":"        debug_req_q <= 1'b0;"}
],"assertion_items"
:[{"expanded":false,"Exclusion Rule Type":"None","UNR":"none","title":"a_hwlp_same_target_address","All Average Grd":"0%","Assertion Status Grd":"0%","Enclosing Entity":"cv32e40p_controller","Source":"  a_hwlp_same_target_address : assert property(p_hwlp_same_target_address) else $warning(\"%t, HWLoops target address do not respect constraints\", $time);"}
,{"expanded":false,"Exclusion Rule Type":"None","UNR":"none","title":"a_pulp_cluster_excluded_states","All Average Grd":"100%","Assertion Status Grd":"100%","Enclosing Entity":"cv32e40p_controller","Source":"  a_pulp_cluster_excluded_states : assert property(p_pulp_cluster_excluded_states);"}
,{"expanded":false,"Exclusion Rule Type":"None","UNR":"none","title":"a_pulp_cluster_only_states","All Average Grd":"100%","Assertion Status Grd":"100%","Enclosing Entity":"cv32e40p_controller","Source":"  a_pulp_cluster_only_states : assert property(p_pulp_cluster_only_states);"}
,{"expanded":false,"Exclusion Rule Type":"None","UNR":"none","title":"__assert_1","All Average Grd":"100%","Assertion Status Grd":"100%","Enclosing Entity":"cv32e40p_controller","Source":"  assert property ("}
]
,"expression_items":[{"expanded":false,"expanded":false,"Exclusion Rule Type":"None","Index":"1","All Average Grd":"40%","All Cov":"2 / 5 (40%)","Src Start Line":"331","Enclosing Entity":"cv32e40p_controller","Source":"    hwlp_targ_addr_o        = ((hwlp_start1_leq_pc && hwlp_end1_geq_pc) && !(hwlp_start0_leq_pc && hwlp_end0_geq_pc)) ? hwlp_start_addr_i[1] : hwlp_start_addr_i[0];"
,"subitems":[{"expanded":false,"expanded":false,"Exclusion Rule Type":"None","Index":"1","All Average Grd":"40%","All Cov":"2 / 5 (40%)","Source":"    hwlp_targ_addr_o        = ((hwlp_start1_leq_pc && hwlp_end1_geq_pc) && !(hwlp_start0_leq_pc && hwlp_end0_geq_pc)) ? hwlp_start_addr_i[1] : hwlp_start_addr_i[0];","table_type":"cov"
,"subitems":[{"title":"1;1;-;0","expanded":false,"Exclusion Rule Type":"None","UNR":"none","Score":"0","Out":"1"}
,{"title":"1;1;0;-","expanded":false,"Exclusion Rule Type":"None","UNR":"none","Score":"0","Out":"1"}
,{"title":"-;-;1;1","expanded":false,"Exclusion Rule Type":"None","UNR":"none","Score":"0","Out":"0"}
,{"title":"-;0;-;-","expanded":false,"Exclusion Rule Type":"None","UNR":"none","Score":"1","Out":"0"}
,{"title":"0;-;-;-","expanded":false,"Exclusion Rule Type":"None","UNR":"none","Score":"1","Out":"0"}
],"cov_table_title":"Coverage Table with Output","header":"((hwlp_start1_leq_pc && hwlp_end1_geq_pc) && (! (hwlp_start0_leq_pc && hwlp_end0_geq_pc)))","columns":"hwlp_start1_leq_pc;hwlp_end1_geq_pc;hwlp_start0_leq_pc;hwlp_end0_geq_pc"}
]}
,{"expanded":false,"expanded":false,"Exclusion Rule Type":"None","Index":"2","All Average Grd":"33.33%","All Cov":"1 / 3 (33.33%)","Src Start Line":"402","Enclosing Entity":"cv32e40p_controller","Source":"        if ((debug_req_pending || trigger_match_i) & (~debug_mode_q))"
,"subitems":[{"expanded":false,"expanded":false,"Exclusion Rule Type":"None","Index":"1","All Average Grd":"33.33%","All Cov":"1 / 3 (33.33%)","Source":"        if ((debug_req_pending || trigger_match_i) & (~debug_mode_q))","table_type":"cov"
,"subitems":[{"title":"1;-","expanded":false,"Exclusion Rule Type":"None","UNR":"none","Score":"0","Out":"n/a"}
,{"title":"-;1","expanded":false,"Exclusion Rule Type":"None","UNR":"none","Score":"0","Out":"n/a"}
,{"title":"0;0","expanded":false,"Exclusion Rule Type":"None","UNR":"none","Score":"1","Out":"n/a"}
],"cov_table_title":"Coverage Table","header":"(debug_req_pending || trigger_match_i)","columns":"debug_req_pending;trigger_match_i"}
]}
,{"expanded":false,"expanded":false,"Exclusion Rule Type":"None","Index":"4","All Average Grd":"33.33%","All Cov":"1 / 3 (33.33%)","Src Start Line":"475","Enclosing Entity":"cv32e40p_controller","Source":"            if ( (debug_req_pending || trigger_match_i) & (~debug_mode_q) )"
,"subitems":[{"expanded":false,"expanded":false,"Exclusion Rule Type":"None","Index":"1","All Average Grd":"33.33%","All Cov":"1 / 3 (33.33%)","Source":"            if ( (debug_req_pending || trigger_match_i) & (~debug_mode_q) )","table_type":"cov"
,"subitems":[{"title":"1;-","expanded":false,"Exclusion Rule Type":"None","UNR":"none","Score":"0","Out":"n/a"}
,{"title":"-;1","expanded":false,"Exclusion Rule Type":"None","UNR":"none","Score":"0","Out":"n/a"}
,{"title":"0;0","expanded":false,"Exclusion Rule Type":"None","UNR":"none","Score":"1","Out":"n/a"}
],"cov_table_title":"Coverage Table","header":"(debug_req_pending || trigger_match_i)","columns":"debug_req_pending;trigger_match_i"}
]}
,{"expanded":false,"expanded":false,"Exclusion Rule Type":"None","Index":"5","All Average Grd":"66.67%","All Cov":"2 / 3 (66.67%)","Src Start Line":"496","Enclosing Entity":"cv32e40p_controller","Source":"                if(illegal_insn_i || is_hwlp_illegal) begin"
,"subitems":[{"expanded":false,"expanded":false,"Exclusion Rule Type":"None","Index":"1","All Average Grd":"66.67%","All Cov":"2 / 3 (66.67%)","Source":"                if(illegal_insn_i || is_hwlp_illegal) begin","table_type":"cov"
,"subitems":[{"title":"1;-","expanded":false,"Exclusion Rule Type":"None","UNR":"none","Score":"1","Out":"n/a"}
,{"title":"-;1","expanded":false,"Exclusion Rule Type":"None","UNR":"none","Score":"0","Out":"n/a"}
,{"title":"0;0","expanded":false,"Exclusion Rule Type":"None","UNR":"none","Score":"1","Out":"n/a"}
],"cov_table_title":"Coverage Table","header":"illegal_insn_i || is_hwlp_illegal","columns":"illegal_insn_i;is_hwlp_illegal"}
]}
,{"expanded":false,"expanded":false,"Exclusion Rule Type":"None","Index":"7","All Average Grd":"0%","All Cov":"0 / 3 (0%)","Src Start Line":"583","Enclosing Entity":"cv32e40p_controller","Source":"                        ctrl_fsm_ns  = hwlp_end0_eq_pc_plus4 || hwlp_end1_eq_pc_plus4 ? DECODE : DECODE_HWLOOP;"
,"subitems":[{"expanded":false,"expanded":false,"Exclusion Rule Type":"None","Index":"1","All Average Grd":"0%","All Cov":"0 / 3 (0%)","Source":"                        ctrl_fsm_ns  = hwlp_end0_eq_pc_plus4 || hwlp_end1_eq_pc_plus4 ? DECODE : DECODE_HWLOOP;","table_type":"cov"
,"subitems":[{"title":"1;-","expanded":false,"Exclusion Rule Type":"None","UNR":"none","Score":"0","Out":"n/a"}
,{"title":"-;1","expanded":false,"Exclusion Rule Type":"None","UNR":"none","Score":"0","Out":"n/a"}
,{"title":"0;0","expanded":false,"Exclusion Rule Type":"None","UNR":"none","Score":"0","Out":"n/a"}
],"cov_table_title":"Coverage Table","header":"(hwlp_end0_eq_pc_plus4 || hwlp_end1_eq_pc_plus4)","columns":"hwlp_end0_eq_pc_plus4;hwlp_end1_eq_pc_plus4"}
]}
,{"expanded":false,"expanded":false,"Exclusion Rule Type":"None","Index":"8","All Average Grd":"0%","All Cov":"0 / 3 (0%)","Src Start Line":"586","Enclosing Entity":"cv32e40p_controller","Source":"                        if(hwlp_end0_eq_pc && hwlp_counter0_gt_1) begin"
,"subitems":[{"expanded":false,"expanded":false,"Exclusion Rule Type":"None","Index":"1","All Average Grd":"0%","All Cov":"0 / 3 (0%)","Source":"                        if(hwlp_end0_eq_pc && hwlp_counter0_gt_1) begin","table_type":"cov"
,"subitems":[{"title":"0;-","expanded":false,"Exclusion Rule Type":"None","UNR":"none","Score":"0","Out":"n/a"}
,{"title":"-;0","expanded":false,"Exclusion Rule Type":"None","UNR":"none","Score":"0","Out":"n/a"}
,{"title":"1;1","expanded":false,"Exclusion Rule Type":"None","UNR":"none","Score":"0","Out":"n/a"}
],"cov_table_title":"Coverage Table","header":"hwlp_end0_eq_pc && hwlp_counter0_gt_1","columns":"hwlp_end0_eq_pc;hwlp_counter0_gt_1"}
]}
,{"expanded":false,"expanded":false,"Exclusion Rule Type":"None","Index":"9","All Average Grd":"0%","All Cov":"0 / 3 (0%)","Src Start Line":"596","Enclosing Entity":"cv32e40p_controller","Source":"                         if(hwlp_end1_eq_pc && hwlp_counter1_gt_1) begin"
,"subitems":[{"expanded":false,"expanded":false,"Exclusion Rule Type":"None","Index":"1","All Average Grd":"0%","All Cov":"0 / 3 (0%)","Source":"                         if(hwlp_end1_eq_pc && hwlp_counter1_gt_1) begin","table_type":"cov"
,"subitems":[{"title":"0;-","expanded":false,"Exclusion Rule Type":"None","UNR":"none","Score":"0","Out":"n/a"}
,{"title":"-;0","expanded":false,"Exclusion Rule Type":"None","UNR":"none","Score":"0","Out":"n/a"}
,{"title":"1;1","expanded":false,"Exclusion Rule Type":"None","UNR":"none","Score":"0","Out":"n/a"}
],"cov_table_title":"Coverage Table","header":"hwlp_end1_eq_pc && hwlp_counter1_gt_1","columns":"hwlp_end1_eq_pc;hwlp_counter1_gt_1"}
]}
,{"expanded":false,"expanded":false,"Exclusion Rule Type":"None","Index":"10","All Average Grd":"0%","All Cov":"0 / 3 (0%)","Src Start Line":"668","Enclosing Entity":"cv32e40p_controller","Source":"          if (instr_valid_i || instr_valid_irq_flush_q) //valid block or replay after interrupt speculation"
,"subitems":[{"expanded":false,"expanded":false,"Exclusion Rule Type":"None","Index":"1","All Average Grd":"0%","All Cov":"0 / 3 (0%)","Source":"          if (instr_valid_i || instr_valid_irq_flush_q) //valid block or replay after interrupt speculation","table_type":"cov"
,"subitems":[{"title":"1;-","expanded":false,"Exclusion Rule Type":"None","UNR":"none","Score":"0","Out":"n/a"}
,{"title":"-;1","expanded":false,"Exclusion Rule Type":"None","UNR":"none","Score":"0","Out":"n/a"}
,{"title":"0;0","expanded":false,"Exclusion Rule Type":"None","UNR":"none","Score":"0","Out":"n/a"}
],"cov_table_title":"Coverage Table","header":"instr_valid_i || instr_valid_irq_flush_q","columns":"instr_valid_i;instr_valid_irq_flush_q"}
]}
,{"expanded":false,"expanded":false,"Exclusion Rule Type":"None","Index":"11","All Average Grd":"0%","All Cov":"0 / 3 (0%)","Src Start Line":"673","Enclosing Entity":"cv32e40p_controller","Source":"           if ( (debug_req_pending || trigger_match_i) & (~debug_mode_q) )"
,"subitems":[{"expanded":false,"expanded":false,"Exclusion Rule Type":"None","Index":"1","All Average Grd":"0%","All Cov":"0 / 3 (0%)","Source":"           if ( (debug_req_pending || trigger_match_i) & (~debug_mode_q) )","table_type":"cov"
,"subitems":[{"title":"1;-","expanded":false,"Exclusion Rule Type":"None","UNR":"none","Score":"0","Out":"n/a"}
,{"title":"-;1","expanded":false,"Exclusion Rule Type":"None","UNR":"none","Score":"0","Out":"n/a"}
,{"title":"0;0","expanded":false,"Exclusion Rule Type":"None","UNR":"none","Score":"0","Out":"n/a"}
],"cov_table_title":"Coverage Table","header":"(debug_req_pending || trigger_match_i)","columns":"debug_req_pending;trigger_match_i"}
]}
,{"expanded":false,"expanded":false,"Exclusion Rule Type":"None","Index":"12","All Average Grd":"0%","All Cov":"0 / 3 (0%)","Src Start Line":"693","Enclosing Entity":"cv32e40p_controller","Source":"                if(illegal_insn_i || is_hwlp_illegal) begin"
,"subitems":[{"expanded":false,"expanded":false,"Exclusion Rule Type":"None","Index":"1","All Average Grd":"0%","All Cov":"0 / 3 (0%)","Source":"                if(illegal_insn_i || is_hwlp_illegal) begin","table_type":"cov"
,"subitems":[{"title":"1;-","expanded":false,"Exclusion Rule Type":"None","UNR":"none","Score":"0","Out":"n/a"}
,{"title":"-;1","expanded":false,"Exclusion Rule Type":"None","UNR":"none","Score":"0","Out":"n/a"}
,{"title":"0;0","expanded":false,"Exclusion Rule Type":"None","UNR":"none","Score":"0","Out":"n/a"}
],"cov_table_title":"Coverage Table","header":"illegal_insn_i || is_hwlp_illegal","columns":"illegal_insn_i;is_hwlp_illegal"}
]}
,{"expanded":false,"expanded":false,"Exclusion Rule Type":"None","Index":"13","All Average Grd":"0%","All Cov":"0 / 3 (0%)","Src Start Line":"932","Enclosing Entity":"cv32e40p_controller","Source":"          ctrl_fsm_ns = ((debug_req_pending || trigger_match_i) & ~debug_mode_q) ? DBG_FLUSH : IRQ_FLUSH_ELW;"
,"subitems":[{"expanded":false,"expanded":false,"Exclusion Rule Type":"None","Index":"1","All Average Grd":"0%","All Cov":"0 / 3 (0%)","Source":"          ctrl_fsm_ns = ((debug_req_pending || trigger_match_i) & ~debug_mode_q) ? DBG_FLUSH : IRQ_FLUSH_ELW;","table_type":"cov"
,"subitems":[{"title":"1;-","expanded":false,"Exclusion Rule Type":"None","UNR":"none","Score":"0","Out":"n/a"}
,{"title":"-;1","expanded":false,"Exclusion Rule Type":"None","UNR":"none","Score":"0","Out":"n/a"}
,{"title":"0;0","expanded":false,"Exclusion Rule Type":"None","UNR":"none","Score":"0","Out":"n/a"}
],"cov_table_title":"Coverage Table","header":"(debug_req_pending || trigger_match_i)","columns":"debug_req_pending;trigger_match_i"}
]}
,{"expanded":false,"expanded":false,"Exclusion Rule Type":"None","Index":"14","All Average Grd":"33.33%","All Cov":"1 / 3 (33.33%)","Src Start Line":"1028","Enclosing Entity":"cv32e40p_controller","Source":"              if (debug_single_step_i && ~debug_mode_q)"
,"subitems":[{"expanded":false,"expanded":false,"Exclusion Rule Type":"None","Index":"1","All Average Grd":"33.33%","All Cov":"1 / 3 (33.33%)","Source":"              if (debug_single_step_i && ~debug_mode_q)","table_type":"cov"
,"subitems":[{"title":"1;0","expanded":false,"Exclusion Rule Type":"None","UNR":"none","Score":"0","Out":"1"}
,{"title":"-;1","expanded":false,"Exclusion Rule Type":"None","UNR":"none","Score":"0","Out":"0"}
,{"title":"0;-","expanded":false,"Exclusion Rule Type":"None","UNR":"none","Score":"1","Out":"0"}
],"cov_table_title":"Coverage Table with Output","header":"debug_single_step_i && (~ debug_mode_q)","columns":"debug_single_step_i;debug_mode_q"}
]}
,{"expanded":false,"expanded":false,"Exclusion Rule Type":"None","Index":"15","All Average Grd":"33.33%","All Cov":"1 / 3 (33.33%)","Src Start Line":"1039","Enclosing Entity":"cv32e40p_controller","Source":"                  if (debug_single_step_i && ~debug_mode_q)"
,"subitems":[{"expanded":false,"expanded":false,"Exclusion Rule Type":"None","Index":"1","All Average Grd":"33.33%","All Cov":"1 / 3 (33.33%)","Source":"                  if (debug_single_step_i && ~debug_mode_q)","table_type":"cov"
,"subitems":[{"title":"1;0","expanded":false,"Exclusion Rule Type":"None","UNR":"none","Score":"0","Out":"1"}
,{"title":"-;1","expanded":false,"Exclusion Rule Type":"None","UNR":"none","Score":"0","Out":"0"}
,{"title":"0;-","expanded":false,"Exclusion Rule Type":"None","UNR":"none","Score":"1","Out":"0"}
],"cov_table_title":"Coverage Table with Output","header":"debug_single_step_i && (~ debug_mode_q)","columns":"debug_single_step_i;debug_mode_q"}
]}
,{"expanded":false,"expanded":false,"Exclusion Rule Type":"None","Index":"16","All Average Grd":"33.33%","All Cov":"1 / 3 (33.33%)","Src Start Line":"1051","Enclosing Entity":"cv32e40p_controller","Source":"                  if (debug_single_step_i && ~debug_mode_q)"
,"subitems":[{"expanded":false,"expanded":false,"Exclusion Rule Type":"None","Index":"1","All Average Grd":"33.33%","All Cov":"1 / 3 (33.33%)","Source":"                  if (debug_single_step_i && ~debug_mode_q)","table_type":"cov"
,"subitems":[{"title":"1;0","expanded":false,"Exclusion Rule Type":"None","UNR":"none","Score":"0","Out":"1"}
,{"title":"-;1","expanded":false,"Exclusion Rule Type":"None","UNR":"none","Score":"0","Out":"0"}
,{"title":"0;-","expanded":false,"Exclusion Rule Type":"None","UNR":"none","Score":"1","Out":"0"}
],"cov_table_title":"Coverage Table with Output","header":"debug_single_step_i && (~ debug_mode_q)","columns":"debug_single_step_i;debug_mode_q"}
]}
,{"expanded":false,"expanded":false,"Exclusion Rule Type":"None","Index":"17","All Average Grd":"66.67%","All Cov":"2 / 3 (66.67%)","Src Start Line":"1070","Enclosing Entity":"cv32e40p_controller","Source":"                if(hwlp_end0_eq_pc && hwlp_counter0_gt_1) begin"
,"subitems":[{"expanded":false,"expanded":false,"Exclusion Rule Type":"None","Index":"1","All Average Grd":"66.67%","All Cov":"2 / 3 (66.67%)","Source":"                if(hwlp_end0_eq_pc && hwlp_counter0_gt_1) begin","table_type":"cov"
,"subitems":[{"title":"0;-","expanded":false,"Exclusion Rule Type":"None","UNR":"none","Score":"1","Out":"n/a"}
,{"title":"-;0","expanded":false,"Exclusion Rule Type":"None","UNR":"none","Score":"1","Out":"n/a"}
,{"title":"1;1","expanded":false,"Exclusion Rule Type":"None","UNR":"none","Score":"0","Out":"n/a"}
],"cov_table_title":"Coverage Table","header":"hwlp_end0_eq_pc && hwlp_counter0_gt_1","columns":"hwlp_end0_eq_pc;hwlp_counter0_gt_1"}
]}
,{"expanded":false,"expanded":false,"Exclusion Rule Type":"None","Index":"18","All Average Grd":"66.67%","All Cov":"2 / 3 (66.67%)","Src Start Line":"1075","Enclosing Entity":"cv32e40p_controller","Source":"                if(hwlp_end1_eq_pc && hwlp_counter1_gt_1) begin"
,"subitems":[{"expanded":false,"expanded":false,"Exclusion Rule Type":"None","Index":"1","All Average Grd":"66.67%","All Cov":"2 / 3 (66.67%)","Source":"                if(hwlp_end1_eq_pc && hwlp_counter1_gt_1) begin","table_type":"cov"
,"subitems":[{"title":"0;-","expanded":false,"Exclusion Rule Type":"None","UNR":"none","Score":"1","Out":"n/a"}
,{"title":"-;0","expanded":false,"Exclusion Rule Type":"None","UNR":"none","Score":"1","Out":"n/a"}
,{"title":"1;1","expanded":false,"Exclusion Rule Type":"None","UNR":"none","Score":"0","Out":"n/a"}
],"cov_table_title":"Coverage Table","header":"hwlp_end1_eq_pc && hwlp_counter1_gt_1","columns":"hwlp_end1_eq_pc;hwlp_counter1_gt_1"}
]}
,{"expanded":false,"expanded":false,"Exclusion Rule Type":"None","Index":"19","All Average Grd":"33.33%","All Cov":"1 / 3 (33.33%)","Src Start Line":"1081","Enclosing Entity":"cv32e40p_controller","Source":"                 if (debug_single_step_i && ~debug_mode_q)"
,"subitems":[{"expanded":false,"expanded":false,"Exclusion Rule Type":"None","Index":"1","All Average Grd":"33.33%","All Cov":"1 / 3 (33.33%)","Source":"                 if (debug_single_step_i && ~debug_mode_q)","table_type":"cov"
,"subitems":[{"title":"1;0","expanded":false,"Exclusion Rule Type":"None","UNR":"none","Score":"0","Out":"1"}
,{"title":"-;1","expanded":false,"Exclusion Rule Type":"None","UNR":"none","Score":"0","Out":"0"}
,{"title":"0;-","expanded":false,"Exclusion Rule Type":"None","UNR":"none","Score":"1","Out":"0"}
],"cov_table_title":"Coverage Table with Output","header":"debug_single_step_i && (~ debug_mode_q)","columns":"debug_single_step_i;debug_mode_q"}
]}
,{"expanded":false,"expanded":false,"Exclusion Rule Type":"None","Index":"20","All Average Grd":"33.33%","All Cov":"1 / 3 (33.33%)","Src Start Line":"1129","Enclosing Entity":"cv32e40p_controller","Source":"        if (debug_single_step_i && ~debug_mode_q) begin"
,"subitems":[{"expanded":false,"expanded":false,"Exclusion Rule Type":"None","Index":"1","All Average Grd":"33.33%","All Cov":"1 / 3 (33.33%)","Source":"        if (debug_single_step_i && ~debug_mode_q) begin","table_type":"cov"
,"subitems":[{"title":"1;0","expanded":false,"Exclusion Rule Type":"None","UNR":"none","Score":"0","Out":"1"}
,{"title":"-;1","expanded":false,"Exclusion Rule Type":"None","UNR":"none","Score":"0","Out":"0"}
,{"title":"0;-","expanded":false,"Exclusion Rule Type":"None","UNR":"none","Score":"1","Out":"0"}
],"cov_table_title":"Coverage Table with Output","header":"debug_single_step_i && (~ debug_mode_q)","columns":"debug_single_step_i;debug_mode_q"}
]}
,{"expanded":false,"expanded":false,"Exclusion Rule Type":"None","Index":"21","All Average Grd":"0%","All Cov":"0 / 7 (0%)","Src Start Line":"1164","Enclosing Entity":"cv32e40p_controller","Source":"        if (((debug_req_pending || trigger_match_i || debug_single_step_i) && (~debug_mode_q)) ||"
,"subitems":[{"expanded":false,"expanded":false,"Exclusion Rule Type":"None","Index":"1","All Average Grd":"0%","All Cov":"0 / 7 (0%)","Source":"        if (((debug_req_pending || trigger_match_i || debug_single_step_i) && (~debug_mode_q)) ||","table_type":"cov"
,"subitems":[{"title":"-;-;-;0;1;1","expanded":false,"Exclusion Rule Type":"None","UNR":"none","Score":"0","Out":"1"}
,{"title":"-;-;1;0;-;-","expanded":false,"Exclusion Rule Type":"None","UNR":"none","Score":"0","Out":"1"}
,{"title":"-;1;-;0;-;-","expanded":false,"Exclusion Rule Type":"None","UNR":"none","Score":"0","Out":"1"}
,{"title":"1;-;-;0;-;-","expanded":false,"Exclusion Rule Type":"None","UNR":"none","Score":"0","Out":"1"}
,{"title":"0;0;0;-;-;0","expanded":false,"Exclusion Rule Type":"None","UNR":"none","Score":"0","Out":"0"}
,{"title":"0;0;0;-;0;-","expanded":false,"Exclusion Rule Type":"None","UNR":"none","Score":"0","Out":"0"}
,{"title":"-;-;-;1;-;-","expanded":false,"Exclusion Rule Type":"None","UNR":"none","Score":"0","Out":"0"}
],"cov_table_title":"Coverage Table with Output","header":"(((debug_req_pending || trigger_match_i) || debug_single_step_i) && (~ debug_mode_q)) || ((ebrk_insn_i && ebrk_force_debug_mode) && (~ debug_mode_q))","columns":"debug_req_pending;trigger_match_i;debug_single_step_i;debug_mode_q;ebrk_insn_i;ebrk_force_debug_mode"}
]}
],"fsm_items"
:[{"expanded":false,"Exclusion Rule Type":"None","UNR":"none","title":"ctrl_fsm_cs","State Average Grd":"63.16%","Trans Average Grd":"40.48%","Arc Average Grd":"n/a","All Average Grd":"51.82%","Enclosing Entity":"cv32e40p_controller","Source":"  ctrl_state_e ctrl_fsm_cs, ctrl_fsm_ns;"
,"subitems":[{"expanded":false,"Exclusion Rule Type":"None","UNR":"none","title":"DECODE_HWLOOP","Encoding":"10010","Score":"0","Is Reset State":"false","All Average Grd":"0%","Source":"      DECODE_HWLOOP:"}
,{"expanded":false,"Exclusion Rule Type":"None","UNR":"none","title":"IRQ_FLUSH_ELW","Encoding":"01001","Score":"0","Is Reset State":"false","All Average Grd":"0%","Source":"      IRQ_FLUSH_ELW:"}
,{"expanded":false,"Exclusion Rule Type":"None","UNR":"none","title":"ELW_EXE","Encoding":"01010","Score":"0","Is Reset State":"false","All Average Grd":"0%","Source":"      ELW_EXE:"}
,{"expanded":false,"Exclusion Rule Type":"None","UNR":"none","title":"DBG_WAIT_BRANCH","Encoding":"10001","Score":"0","Is Reset State":"false","All Average Grd":"0%","Source":"      DBG_WAIT_BRANCH:"}
,{"expanded":false,"Exclusion Rule Type":"None","UNR":"none","title":"DBG_TAKEN_ID","Encoding":"01110","Score":"0","Is Reset State":"false","All Average Grd":"0%","Source":"      DBG_TAKEN_ID:"}
,{"expanded":false,"Exclusion Rule Type":"None","UNR":"none","title":"DBG_TAKEN_IF","Encoding":"01111","Score":"0","Is Reset State":"false","All Average Grd":"0%","Source":"      DBG_TAKEN_IF:"}
,{"expanded":false,"Exclusion Rule Type":"None","UNR":"none","title":"DBG_FLUSH","Encoding":"10000","Score":"0","Is Reset State":"false","All Average Grd":"0%","Source":"      DBG_FLUSH:"}
]
,"subitems1":[{"expanded":false,"Exclusion Rule Type":"None","UNR":"none","Index":"6","From State title":"FIRST_FETCH","To State title":"DBG_TAKEN_IF","Score":"0","Is Reset Trans":"false","All Average Grd":"0%"
,"subitems":[]}
,{"expanded":false,"Exclusion Rule Type":"None","UNR":"none","Index":"7","From State title":"DECODE","To State title":"FLUSH_WB","Score":"0","Is Reset Trans":"false","All Average Grd":"0%"
,"subitems":[]}
,{"expanded":false,"Exclusion Rule Type":"None","UNR":"none","Index":"8","From State title":"DECODE","To State title":"DBG_FLUSH","Score":"0","Is Reset Trans":"false","All Average Grd":"0%"
,"subitems":[]}
,{"expanded":false,"Exclusion Rule Type":"None","UNR":"none","Index":"11","From State title":"DECODE","To State title":"ELW_EXE","Score":"0","Is Reset Trans":"false","All Average Grd":"0%"
,"subitems":[]}
,{"expanded":false,"Exclusion Rule Type":"None","UNR":"none","Index":"12","From State title":"DECODE","To State title":"DECODE_HWLOOP","Score":"0","Is Reset Trans":"false","All Average Grd":"0%"
,"subitems":[]}
,{"expanded":false,"Exclusion Rule Type":"None","UNR":"none","Index":"13","From State title":"DECODE","To State title":"DBG_WAIT_BRANCH","Score":"0","Is Reset Trans":"false","All Average Grd":"0%"
,"subitems":[]}
,{"expanded":false,"Exclusion Rule Type":"None","UNR":"none","Index":"14","From State title":"DECODE_HWLOOP","To State title":"DBG_FLUSH","Score":"0","Is Reset Trans":"false","All Average Grd":"0%"
,"subitems":[]}
,{"expanded":false,"Exclusion Rule Type":"None","UNR":"none","Index":"15","From State title":"DECODE_HWLOOP","To State title":"IRQ_FLUSH","Score":"0","Is Reset Trans":"false","All Average Grd":"0%"
,"subitems":[]}
,{"expanded":false,"Exclusion Rule Type":"None","UNR":"none","Index":"16","From State title":"DECODE_HWLOOP","To State title":"FLUSH_EX","Score":"0","Is Reset Trans":"false","All Average Grd":"0%"
,"subitems":[]}
,{"expanded":false,"Exclusion Rule Type":"None","UNR":"none","Index":"17","From State title":"DECODE_HWLOOP","To State title":"ELW_EXE","Score":"0","Is Reset Trans":"false","All Average Grd":"0%"
,"subitems":[]}
,{"expanded":false,"Exclusion Rule Type":"None","UNR":"none","Index":"18","From State title":"DECODE_HWLOOP","To State title":"DECODE","Score":"0","Is Reset Trans":"false","All Average Grd":"0%"
,"subitems":[]}
,{"expanded":false,"Exclusion Rule Type":"None","UNR":"none","Index":"19","From State title":"DECODE_HWLOOP","To State title":"DBG_WAIT_BRANCH","Score":"0","Is Reset Trans":"false","All Average Grd":"0%"
,"subitems":[]}
,{"expanded":false,"Exclusion Rule Type":"None","UNR":"none","Index":"21","From State title":"IRQ_FLUSH","To State title":"FLUSH_WB","Score":"0","Is Reset Trans":"false","All Average Grd":"0%"
,"subitems":[]}
,{"expanded":false,"Exclusion Rule Type":"None","UNR":"none","Index":"24","From State title":"IRQ_FLUSH_ELW","To State title":"IRQ_TAKEN_ID","Score":"0","Is Reset Trans":"false","All Average Grd":"0%"
,"subitems":[]}
,{"expanded":false,"Exclusion Rule Type":"None","UNR":"none","Index":"25","From State title":"IRQ_FLUSH_ELW","To State title":"DECODE","Score":"0","Is Reset Trans":"false","All Average Grd":"0%"
,"subitems":[]}
,{"expanded":false,"Exclusion Rule Type":"None","UNR":"none","Index":"26","From State title":"ELW_EXE","To State title":"DBG_FLUSH","Score":"0","Is Reset Trans":"false","All Average Grd":"0%"
,"subitems":[]}
,{"expanded":false,"Exclusion Rule Type":"None","UNR":"none","Index":"27","From State title":"ELW_EXE","To State title":"IRQ_FLUSH_ELW","Score":"0","Is Reset Trans":"false","All Average Grd":"0%"
,"subitems":[]}
,{"expanded":false,"Exclusion Rule Type":"None","UNR":"none","Index":"31","From State title":"FLUSH_WB","To State title":"DBG_TAKEN_IF","Score":"0","Is Reset Trans":"false","All Average Grd":"0%"
,"subitems":[]}
,{"expanded":false,"Exclusion Rule Type":"None","UNR":"none","Index":"35","From State title":"XRET_JUMP","To State title":"DBG_TAKEN_IF","Score":"0","Is Reset Trans":"false","All Average Grd":"0%"
,"subitems":[]}
,{"expanded":false,"Exclusion Rule Type":"None","UNR":"none","Index":"36","From State title":"DBG_WAIT_BRANCH","To State title":"DBG_FLUSH","Score":"0","Is Reset Trans":"false","All Average Grd":"0%"
,"subitems":[]}
,{"expanded":false,"Exclusion Rule Type":"None","UNR":"none","Index":"37","From State title":"DBG_TAKEN_ID","To State title":"DECODE","Score":"0","Is Reset Trans":"false","All Average Grd":"0%"
,"subitems":[]}
,{"expanded":false,"Exclusion Rule Type":"None","UNR":"none","Index":"38","From State title":"DBG_TAKEN_IF","To State title":"DECODE","Score":"0","Is Reset Trans":"false","All Average Grd":"0%"
,"subitems":[]}
,{"expanded":false,"Exclusion Rule Type":"None","UNR":"none","Index":"39","From State title":"DBG_FLUSH","To State title":"FLUSH_WB","Score":"0","Is Reset Trans":"false","All Average Grd":"0%"
,"subitems":[]}
,{"expanded":false,"Exclusion Rule Type":"None","UNR":"none","Index":"40","From State title":"DBG_FLUSH","To State title":"DBG_TAKEN_ID","Score":"0","Is Reset Trans":"false","All Average Grd":"0%"
,"subitems":[]}
,{"expanded":false,"Exclusion Rule Type":"None","UNR":"none","Index":"41","From State title":"DBG_FLUSH","To State title":"DBG_TAKEN_IF","Score":"0","Is Reset Trans":"false","All Average Grd":"0%"
,"subitems":[]}
]}
]}
