{
"block_items":[{"expanded":false,"Exclusion Rule Type":"None","UNR":"none","Index":"40","Blk Type":"true part of","Src Start Line":"1144","Score":"0","All Average Grd":"0%","Enclosing Entity":"cv32e40p_cs_registers","Source":"    else if (menip[15]) irq_id_o = 5'd15;                       // Reserved  (default masked out with IRQ_MASK)"}
,{"expanded":false,"Exclusion Rule Type":"None","UNR":"none","Index":"42","Blk Type":"true part of","Src Start Line":"1145","Score":"0","All Average Grd":"0%","Enclosing Entity":"cv32e40p_cs_registers","Source":"    else if (menip[14]) irq_id_o = 5'd14;                       // Reserved  (default masked out with IRQ_MASK)"}
,{"expanded":false,"Exclusion Rule Type":"None","UNR":"none","Index":"44","Blk Type":"true part of","Src Start Line":"1146","Score":"0","All Average Grd":"0%","Enclosing Entity":"cv32e40p_cs_registers","Source":"    else if (menip[13]) irq_id_o = 5'd13;                       // Reserved  (default masked out with IRQ_MASK)"}
,{"expanded":false,"Exclusion Rule Type":"None","UNR":"none","Index":"46","Blk Type":"true part of","Src Start Line":"1147","Score":"0","All Average Grd":"0%","Enclosing Entity":"cv32e40p_cs_registers","Source":"    else if (menip[12]) irq_id_o = 5'd12;                       // Reserved  (default masked out with IRQ_MASK)"}
,{"expanded":false,"Exclusion Rule Type":"None","UNR":"none","Index":"54","Blk Type":"true part of","Src Start Line":"1153","Score":"0","All Average Grd":"0%","Enclosing Entity":"cv32e40p_cs_registers","Source":"    else if (menip[10]) irq_id_o = 5'd10;                       // Reserved (for now assuming EI, SI, TI priority) (default masked out with IRQ_MASK)"}
,{"expanded":false,"Exclusion Rule Type":"None","UNR":"none","Index":"56","Blk Type":"true part of","Src Start Line":"1154","Score":"0","All Average Grd":"0%","Enclosing Entity":"cv32e40p_cs_registers","Source":"    else if (menip[ 2]) irq_id_o = 5'd2;                        // Reserved (for now assuming EI, SI, TI priority) (default masked out with IRQ_MASK)"}
,{"expanded":false,"Exclusion Rule Type":"None","UNR":"none","Index":"58","Blk Type":"true part of","Src Start Line":"1155","Score":"0","All Average Grd":"0%","Enclosing Entity":"cv32e40p_cs_registers","Source":"    else if (menip[ 6]) irq_id_o = 5'd6;                        // Reserved (for now assuming EI, SI, TI priority) (default masked out with IRQ_MASK)"}
,{"expanded":false,"Exclusion Rule Type":"None","UNR":"none","Index":"60","Blk Type":"true part of","Src Start Line":"1157","Score":"0","All Average Grd":"0%","Enclosing Entity":"cv32e40p_cs_registers","Source":"    else if (menip[ 9]) irq_id_o = 5'd9;                        // Reserved: SEI (default masked out with IRQ_MASK)"}
,{"expanded":false,"Exclusion Rule Type":"None","UNR":"none","Index":"62","Blk Type":"true part of","Src Start Line":"1158","Score":"0","All Average Grd":"0%","Enclosing Entity":"cv32e40p_cs_registers","Source":"    else if (menip[ 1]) irq_id_o = 5'd1;                        // Reserved: SSI (default masked out with IRQ_MASK)"}
,{"expanded":false,"Exclusion Rule Type":"None","UNR":"none","Index":"64","Blk Type":"true part of","Src Start Line":"1159","Score":"0","All Average Grd":"0%","Enclosing Entity":"cv32e40p_cs_registers","Source":"    else if (menip[ 5]) irq_id_o = 5'd5;                        // Reserved: STI (default masked out with IRQ_MASK)"}
,{"expanded":false,"Exclusion Rule Type":"None","UNR":"none","Index":"66","Blk Type":"true part of","Src Start Line":"1161","Score":"0","All Average Grd":"0%","Enclosing Entity":"cv32e40p_cs_registers","Source":"    else if (menip[ 8]) irq_id_o = 5'd8;                        // Reserved: UEI (default masked out with IRQ_MASK)"}
,{"expanded":false,"Exclusion Rule Type":"None","UNR":"none","Index":"68","Blk Type":"true part of","Src Start Line":"1162","Score":"0","All Average Grd":"0%","Enclosing Entity":"cv32e40p_cs_registers","Source":"    else if (menip[ 0]) irq_id_o = 5'd0;                        // Reserved: USI (default masked out with IRQ_MASK)"}
,{"expanded":false,"Exclusion Rule Type":"None","UNR":"none","Index":"70","Blk Type":"true part of","Src Start Line":"1163","Score":"0","All Average Grd":"0%","Enclosing Entity":"cv32e40p_cs_registers","Source":"    else if (menip[ 4]) irq_id_o = 5'd4;                        // Reserved: UTI (default masked out with IRQ_MASK)"}
,{"expanded":false,"Exclusion Rule Type":"None","UNR":"none","Index":"75","Blk Type":"true part of","Src Start Line":"1297","Score":"0","All Average Grd":"0%","Enclosing Entity":"cv32e40p_cs_registers","Source":"      if(FPU == 1) begin"}
,{"expanded":false,"Exclusion Rule Type":"None","UNR":"none","Index":"78","Blk Type":"true part of","Src Start Line":"1304","Score":"0","All Average Grd":"0%","Enclosing Entity":"cv32e40p_cs_registers","Source":"      if((FPU == 1) && (PULP_XPULP == 1)) begin"}
,{"expanded":false,"Exclusion Rule Type":"None","UNR":"none","Index":"81","Blk Type":"true part of","Src Start Line":"1309","Score":"0","All Average Grd":"0%","Enclosing Entity":"cv32e40p_cs_registers","Source":"      if (PULP_SECURE == 1) begin"}
,{"expanded":false,"Exclusion Rule Type":"None","UNR":"none","Index":"85","Blk Type":"true part of","Src Start Line":"1489","Score":"0","All Average Grd":"0%","Enclosing Entity":"cv32e40p_cs_registers","Source":"        mcounteren_n = csr_wdata_int;"}
,{"expanded":false,"Exclusion Rule Type":"None","UNR":"none","Index":"88","Blk Type":"true part of","Src Start Line":"1493","Score":"0","All Average Grd":"0%","Enclosing Entity":"cv32e40p_cs_registers","Source":"        mcountinhibit_n = csr_wdata_int;"}
,{"expanded":false,"Exclusion Rule Type":"None","UNR":"none","Index":"91","Blk Type":"true part of","Src Start Line":"1497","Score":"0","All Average Grd":"0%","Enclosing Entity":"cv32e40p_cs_registers","Source":"        mhpmevent_n[csr_addr_i[4:0]] = csr_wdata_int;"}
,{"expanded":false,"Exclusion Rule Type":"None","UNR":"none","Index":"95","Blk Type":"true part of","Src Start Line":"1504","Score":"0","All Average Grd":"0%","Enclosing Entity":"cv32e40p_cs_registers","Source":"          mhpmcounter_n[cnt_idx][31:0]  = csr_wdata_int;"}
,{"expanded":false,"Exclusion Rule Type":"None","UNR":"none","Index":"97","Blk Type":"true part of","Src Start Line":"1508","Score":"0","All Average Grd":"0%","Enclosing Entity":"cv32e40p_cs_registers","Source":"          mhpmcounter_n[cnt_idx][63:32]  = csr_wdata_int;"}
,{"expanded":false,"Exclusion Rule Type":"None","UNR":"none","Index":"100","Blk Type":"true part of","Src Start Line":"1516","Score":"0","All Average Grd":"0%","Enclosing Entity":"cv32e40p_cs_registers","Source":"              mhpmcounter_n[cnt_idx] = mhpmcounter_q[cnt_idx] + 1;"}
,{"expanded":false,"Exclusion Rule Type":"None","UNR":"none","Index":"102","Blk Type":"true part of","Src Start Line":"1520","Score":"0","All Average Grd":"0%","Enclosing Entity":"cv32e40p_cs_registers","Source":"              mhpmcounter_n[cnt_idx] = mhpmcounter_q[cnt_idx] + hpm_events[1];"}
,{"expanded":false,"Exclusion Rule Type":"None","UNR":"none","Index":"104","Blk Type":"true part of","Src Start Line":"1524","Score":"0","All Average Grd":"0%","Enclosing Entity":"cv32e40p_cs_registers","Source":"              mhpmcounter_n[cnt_idx] = mhpmcounter_q[cnt_idx] +"}
],"assertion_items"
:[{"expanded":false,"Exclusion Rule Type":"None","UNR":"none","title":"a_single_step","All Average Grd":"0%","Assertion Status Grd":"0%","Enclosing Entity":"cv32e40p_cs_registers","Source":"  a_single_step : assert property"}
]
,"expression_items":[{"expanded":false,"expanded":false,"Exclusion Rule Type":"None","Index":"4","All Average Grd":"66.67%","All Cov":"2 / 3 (66.67%)","Src Start Line":"1522","Enclosing Entity":"cv32e40p_cs_registers","Source":"            else if( (cnt_idx>2) && (cnt_idx<(NUM_MHPMCOUNTERS+3)))"
,"subitems":[{"expanded":false,"expanded":false,"Exclusion Rule Type":"None","Index":"1","All Average Grd":"66.67%","All Cov":"2 / 3 (66.67%)","Source":"            else if( (cnt_idx>2) && (cnt_idx<(NUM_MHPMCOUNTERS+3)))","table_type":"cov"
,"subitems":[{"title":"0;-","expanded":false,"Exclusion Rule Type":"None","UNR":"none","Score":"1","Out":"n/a"}
,{"title":"-;0","expanded":false,"Exclusion Rule Type":"None","UNR":"none","Score":"1","Out":"n/a"}
,{"title":"1;1","expanded":false,"Exclusion Rule Type":"None","UNR":"none","Score":"0","Out":"n/a"}
],"cov_table_title":"Coverage Table","header":"(cnt_idx > 2) && (cnt_idx < (NUM_MHPMCOUNTERS + 3))","columns":"(cnt_idx > 2);(cnt_idx < (NUM_MHPMCOUNTERS + 3))"}
]}
]}
