{"assertion_items"
:[{"expanded":false,"Exclusion Rule Type":"None","UNR":"none","title":"a_not_busy_during_sleep","All Average Grd":"100%","Assertion Status Grd":"100%","Enclosing Entity":"cv32e40p_sleep_unit.genblk2_F","Source":"    a_not_busy_during_sleep : assert property(p_not_busy_during_sleep);"}
,{"expanded":false,"Exclusion Rule Type":"None","UNR":"none","title":"a_only_sleep_for_wfi","All Average Grd":"100%","Assertion Status Grd":"100%","Enclosing Entity":"cv32e40p_sleep_unit.genblk2_F","Source":"    a_only_sleep_for_wfi : assert property(p_only_sleep_for_wfi);"}
,{"expanded":false,"Exclusion Rule Type":"None","UNR":"none","title":"a_gate_clock_during_sleep","All Average Grd":"100%","Assertion Status Grd":"100%","Enclosing Entity":"cv32e40p_sleep_unit.genblk2_F","Source":"    a_gate_clock_during_sleep : assert property(p_gate_clock_during_sleep);"}
,{"expanded":false,"Exclusion Rule Type":"None","UNR":"none","title":"a_gate_clk_i","All Average Grd":"100%","Assertion Status Grd":"100%","Enclosing Entity":"cv32e40p_sleep_unit.genblk2_F","Source":"    a_gate_clk_i : assert property(p_gate_clk_i);"}
,{"expanded":false,"Exclusion Rule Type":"None","UNR":"none","title":"a_non_busy","All Average Grd":"100%","Assertion Status Grd":"100%","Enclosing Entity":"cv32e40p_sleep_unit.genblk2_F","Source":"    a_non_busy : assert property(p_non_busy);"}
,{"expanded":false,"Exclusion Rule Type":"None","UNR":"none","title":"a_core_sleep","All Average Grd":"100%","Assertion Status Grd":"100%","Enclosing Entity":"cv32e40p_sleep_unit.genblk2_F","Source":"    a_core_sleep : assert property(p_core_sleep);"}
,{"expanded":false,"Exclusion Rule Type":"None","UNR":"none","title":"a_clock_en_5","All Average Grd":"100%","Assertion Status Grd":"100%","Enclosing Entity":"cv32e40p_sleep_unit.genblk2_F","Source":"    a_clock_en_5 : assert property(p_clock_en_5);"}
,{"expanded":false,"Exclusion Rule Type":"None","UNR":"none","title":"a_clock_en_4","All Average Grd":"100%","Assertion Status Grd":"100%","Enclosing Entity":"cv32e40p_sleep_unit.genblk2_F","Source":"    a_clock_en_4 : assert property(p_clock_en_4);"}
]}
