{
"block_items":[{"expanded":false,"Exclusion Rule Type":"None","UNR":"none","Index":"4","Blk Type":"true part of","Src Start Line":"1362","Score":"0","All Average Grd":"0%","Enclosing Entity":"cv32e40p_cs_registers.gen_trigger_regs_T","Source":"          tmatch_control_exec_q <= csr_wdata_int[2];"}
,{"expanded":false,"Exclusion Rule Type":"None","UNR":"none","Index":"7","Blk Type":"true part of","Src Start Line":"1364","Score":"0","All Average Grd":"0%","Enclosing Entity":"cv32e40p_cs_registers.gen_trigger_regs_T","Source":"          tmatch_value_q        <= csr_wdata_int[31:0];"}
]}
