{
"block_items":[{"expanded":false,"Exclusion Rule Type":"None","UNR":"none","Index":"4","Blk Type":"true part of","Src Start Line":"351","Score":"0","All Average Grd":"0%","Enclosing Entity":"uvmt_cv32_tb.dut_wrap.cv32e40p_wrapper_i.core_i.id_stage_i.decoder_i","Source":"        if (instr_rdata_i[14:12] != 3'b0) begin"}
,{"expanded":false,"Exclusion Rule Type":"None","UNR":"none","Index":"13","Blk Type":"a case item of","Src Start Line":"372","Score":"0","All Average Grd":"0%","Enclosing Entity":"uvmt_cv32_tb.dut_wrap.cv32e40p_wrapper_i.core_i.id_stage_i.decoder_i","Source":"          3'b010: begin // p.beqimm"}
,{"expanded":false,"Exclusion Rule Type":"None","UNR":"none","Index":"15","Blk Type":"false part of","Src Start Line":"378","Score":"0","All Average Grd":"0%","Enclosing Entity":"uvmt_cv32_tb.dut_wrap.cv32e40p_wrapper_i.core_i.id_stage_i.decoder_i","Source":"            end else begin"}
,{"expanded":false,"Exclusion Rule Type":"None","UNR":"none","Index":"16","Blk Type":"a case item of","Src Start Line":"382","Score":"0","All Average Grd":"0%","Enclosing Entity":"uvmt_cv32_tb.dut_wrap.cv32e40p_wrapper_i.core_i.id_stage_i.decoder_i","Source":"          3'b011: begin // p.bneimm"}
,{"expanded":false,"Exclusion Rule Type":"None","UNR":"none","Index":"18","Blk Type":"false part of","Src Start Line":"388","Score":"0","All Average Grd":"0%","Enclosing Entity":"uvmt_cv32_tb.dut_wrap.cv32e40p_wrapper_i.core_i.id_stage_i.decoder_i","Source":"            end else begin"}
,{"expanded":false,"Exclusion Rule Type":"None","UNR":"none","Index":"25","Blk Type":"false part of","Src Start Line":"427","Score":"0","All Average Grd":"0%","Enclosing Entity":"uvmt_cv32_tb.dut_wrap.cv32e40p_wrapper_i.core_i.id_stage_i.decoder_i","Source":"          end else begin"}
,{"expanded":false,"Exclusion Rule Type":"None","UNR":"none","Index":"27","Blk Type":"false part of","Src Start Line":"433","Score":"0","All Average Grd":"0%","Enclosing Entity":"uvmt_cv32_tb.dut_wrap.cv32e40p_wrapper_i.core_i.id_stage_i.decoder_i","Source":"            end else begin"}
,{"expanded":false,"Exclusion Rule Type":"None","UNR":"none","Index":"32","Blk Type":"a case item of","Src Start Line":"443","Score":"0","All Average Grd":"0%","Enclosing Entity":"uvmt_cv32_tb.dut_wrap.cv32e40p_wrapper_i.core_i.id_stage_i.decoder_i","Source":"            default: begin"}
,{"expanded":false,"Exclusion Rule Type":"None","UNR":"none","Index":"33","Blk Type":"false part of","Src Start Line":"449","Score":"0","All Average Grd":"0%","Enclosing Entity":"uvmt_cv32_tb.dut_wrap.cv32e40p_wrapper_i.core_i.id_stage_i.decoder_i","Source":"        end else begin"}
,{"expanded":false,"Exclusion Rule Type":"None","UNR":"none","Index":"42","Blk Type":"a case item of","Src Start Line":"481","Score":"0","All Average Grd":"0%","Enclosing Entity":"uvmt_cv32_tb.dut_wrap.cv32e40p_wrapper_i.core_i.id_stage_i.decoder_i","Source":"            default: data_type_o = 2'b00; // illegal or reg-reg"}
,{"expanded":false,"Exclusion Rule Type":"None","UNR":"none","Index":"44","Blk Type":"true part of","Src Start Line":"485","Score":"0","All Average Grd":"0%","Enclosing Entity":"uvmt_cv32_tb.dut_wrap.cv32e40p_wrapper_i.core_i.id_stage_i.decoder_i","Source":"          if (instr_rdata_i[14:12] == 3'b111) begin"}
,{"expanded":false,"Exclusion Rule Type":"None","UNR":"none","Index":"50","Blk Type":"false part of","Src Start Line":"505","Score":"0","All Average Grd":"0%","Enclosing Entity":"uvmt_cv32_tb.dut_wrap.cv32e40p_wrapper_i.core_i.id_stage_i.decoder_i","Source":"            end else begin"}
,{"expanded":false,"Exclusion Rule Type":"None","UNR":"none","Index":"53","Blk Type":"true part of","Src Start Line":"511","Score":"0","All Average Grd":"0%","Enclosing Entity":"uvmt_cv32_tb.dut_wrap.cv32e40p_wrapper_i.core_i.id_stage_i.decoder_i","Source":"          if (instr_rdata_i[14:12] == 3'b110) begin"}
,{"expanded":false,"Exclusion Rule Type":"None","UNR":"none","Index":"55","Blk Type":"false part of","Src Start Line":"514","Score":"0","All Average Grd":"0%","Enclosing Entity":"uvmt_cv32_tb.dut_wrap.cv32e40p_wrapper_i.core_i.id_stage_i.decoder_i","Source":"            end else begin"}
,{"expanded":false,"Exclusion Rule Type":"None","UNR":"none","Index":"58","Blk Type":"true part of","Src Start Line":"520","Score":"0","All Average Grd":"0%","Enclosing Entity":"uvmt_cv32_tb.dut_wrap.cv32e40p_wrapper_i.core_i.id_stage_i.decoder_i","Source":"          if (instr_rdata_i[14:12] == 3'b011) begin"}
,{"expanded":false,"Exclusion Rule Type":"None","UNR":"none","Index":"60","Blk Type":"false part of","Src Start Line":"524","Score":"0","All Average Grd":"0%","Enclosing Entity":"uvmt_cv32_tb.dut_wrap.cv32e40p_wrapper_i.core_i.id_stage_i.decoder_i","Source":"        end else begin"}
,{"expanded":false,"Exclusion Rule Type":"None","UNR":"none","Index":"61","Blk Type":"a case item of","Src Start Line":"529","Score":"0","All Average Grd":"0%","Enclosing Entity":"uvmt_cv32_tb.dut_wrap.cv32e40p_wrapper_i.core_i.id_stage_i.decoder_i","Source":"      OPCODE_AMO: begin"}
,{"expanded":false,"Exclusion Rule Type":"None","UNR":"none","Index":"68","Blk Type":"false part of","Src Start Line":"568","Score":"0","All Average Grd":"0%","Enclosing Entity":"uvmt_cv32_tb.dut_wrap.cv32e40p_wrapper_i.core_i.id_stage_i.decoder_i","Source":"        end else begin : no_decode_amo"}
,{"expanded":false,"Exclusion Rule Type":"None","UNR":"none","Index":"79","Blk Type":"true part of","Src Start Line":"617","Score":"0","All Average Grd":"0%","Enclosing Entity":"uvmt_cv32_tb.dut_wrap.cv32e40p_wrapper_i.core_i.id_stage_i.decoder_i","Source":"              illegal_insn_o = 1'b1;"}
,{"expanded":false,"Exclusion Rule Type":"None","UNR":"none","Index":"85","Blk Type":"false part of","Src Start Line":"626","Score":"0","All Average Grd":"0%","Enclosing Entity":"uvmt_cv32_tb.dut_wrap.cv32e40p_wrapper_i.core_i.id_stage_i.decoder_i","Source":"              illegal_insn_o = 1'b1;"}
,{"expanded":false,"Exclusion Rule Type":"None","UNR":"none","Index":"87","Blk Type":"true part of","Src Start Line":"636","Score":"0","All Average Grd":"0%","Enclosing Entity":"uvmt_cv32_tb.dut_wrap.cv32e40p_wrapper_i.core_i.id_stage_i.decoder_i","Source":"        if (instr_rdata_i[31:30] == 2'b11) begin"}
,{"expanded":false,"Exclusion Rule Type":"None","UNR":"none","Index":"96","Blk Type":"false part of","Src Start Line":"685","Score":"0","All Average Grd":"0%","Enclosing Entity":"uvmt_cv32_tb.dut_wrap.cv32e40p_wrapper_i.core_i.id_stage_i.decoder_i","Source":"          end else begin"}
,{"expanded":false,"Exclusion Rule Type":"None","UNR":"none","Index":"98","Blk Type":"true part of","Src Start Line":"691","Score":"0","All Average Grd":"0%","Enclosing Entity":"uvmt_cv32_tb.dut_wrap.cv32e40p_wrapper_i.core_i.id_stage_i.decoder_i","Source":"        else if (instr_rdata_i[31:30] == 2'b10) begin"}
,{"expanded":false,"Exclusion Rule Type":"None","UNR":"none","Index":"99","Blk Type":"true part of","Src Start Line":"695","Score":"0","All Average Grd":"0%","Enclosing Entity":"uvmt_cv32_tb.dut_wrap.cv32e40p_wrapper_i.core_i.id_stage_i.decoder_i","Source":"          if (instr_rdata_i[29:25]==5'b00000) begin"}
,{"expanded":false,"Exclusion Rule Type":"None","UNR":"none","Index":"107","Blk Type":"false part of","Src Start Line":"750","Score":"0","All Average Grd":"0%","Enclosing Entity":"uvmt_cv32_tb.dut_wrap.cv32e40p_wrapper_i.core_i.id_stage_i.decoder_i","Source":"            end else begin"}
,{"expanded":false,"Exclusion Rule Type":"None","UNR":"none","Index":"108","Blk Type":"false part of","Src Start Line":"757","Score":"0","All Average Grd":"0%","Enclosing Entity":"uvmt_cv32_tb.dut_wrap.cv32e40p_wrapper_i.core_i.id_stage_i.decoder_i","Source":"          end else begin"}
,{"expanded":false,"Exclusion Rule Type":"None","UNR":"none","Index":"222","Blk Type":"false part of","Src Start Line":"1156","Score":"0","All Average Grd":"0%","Enclosing Entity":"uvmt_cv32_tb.dut_wrap.cv32e40p_wrapper_i.core_i.id_stage_i.decoder_i","Source":"            else begin"}
,{"expanded":false,"Exclusion Rule Type":"None","UNR":"none","Index":"225","Blk Type":"implicit else","Src Start Line":"1169","Score":"0","All Average Grd":"0%","Enclosing Entity":"uvmt_cv32_tb.dut_wrap.cv32e40p_wrapper_i.core_i.id_stage_i.decoder_i","Source":"          if (~instr_rdata_i[28]) regb_used_o = 1'b1;"}
,{"expanded":false,"Exclusion Rule Type":"None","UNR":"none","Index":"245","Blk Type":"a case item of","Src Start Line":"1253","Score":"0","All Average Grd":"0%","Enclosing Entity":"uvmt_cv32_tb.dut_wrap.cv32e40p_wrapper_i.core_i.id_stage_i.decoder_i","Source":"            {6'b10_0001, 3'b000}: begin         // p.mac"}
,{"expanded":false,"Exclusion Rule Type":"None","UNR":"none","Index":"247","Blk Type":"false part of","Src Start Line":"1260","Score":"0","All Average Grd":"0%","Enclosing Entity":"uvmt_cv32_tb.dut_wrap.cv32e40p_wrapper_i.core_i.id_stage_i.decoder_i","Source":"              end else begin"}
,{"expanded":false,"Exclusion Rule Type":"None","UNR":"none","Index":"248","Blk Type":"a case item of","Src Start Line":"1264","Score":"0","All Average Grd":"0%","Enclosing Entity":"uvmt_cv32_tb.dut_wrap.cv32e40p_wrapper_i.core_i.id_stage_i.decoder_i","Source":"            {6'b10_0001, 3'b001}: begin         // p.msu"}
,{"expanded":false,"Exclusion Rule Type":"None","UNR":"none","Index":"250","Blk Type":"false part of","Src Start Line":"1271","Score":"0","All Average Grd":"0%","Enclosing Entity":"uvmt_cv32_tb.dut_wrap.cv32e40p_wrapper_i.core_i.id_stage_i.decoder_i","Source":"              end else begin"}
,{"expanded":false,"Exclusion Rule Type":"None","UNR":"none","Index":"251","Blk Type":"a case item of","Src Start Line":"1275","Score":"0","All Average Grd":"0%","Enclosing Entity":"uvmt_cv32_tb.dut_wrap.cv32e40p_wrapper_i.core_i.id_stage_i.decoder_i","Source":"            {6'b00_0010, 3'b010}: begin         // Set Lower Equal Than - p.slet"}
,{"expanded":false,"Exclusion Rule Type":"None","UNR":"none","Index":"253","Blk Type":"false part of","Src Start Line":"1278","Score":"0","All Average Grd":"0%","Enclosing Entity":"uvmt_cv32_tb.dut_wrap.cv32e40p_wrapper_i.core_i.id_stage_i.decoder_i","Source":"              end else begin"}
,{"expanded":false,"Exclusion Rule Type":"None","UNR":"none","Index":"254","Blk Type":"a case item of","Src Start Line":"1282","Score":"0","All Average Grd":"0%","Enclosing Entity":"uvmt_cv32_tb.dut_wrap.cv32e40p_wrapper_i.core_i.id_stage_i.decoder_i","Source":"            {6'b00_0010, 3'b011}: begin         // Set Lower Equal Than Unsigned; p.sletu"}
,{"expanded":false,"Exclusion Rule Type":"None","UNR":"none","Index":"256","Blk Type":"false part of","Src Start Line":"1285","Score":"0","All Average Grd":"0%","Enclosing Entity":"uvmt_cv32_tb.dut_wrap.cv32e40p_wrapper_i.core_i.id_stage_i.decoder_i","Source":"              end else begin"}
,{"expanded":false,"Exclusion Rule Type":"None","UNR":"none","Index":"257","Blk Type":"a case item of","Src Start Line":"1289","Score":"0","All Average Grd":"0%","Enclosing Entity":"uvmt_cv32_tb.dut_wrap.cv32e40p_wrapper_i.core_i.id_stage_i.decoder_i","Source":"            {6'b00_0010, 3'b100}: begin         // Min - p.min"}
,{"expanded":false,"Exclusion Rule Type":"None","UNR":"none","Index":"259","Blk Type":"false part of","Src Start Line":"1292","Score":"0","All Average Grd":"0%","Enclosing Entity":"uvmt_cv32_tb.dut_wrap.cv32e40p_wrapper_i.core_i.id_stage_i.decoder_i","Source":"              end else begin"}
,{"expanded":false,"Exclusion Rule Type":"None","UNR":"none","Index":"260","Blk Type":"a case item of","Src Start Line":"1296","Score":"0","All Average Grd":"0%","Enclosing Entity":"uvmt_cv32_tb.dut_wrap.cv32e40p_wrapper_i.core_i.id_stage_i.decoder_i","Source":"            {6'b00_0010, 3'b101}: begin         // Min Unsigned - p.minu"}
,{"expanded":false,"Exclusion Rule Type":"None","UNR":"none","Index":"262","Blk Type":"false part of","Src Start Line":"1299","Score":"0","All Average Grd":"0%","Enclosing Entity":"uvmt_cv32_tb.dut_wrap.cv32e40p_wrapper_i.core_i.id_stage_i.decoder_i","Source":"              end else begin"}
,{"expanded":false,"Exclusion Rule Type":"None","UNR":"none","Index":"263","Blk Type":"a case item of","Src Start Line":"1303","Score":"0","All Average Grd":"0%","Enclosing Entity":"uvmt_cv32_tb.dut_wrap.cv32e40p_wrapper_i.core_i.id_stage_i.decoder_i","Source":"            {6'b00_0010, 3'b110}: begin         // Max - p.max"}
,{"expanded":false,"Exclusion Rule Type":"None","UNR":"none","Index":"265","Blk Type":"false part of","Src Start Line":"1306","Score":"0","All Average Grd":"0%","Enclosing Entity":"uvmt_cv32_tb.dut_wrap.cv32e40p_wrapper_i.core_i.id_stage_i.decoder_i","Source":"              end else begin"}
,{"expanded":false,"Exclusion Rule Type":"None","UNR":"none","Index":"266","Blk Type":"a case item of","Src Start Line":"1310","Score":"0","All Average Grd":"0%","Enclosing Entity":"uvmt_cv32_tb.dut_wrap.cv32e40p_wrapper_i.core_i.id_stage_i.decoder_i","Source":"            {6'b00_0010, 3'b111}: begin         // Max Unsigned - p.maxu"}
,{"expanded":false,"Exclusion Rule Type":"None","UNR":"none","Index":"268","Blk Type":"false part of","Src Start Line":"1313","Score":"0","All Average Grd":"0%","Enclosing Entity":"uvmt_cv32_tb.dut_wrap.cv32e40p_wrapper_i.core_i.id_stage_i.decoder_i","Source":"              end else begin"}
,{"expanded":false,"Exclusion Rule Type":"None","UNR":"none","Index":"269","Blk Type":"a case item of","Src Start Line":"1317","Score":"0","All Average Grd":"0%","Enclosing Entity":"uvmt_cv32_tb.dut_wrap.cv32e40p_wrapper_i.core_i.id_stage_i.decoder_i","Source":"            {6'b00_0100, 3'b101}: begin         // Rotate Right - p.ror"}
,{"expanded":false,"Exclusion Rule Type":"None","UNR":"none","Index":"271","Blk Type":"false part of","Src Start Line":"1320","Score":"0","All Average Grd":"0%","Enclosing Entity":"uvmt_cv32_tb.dut_wrap.cv32e40p_wrapper_i.core_i.id_stage_i.decoder_i","Source":"              end else begin"}
,{"expanded":false,"Exclusion Rule Type":"None","UNR":"none","Index":"272","Blk Type":"a case item of","Src Start Line":"1327","Score":"0","All Average Grd":"0%","Enclosing Entity":"uvmt_cv32_tb.dut_wrap.cv32e40p_wrapper_i.core_i.id_stage_i.decoder_i","Source":"            {6'b00_1000, 3'b000}: begin         // Find First 1 - p.ff1"}
,{"expanded":false,"Exclusion Rule Type":"None","UNR":"none","Index":"274","Blk Type":"false part of","Src Start Line":"1330","Score":"0","All Average Grd":"0%","Enclosing Entity":"uvmt_cv32_tb.dut_wrap.cv32e40p_wrapper_i.core_i.id_stage_i.decoder_i","Source":"              end else begin"}
,{"expanded":false,"Exclusion Rule Type":"None","UNR":"none","Index":"275","Blk Type":"a case item of","Src Start Line":"1334","Score":"0","All Average Grd":"0%","Enclosing Entity":"uvmt_cv32_tb.dut_wrap.cv32e40p_wrapper_i.core_i.id_stage_i.decoder_i","Source":"            {6'b00_1000, 3'b001}: begin         // Find Last 1 - p.fl1"}
,{"expanded":false,"Exclusion Rule Type":"None","UNR":"none","Index":"277","Blk Type":"false part of","Src Start Line":"1337","Score":"0","All Average Grd":"0%","Enclosing Entity":"uvmt_cv32_tb.dut_wrap.cv32e40p_wrapper_i.core_i.id_stage_i.decoder_i","Source":"              end else begin"}
,{"expanded":false,"Exclusion Rule Type":"None","UNR":"none","Index":"278","Blk Type":"a case item of","Src Start Line":"1341","Score":"0","All Average Grd":"0%","Enclosing Entity":"uvmt_cv32_tb.dut_wrap.cv32e40p_wrapper_i.core_i.id_stage_i.decoder_i","Source":"            {6'b00_1000, 3'b010}: begin         // Count Leading Bits - p.clb"}
,{"expanded":false,"Exclusion Rule Type":"None","UNR":"none","Index":"280","Blk Type":"false part of","Src Start Line":"1344","Score":"0","All Average Grd":"0%","Enclosing Entity":"uvmt_cv32_tb.dut_wrap.cv32e40p_wrapper_i.core_i.id_stage_i.decoder_i","Source":"              end else begin"}
,{"expanded":false,"Exclusion Rule Type":"None","UNR":"none","Index":"281","Blk Type":"a case item of","Src Start Line":"1348","Score":"0","All Average Grd":"0%","Enclosing Entity":"uvmt_cv32_tb.dut_wrap.cv32e40p_wrapper_i.core_i.id_stage_i.decoder_i","Source":"            {6'b00_1000, 3'b011}: begin         // Count set bits (popcount) - p.cnt"}
,{"expanded":false,"Exclusion Rule Type":"None","UNR":"none","Index":"283","Blk Type":"false part of","Src Start Line":"1351","Score":"0","All Average Grd":"0%","Enclosing Entity":"uvmt_cv32_tb.dut_wrap.cv32e40p_wrapper_i.core_i.id_stage_i.decoder_i","Source":"              end else begin"}
,{"expanded":false,"Exclusion Rule Type":"None","UNR":"none","Index":"284","Blk Type":"a case item of","Src Start Line":"1355","Score":"0","All Average Grd":"0%","Enclosing Entity":"uvmt_cv32_tb.dut_wrap.cv32e40p_wrapper_i.core_i.id_stage_i.decoder_i","Source":"            {6'b00_1000, 3'b100}: begin         // Sign-extend Halfword - p.exths"}
,{"expanded":false,"Exclusion Rule Type":"None","UNR":"none","Index":"286","Blk Type":"false part of","Src Start Line":"1359","Score":"0","All Average Grd":"0%","Enclosing Entity":"uvmt_cv32_tb.dut_wrap.cv32e40p_wrapper_i.core_i.id_stage_i.decoder_i","Source":"              end else begin"}
,{"expanded":false,"Exclusion Rule Type":"None","UNR":"none","Index":"287","Blk Type":"a case item of","Src Start Line":"1363","Score":"0","All Average Grd":"0%","Enclosing Entity":"uvmt_cv32_tb.dut_wrap.cv32e40p_wrapper_i.core_i.id_stage_i.decoder_i","Source":"            {6'b00_1000, 3'b101}: begin         // Zero-extend Halfword - p.exthz"}
,{"expanded":false,"Exclusion Rule Type":"None","UNR":"none","Index":"289","Blk Type":"false part of","Src Start Line":"1367","Score":"0","All Average Grd":"0%","Enclosing Entity":"uvmt_cv32_tb.dut_wrap.cv32e40p_wrapper_i.core_i.id_stage_i.decoder_i","Source":"              end else begin"}
,{"expanded":false,"Exclusion Rule Type":"None","UNR":"none","Index":"290","Blk Type":"a case item of","Src Start Line":"1371","Score":"0","All Average Grd":"0%","Enclosing Entity":"uvmt_cv32_tb.dut_wrap.cv32e40p_wrapper_i.core_i.id_stage_i.decoder_i","Source":"            {6'b00_1000, 3'b110}: begin         // Sign-extend Byte - p.extbs"}
,{"expanded":false,"Exclusion Rule Type":"None","UNR":"none","Index":"292","Blk Type":"false part of","Src Start Line":"1375","Score":"0","All Average Grd":"0%","Enclosing Entity":"uvmt_cv32_tb.dut_wrap.cv32e40p_wrapper_i.core_i.id_stage_i.decoder_i","Source":"              end else begin"}
,{"expanded":false,"Exclusion Rule Type":"None","UNR":"none","Index":"293","Blk Type":"a case item of","Src Start Line":"1379","Score":"0","All Average Grd":"0%","Enclosing Entity":"uvmt_cv32_tb.dut_wrap.cv32e40p_wrapper_i.core_i.id_stage_i.decoder_i","Source":"            {6'b00_1000, 3'b111}: begin         // Zero-extend Byte - p.extbz"}
,{"expanded":false,"Exclusion Rule Type":"None","UNR":"none","Index":"295","Blk Type":"false part of","Src Start Line":"1383","Score":"0","All Average Grd":"0%","Enclosing Entity":"uvmt_cv32_tb.dut_wrap.cv32e40p_wrapper_i.core_i.id_stage_i.decoder_i","Source":"              end else begin"}
,{"expanded":false,"Exclusion Rule Type":"None","UNR":"none","Index":"296","Blk Type":"a case item of","Src Start Line":"1387","Score":"0","All Average Grd":"0%","Enclosing Entity":"uvmt_cv32_tb.dut_wrap.cv32e40p_wrapper_i.core_i.id_stage_i.decoder_i","Source":"            {6'b00_0010, 3'b000}: begin         // p.abs"}
,{"expanded":false,"Exclusion Rule Type":"None","UNR":"none","Index":"298","Blk Type":"false part of","Src Start Line":"1390","Score":"0","All Average Grd":"0%","Enclosing Entity":"uvmt_cv32_tb.dut_wrap.cv32e40p_wrapper_i.core_i.id_stage_i.decoder_i","Source":"              end else begin"}
,{"expanded":false,"Exclusion Rule Type":"None","UNR":"none","Index":"299","Blk Type":"a case item of","Src Start Line":"1394","Score":"0","All Average Grd":"0%","Enclosing Entity":"uvmt_cv32_tb.dut_wrap.cv32e40p_wrapper_i.core_i.id_stage_i.decoder_i","Source":"            {6'b00_1010, 3'b001}: begin         // p.clip"}
,{"expanded":false,"Exclusion Rule Type":"None","UNR":"none","Index":"301","Blk Type":"false part of","Src Start Line":"1399","Score":"0","All Average Grd":"0%","Enclosing Entity":"uvmt_cv32_tb.dut_wrap.cv32e40p_wrapper_i.core_i.id_stage_i.decoder_i","Source":"              end else begin"}
,{"expanded":false,"Exclusion Rule Type":"None","UNR":"none","Index":"302","Blk Type":"a case item of","Src Start Line":"1403","Score":"0","All Average Grd":"0%","Enclosing Entity":"uvmt_cv32_tb.dut_wrap.cv32e40p_wrapper_i.core_i.id_stage_i.decoder_i","Source":"            {6'b00_1010, 3'b010}: begin         // p.clipu"}
,{"expanded":false,"Exclusion Rule Type":"None","UNR":"none","Index":"304","Blk Type":"false part of","Src Start Line":"1408","Score":"0","All Average Grd":"0%","Enclosing Entity":"uvmt_cv32_tb.dut_wrap.cv32e40p_wrapper_i.core_i.id_stage_i.decoder_i","Source":"              end else begin"}
,{"expanded":false,"Exclusion Rule Type":"None","UNR":"none","Index":"305","Blk Type":"a case item of","Src Start Line":"1412","Score":"0","All Average Grd":"0%","Enclosing Entity":"uvmt_cv32_tb.dut_wrap.cv32e40p_wrapper_i.core_i.id_stage_i.decoder_i","Source":"            {6'b00_1010, 3'b101}: begin         // p.clipr"}
,{"expanded":false,"Exclusion Rule Type":"None","UNR":"none","Index":"307","Blk Type":"false part of","Src Start Line":"1416","Score":"0","All Average Grd":"0%","Enclosing Entity":"uvmt_cv32_tb.dut_wrap.cv32e40p_wrapper_i.core_i.id_stage_i.decoder_i","Source":"              end else begin"}
,{"expanded":false,"Exclusion Rule Type":"None","UNR":"none","Index":"308","Blk Type":"a case item of","Src Start Line":"1420","Score":"0","All Average Grd":"0%","Enclosing Entity":"uvmt_cv32_tb.dut_wrap.cv32e40p_wrapper_i.core_i.id_stage_i.decoder_i","Source":"            {6'b00_1010, 3'b110}: begin         // p.clipur"}
,{"expanded":false,"Exclusion Rule Type":"None","UNR":"none","Index":"310","Blk Type":"false part of","Src Start Line":"1424","Score":"0","All Average Grd":"0%","Enclosing Entity":"uvmt_cv32_tb.dut_wrap.cv32e40p_wrapper_i.core_i.id_stage_i.decoder_i","Source":"              end else begin"}
,{"expanded":false,"Exclusion Rule Type":"None","UNR":"none","Index":"311","Blk Type":"a case item of","Src Start Line":"1429","Score":"0","All Average Grd":"0%","Enclosing Entity":"uvmt_cv32_tb.dut_wrap.cv32e40p_wrapper_i.core_i.id_stage_i.decoder_i","Source":"            default: begin"}
,{"expanded":false,"Exclusion Rule Type":"None","UNR":"none","Index":"324","Blk Type":"a case item of","Src Start Line":"1484","Score":"0","All Average Grd":"0%","Enclosing Entity":"uvmt_cv32_tb.dut_wrap.cv32e40p_wrapper_i.core_i.id_stage_i.decoder_i","Source":"      OPCODE_OP_FP: begin"}
,{"expanded":false,"Exclusion Rule Type":"None","UNR":"none","Index":"521","Blk Type":"false part of","Src Start Line":"1969","Score":"0","All Average Grd":"0%","Enclosing Entity":"uvmt_cv32_tb.dut_wrap.cv32e40p_wrapper_i.core_i.id_stage_i.decoder_i","Source":"          illegal_insn_o = 1'b1;"}
,{"expanded":false,"Exclusion Rule Type":"None","UNR":"none","Index":"522","Blk Type":"a case item of","Src Start Line":"1976","Score":"0","All Average Grd":"0%","Enclosing Entity":"uvmt_cv32_tb.dut_wrap.cv32e40p_wrapper_i.core_i.id_stage_i.decoder_i","Source":"      OPCODE_OP_FNMADD : begin"}
,{"expanded":false,"Exclusion Rule Type":"None","UNR":"none","Index":"574","Blk Type":"false part of","Src Start Line":"2090","Score":"0","All Average Grd":"0%","Enclosing Entity":"uvmt_cv32_tb.dut_wrap.cv32e40p_wrapper_i.core_i.id_stage_i.decoder_i","Source":"        else begin"}
,{"expanded":false,"Exclusion Rule Type":"None","UNR":"none","Index":"575","Blk Type":"a case item of","Src Start Line":"2095","Score":"0","All Average Grd":"0%","Enclosing Entity":"uvmt_cv32_tb.dut_wrap.cv32e40p_wrapper_i.core_i.id_stage_i.decoder_i","Source":"      OPCODE_STORE_FP: begin"}
,{"expanded":false,"Exclusion Rule Type":"None","UNR":"none","Index":"593","Blk Type":"false part of","Src Start Line":"2136","Score":"0","All Average Grd":"0%","Enclosing Entity":"uvmt_cv32_tb.dut_wrap.cv32e40p_wrapper_i.core_i.id_stage_i.decoder_i","Source":"          illegal_insn_o = 1'b1;"}
,{"expanded":false,"Exclusion Rule Type":"None","UNR":"none","Index":"594","Blk Type":"a case item of","Src Start Line":"2139","Score":"0","All Average Grd":"0%","Enclosing Entity":"uvmt_cv32_tb.dut_wrap.cv32e40p_wrapper_i.core_i.id_stage_i.decoder_i","Source":"      OPCODE_LOAD_FP: begin"}
,{"expanded":false,"Exclusion Rule Type":"None","UNR":"none","Index":"609","Blk Type":"false part of","Src Start Line":"2173","Score":"0","All Average Grd":"0%","Enclosing Entity":"uvmt_cv32_tb.dut_wrap.cv32e40p_wrapper_i.core_i.id_stage_i.decoder_i","Source":"          illegal_insn_o = 1'b1;"}
,{"expanded":false,"Exclusion Rule Type":"None","UNR":"none","Index":"610","Blk Type":"a case item of","Src Start Line":"2176","Score":"0","All Average Grd":"0%","Enclosing Entity":"uvmt_cv32_tb.dut_wrap.cv32e40p_wrapper_i.core_i.id_stage_i.decoder_i","Source":"      OPCODE_PULP_OP: begin  // PULP specific ALU instructions with three source operands"}
,{"expanded":false,"Exclusion Rule Type":"None","UNR":"none","Index":"642","Blk Type":"false part of","Src Start Line":"2282","Score":"0","All Average Grd":"0%","Enclosing Entity":"uvmt_cv32_tb.dut_wrap.cv32e40p_wrapper_i.core_i.id_stage_i.decoder_i","Source":"        end else begin"}
,{"expanded":false,"Exclusion Rule Type":"None","UNR":"none","Index":"643","Blk Type":"a case item of","Src Start Line":"2287","Score":"0","All Average Grd":"0%","Enclosing Entity":"uvmt_cv32_tb.dut_wrap.cv32e40p_wrapper_i.core_i.id_stage_i.decoder_i","Source":"      OPCODE_VECOP: begin"}
,{"expanded":false,"Exclusion Rule Type":"None","UNR":"none","Index":"703","Blk Type":"false part of","Src Start Line":"2502","Score":"0","All Average Grd":"0%","Enclosing Entity":"uvmt_cv32_tb.dut_wrap.cv32e40p_wrapper_i.core_i.id_stage_i.decoder_i","Source":"        end else begin"}
,{"expanded":false,"Exclusion Rule Type":"None","UNR":"none","Index":"707","Blk Type":"a case item of","Src Start Line":"2528","Score":"0","All Average Grd":"0%","Enclosing Entity":"uvmt_cv32_tb.dut_wrap.cv32e40p_wrapper_i.core_i.id_stage_i.decoder_i","Source":"          default: begin"}
,{"expanded":false,"Exclusion Rule Type":"None","UNR":"none","Index":"714","Blk Type":"a case item of","Src Start Line":"2561","Score":"0","All Average Grd":"0%","Enclosing Entity":"uvmt_cv32_tb.dut_wrap.cv32e40p_wrapper_i.core_i.id_stage_i.decoder_i","Source":"              begin"}
,{"expanded":false,"Exclusion Rule Type":"None","UNR":"none","Index":"715","Blk Type":"a case item of","Src Start Line":"2568","Score":"0","All Average Grd":"0%","Enclosing Entity":"uvmt_cv32_tb.dut_wrap.cv32e40p_wrapper_i.core_i.id_stage_i.decoder_i","Source":"              begin"}
,{"expanded":false,"Exclusion Rule Type":"None","UNR":"none","Index":"717","Blk Type":"true part of","Src Start Line":"2576","Score":"0","All Average Grd":"0%","Enclosing Entity":"uvmt_cv32_tb.dut_wrap.cv32e40p_wrapper_i.core_i.id_stage_i.decoder_i","Source":"                if (debug_wfi_no_sleep_i) begin"}
,{"expanded":false,"Exclusion Rule Type":"None","UNR":"none","Index":"719","Blk Type":"a case item of","Src Start Line":"2590","Score":"0","All Average Grd":"0%","Enclosing Entity":"uvmt_cv32_tb.dut_wrap.cv32e40p_wrapper_i.core_i.id_stage_i.decoder_i","Source":"              begin"}
,{"expanded":false,"Exclusion Rule Type":"None","UNR":"none","Index":"720","Blk Type":"false part of","Src Start Line":"2594","Score":"0","All Average Grd":"0%","Enclosing Entity":"uvmt_cv32_tb.dut_wrap.cv32e40p_wrapper_i.core_i.id_stage_i.decoder_i","Source":"          end else illegal_insn_o = 1'b1;"}
,{"expanded":false,"Exclusion Rule Type":"None","UNR":"none","Index":"728","Blk Type":"a case item of","Src Start Line":"2620","Score":"0","All Average Grd":"0%","Enclosing Entity":"uvmt_cv32_tb.dut_wrap.cv32e40p_wrapper_i.core_i.id_stage_i.decoder_i","Source":"            default: csr_illegal = 1'b1;"}
,{"expanded":false,"Exclusion Rule Type":"None","UNR":"none","Index":"733","Blk Type":"a case item of","Src Start Line":"2634","Score":"0","All Average Grd":"0%","Enclosing Entity":"uvmt_cv32_tb.dut_wrap.cv32e40p_wrapper_i.core_i.id_stage_i.decoder_i","Source":"                if(!FPU) csr_illegal = 1'b1;"}
,{"expanded":false,"Exclusion Rule Type":"None","UNR":"none","Index":"734","Blk Type":"true part of","Src Start Line":"2634","Score":"0","All Average Grd":"0%","Enclosing Entity":"uvmt_cv32_tb.dut_wrap.cv32e40p_wrapper_i.core_i.id_stage_i.decoder_i","Source":"                if(!FPU) csr_illegal = 1'b1;"}
,{"expanded":false,"Exclusion Rule Type":"None","UNR":"none","Index":"736","Blk Type":"a case item of","Src Start Line":"2638","Score":"0","All Average Grd":"0%","Enclosing Entity":"uvmt_cv32_tb.dut_wrap.cv32e40p_wrapper_i.core_i.id_stage_i.decoder_i","Source":"                if(!(FPU && PULP_XPULP)) csr_illegal = 1'b1;"}
,{"expanded":false,"Exclusion Rule Type":"None","UNR":"none","Index":"737","Blk Type":"true part of","Src Start Line":"2638","Score":"0","All Average Grd":"0%","Enclosing Entity":"uvmt_cv32_tb.dut_wrap.cv32e40p_wrapper_i.core_i.id_stage_i.decoder_i","Source":"                if(!(FPU && PULP_XPULP)) csr_illegal = 1'b1;"}
,{"expanded":false,"Exclusion Rule Type":"None","UNR":"none","Index":"739","Blk Type":"a case item of","Src Start Line":"2645","Score":"0","All Average Grd":"0%","Enclosing Entity":"uvmt_cv32_tb.dut_wrap.cv32e40p_wrapper_i.core_i.id_stage_i.decoder_i","Source":"                if(csr_op != CSR_OP_READ) csr_illegal = 1'b1;"}
,{"expanded":false,"Exclusion Rule Type":"None","UNR":"none","Index":"740","Blk Type":"true part of","Src Start Line":"2645","Score":"0","All Average Grd":"0%","Enclosing Entity":"uvmt_cv32_tb.dut_wrap.cv32e40p_wrapper_i.core_i.id_stage_i.decoder_i","Source":"                if(csr_op != CSR_OP_READ) csr_illegal = 1'b1;"}
,{"expanded":false,"Exclusion Rule Type":"None","UNR":"none","Index":"741","Blk Type":"implicit else","Src Start Line":"2645","Score":"0","All Average Grd":"0%","Enclosing Entity":"uvmt_cv32_tb.dut_wrap.cv32e40p_wrapper_i.core_i.id_stage_i.decoder_i","Source":"                if(csr_op != CSR_OP_READ) csr_illegal = 1'b1;"}
,{"expanded":false,"Exclusion Rule Type":"None","UNR":"none","Index":"743","Blk Type":"a case item of","Src Start Line":"2712","Score":"0","All Average Grd":"0%","Enclosing Entity":"uvmt_cv32_tb.dut_wrap.cv32e40p_wrapper_i.core_i.id_stage_i.decoder_i","Source":"                if(csr_op != CSR_OP_READ || (PULP_SECURE && current_priv_lvl_i != PRIV_LVL_M &&"}
,{"expanded":false,"Exclusion Rule Type":"None","UNR":"none","Index":"744","Blk Type":"true part of","Src Start Line":"2713","Score":"0","All Average Grd":"0%","Enclosing Entity":"uvmt_cv32_tb.dut_wrap.cv32e40p_wrapper_i.core_i.id_stage_i.decoder_i","Source":"                  !mcounteren_i[ instr_rdata_i[24:20] ])) begin"}
,{"expanded":false,"Exclusion Rule Type":"None","UNR":"none","Index":"745","Blk Type":"implicit else","Src Start Line":"2712","Score":"0","All Average Grd":"0%","Enclosing Entity":"uvmt_cv32_tb.dut_wrap.cv32e40p_wrapper_i.core_i.id_stage_i.decoder_i","Source":"                if(csr_op != CSR_OP_READ || (PULP_SECURE && current_priv_lvl_i != PRIV_LVL_M &&"}
,{"expanded":false,"Exclusion Rule Type":"None","UNR":"none","Index":"746","Blk Type":"a case item of","Src Start Line":"2719","Score":"0","All Average Grd":"0%","Enclosing Entity":"uvmt_cv32_tb.dut_wrap.cv32e40p_wrapper_i.core_i.id_stage_i.decoder_i","Source":"              if(!PULP_SECURE) csr_illegal = 1'b1;"}
,{"expanded":false,"Exclusion Rule Type":"None","UNR":"none","Index":"747","Blk Type":"true part of","Src Start Line":"2719","Score":"0","All Average Grd":"0%","Enclosing Entity":"uvmt_cv32_tb.dut_wrap.cv32e40p_wrapper_i.core_i.id_stage_i.decoder_i","Source":"              if(!PULP_SECURE) csr_illegal = 1'b1;"}
,{"expanded":false,"Exclusion Rule Type":"None","UNR":"none","Index":"749","Blk Type":"a case item of","Src Start Line":"2726","Score":"0","All Average Grd":"0%","Enclosing Entity":"uvmt_cv32_tb.dut_wrap.cv32e40p_wrapper_i.core_i.id_stage_i.decoder_i","Source":"                if(!debug_mode_i) csr_illegal = 1'b1;"}
,{"expanded":false,"Exclusion Rule Type":"None","UNR":"none","Index":"750","Blk Type":"true part of","Src Start Line":"2726","Score":"0","All Average Grd":"0%","Enclosing Entity":"uvmt_cv32_tb.dut_wrap.cv32e40p_wrapper_i.core_i.id_stage_i.decoder_i","Source":"                if(!debug_mode_i) csr_illegal = 1'b1;"}
,{"expanded":false,"Exclusion Rule Type":"None","UNR":"none","Index":"751","Blk Type":"implicit else","Src Start Line":"2726","Score":"0","All Average Grd":"0%","Enclosing Entity":"uvmt_cv32_tb.dut_wrap.cv32e40p_wrapper_i.core_i.id_stage_i.decoder_i","Source":"                if(!debug_mode_i) csr_illegal = 1'b1;"}
,{"expanded":false,"Exclusion Rule Type":"None","UNR":"none","Index":"752","Blk Type":"a case item of","Src Start Line":"2736","Score":"0","All Average Grd":"0%","Enclosing Entity":"uvmt_cv32_tb.dut_wrap.cv32e40p_wrapper_i.core_i.id_stage_i.decoder_i","Source":"                if(DEBUG_TRIGGER_EN != 1)"}
,{"expanded":false,"Exclusion Rule Type":"None","UNR":"none","Index":"754","Blk Type":"implicit else","Src Start Line":"2736","Score":"0","All Average Grd":"0%","Enclosing Entity":"uvmt_cv32_tb.dut_wrap.cv32e40p_wrapper_i.core_i.id_stage_i.decoder_i","Source":"                if(DEBUG_TRIGGER_EN != 1)"}
,{"expanded":false,"Exclusion Rule Type":"None","UNR":"none","Index":"755","Blk Type":"a case item of","Src Start Line":"2748","Score":"0","All Average Grd":"0%","Enclosing Entity":"uvmt_cv32_tb.dut_wrap.cv32e40p_wrapper_i.core_i.id_stage_i.decoder_i","Source":"                if(!PULP_XPULP) csr_illegal = 1'b1;"}
,{"expanded":false,"Exclusion Rule Type":"None","UNR":"none","Index":"756","Blk Type":"true part of","Src Start Line":"2748","Score":"0","All Average Grd":"0%","Enclosing Entity":"uvmt_cv32_tb.dut_wrap.cv32e40p_wrapper_i.core_i.id_stage_i.decoder_i","Source":"                if(!PULP_XPULP) csr_illegal = 1'b1;"}
,{"expanded":false,"Exclusion Rule Type":"None","UNR":"none","Index":"758","Blk Type":"a case item of","Src Start Line":"2771","Score":"0","All Average Grd":"0%","Enclosing Entity":"uvmt_cv32_tb.dut_wrap.cv32e40p_wrapper_i.core_i.id_stage_i.decoder_i","Source":"                if(!USE_PMP) csr_illegal = 1'b1;"}
,{"expanded":false,"Exclusion Rule Type":"None","UNR":"none","Index":"759","Blk Type":"true part of","Src Start Line":"2771","Score":"0","All Average Grd":"0%","Enclosing Entity":"uvmt_cv32_tb.dut_wrap.cv32e40p_wrapper_i.core_i.id_stage_i.decoder_i","Source":"                if(!USE_PMP) csr_illegal = 1'b1;"}
,{"expanded":false,"Exclusion Rule Type":"None","UNR":"none","Index":"761","Blk Type":"a case item of","Src Start Line":"2778","Score":"0","All Average Grd":"0%","Enclosing Entity":"uvmt_cv32_tb.dut_wrap.cv32e40p_wrapper_i.core_i.id_stage_i.decoder_i","Source":"                if(!PULP_SECURE) csr_illegal = 1'b1;"}
,{"expanded":false,"Exclusion Rule Type":"None","UNR":"none","Index":"762","Blk Type":"true part of","Src Start Line":"2778","Score":"0","All Average Grd":"0%","Enclosing Entity":"uvmt_cv32_tb.dut_wrap.cv32e40p_wrapper_i.core_i.id_stage_i.decoder_i","Source":"                if(!PULP_SECURE) csr_illegal = 1'b1;"}
,{"expanded":false,"Exclusion Rule Type":"None","UNR":"none","Index":"764","Blk Type":"a case item of","Src Start Line":"2780","Score":"0","All Average Grd":"0%","Enclosing Entity":"uvmt_cv32_tb.dut_wrap.cv32e40p_wrapper_i.core_i.id_stage_i.decoder_i","Source":"            default : csr_illegal = 1'b1;"}
,{"expanded":false,"Exclusion Rule Type":"None","UNR":"none","Index":"769","Blk Type":"implicit else","Src Start Line":"2786","Score":"0","All Average Grd":"0%","Enclosing Entity":"uvmt_cv32_tb.dut_wrap.cv32e40p_wrapper_i.core_i.id_stage_i.decoder_i","Source":"          if(~csr_illegal)"}
,{"expanded":false,"Exclusion Rule Type":"None","UNR":"none","Index":"771","Blk Type":"a case item of","Src Start Line":"2814","Score":"0","All Average Grd":"0%","Enclosing Entity":"uvmt_cv32_tb.dut_wrap.cv32e40p_wrapper_i.core_i.id_stage_i.decoder_i","Source":"      OPCODE_HWLOOP: begin"}
,{"expanded":false,"Exclusion Rule Type":"None","UNR":"none","Index":"780","Blk Type":"false part of","Src Start Line":"2866","Score":"0","All Average Grd":"0%","Enclosing Entity":"uvmt_cv32_tb.dut_wrap.cv32e40p_wrapper_i.core_i.id_stage_i.decoder_i","Source":"        end else begin // block: HWLOOP_FEATURE_ENABLED"}
,{"expanded":false,"Exclusion Rule Type":"None","UNR":"none","Index":"786","Blk Type":"true part of","Src Start Line":"2885","Score":"0","All Average Grd":"0%","Enclosing Entity":"uvmt_cv32_tb.dut_wrap.cv32e40p_wrapper_i.core_i.id_stage_i.decoder_i","Source":"    begin"}
]
,"expression_items":[{"expanded":false,"expanded":false,"Exclusion Rule Type":"None","Index":"1","All Average Grd":"50%","All Cov":"1 / 2 (50%)","Src Start Line":"407","Enclosing Entity":"uvmt_cv32_tb.dut_wrap.cv32e40p_wrapper_i.core_i.id_stage_i.decoder_i","Source":"        if (PULP_XPULP || (instr_rdata_i[6:0] == OPCODE_STORE)) begin"
,"subitems":[{"expanded":false,"expanded":false,"Exclusion Rule Type":"None","Index":"1","All Average Grd":"50%","All Cov":"1 / 2 (50%)","Source":"        if (PULP_XPULP || (instr_rdata_i[6:0] == OPCODE_STORE)) begin","table_type":"cov"
,"subitems":[{"title":"1;-","expanded":false,"Exclusion Rule Type":"Simulation-Const","UNR":"none","Score":"0","Out":"n/a","excluded":"1"}
,{"title":"-;1","expanded":false,"Exclusion Rule Type":"None","UNR":"none","Score":"1","Out":"n/a"}
,{"title":"0;0","expanded":false,"Exclusion Rule Type":"None","UNR":"none","Score":"0","Out":"n/a"}
],"cov_table_title":"Coverage Table","header":"PULP_XPULP || (instr_rdata_i[6:0] == OPCODE_STORE)","columns":"PULP_XPULP;(instr_rdata_i[6:0] == OPCODE_STORE)"}
]}
,{"expanded":false,"expanded":false,"Exclusion Rule Type":"None","Index":"2","All Average Grd":"50%","All Cov":"1 / 2 (50%)","Src Start Line":"456","Enclosing Entity":"uvmt_cv32_tb.dut_wrap.cv32e40p_wrapper_i.core_i.id_stage_i.decoder_i","Source":"        if (PULP_XPULP || (instr_rdata_i[6:0] == OPCODE_LOAD)) begin"
,"subitems":[{"expanded":false,"expanded":false,"Exclusion Rule Type":"None","Index":"1","All Average Grd":"50%","All Cov":"1 / 2 (50%)","Source":"        if (PULP_XPULP || (instr_rdata_i[6:0] == OPCODE_LOAD)) begin","table_type":"cov"
,"subitems":[{"title":"1;-","expanded":false,"Exclusion Rule Type":"Simulation-Const","UNR":"none","Score":"0","Out":"n/a","excluded":"1"}
,{"title":"-;1","expanded":false,"Exclusion Rule Type":"None","UNR":"none","Score":"1","Out":"n/a"}
,{"title":"0;0","expanded":false,"Exclusion Rule Type":"None","UNR":"none","Score":"0","Out":"n/a"}
],"cov_table_title":"Coverage Table","header":"PULP_XPULP || (instr_rdata_i[6:0] == OPCODE_LOAD)","columns":"PULP_XPULP;(instr_rdata_i[6:0] == OPCODE_LOAD)"}
]}
,{"expanded":false,"expanded":false,"Exclusion Rule Type":"None","Index":"27","All Average Grd":"0%","All Cov":"0 / 2 (0%)","Src Start Line":"2638","Enclosing Entity":"uvmt_cv32_tb.dut_wrap.cv32e40p_wrapper_i.core_i.id_stage_i.decoder_i","Source":"                if(!(FPU && PULP_XPULP)) csr_illegal = 1'b1;"
,"subitems":[{"expanded":false,"expanded":false,"Exclusion Rule Type":"None","Index":"1","All Average Grd":"0%","All Cov":"0 / 2 (0%)","Source":"                if(!(FPU && PULP_XPULP)) csr_illegal = 1'b1;","table_type":"cov"
,"subitems":[{"title":"0;-","expanded":false,"Exclusion Rule Type":"None","UNR":"none","Score":"0","Out":"n/a"}
,{"title":"-;0","expanded":false,"Exclusion Rule Type":"None","UNR":"none","Score":"0","Out":"n/a"}
,{"title":"1;1","expanded":false,"Exclusion Rule Type":"Simulation-Const","UNR":"none","Score":"0","Out":"n/a","excluded":"1"}
],"cov_table_title":"Coverage Table","header":"(FPU && PULP_XPULP)","columns":"FPU;PULP_XPULP"}
]}
,{"expanded":false,"expanded":false,"Exclusion Rule Type":"None","Index":"28","All Average Grd":"0%","All Cov":"0 / 3 (0%)","Src Start Line":"2712","Enclosing Entity":"uvmt_cv32_tb.dut_wrap.cv32e40p_wrapper_i.core_i.id_stage_i.decoder_i","Source":"                if(csr_op != CSR_OP_READ || (PULP_SECURE && current_priv_lvl_i != PRIV_LVL_M &&"
,"subitems":[{"expanded":false,"expanded":false,"Exclusion Rule Type":"None","Index":"1","All Average Grd":"0%","All Cov":"0 / 3 (0%)","Source":"                if(csr_op != CSR_OP_READ || (PULP_SECURE && current_priv_lvl_i != PRIV_LVL_M &&","table_type":"cov"
,"subitems":[{"title":"-;1;1;0","expanded":false,"Exclusion Rule Type":"Simulation-Const","UNR":"none","Score":"0","Out":"1","excluded":"1"}
,{"title":"1;-;-;-","expanded":false,"Exclusion Rule Type":"None","UNR":"none","Score":"0","Out":"1"}
,{"title":"0;-;-;1","expanded":false,"Exclusion Rule Type":"Analysis Time","UNR":"none","Score":"0","Out":"0","excluded":"1"}
,{"title":"0;-;0;-","expanded":false,"Exclusion Rule Type":"None","UNR":"none","Score":"0","Out":"0"}
,{"title":"0;0;-;-","expanded":false,"Exclusion Rule Type":"None","UNR":"none","Score":"0","Out":"0"}
],"cov_table_title":"Coverage Table with Output","header":"(csr_op != CSR_OP_READ) || ((PULP_SECURE && (current_priv_lvl_i != PRIV_LVL_M)) && (! mcounteren_i[instr_rdata_i[24:20]]))","columns":"(csr_op != CSR_OP_READ);PULP_SECURE;(current_priv_lvl_i != PRIV_LVL_M);mcounteren_i[instr_rdata_i[24:20]]"}
]}
,{"expanded":false,"expanded":false,"Exclusion Rule Type":"None","Index":"29","All Average Grd":"33.33%","All Cov":"2 / 6 (33.33%)","Src Start Line":"2793","Enclosing Entity":"uvmt_cv32_tb.dut_wrap.cv32e40p_wrapper_i.core_i.id_stage_i.decoder_i","Source":"                instr_rdata_i[31:20] == CSR_DSCRATCH0 ||"
,"subitems":[{"expanded":false,"expanded":false,"Exclusion Rule Type":"None","Index":"1","All Average Grd":"33.33%","All Cov":"2 / 6 (33.33%)","Source":"                instr_rdata_i[31:20] == CSR_DSCRATCH0 ||","table_type":"cov"
,"subitems":[{"title":"1;-;-;-;-;-;-","expanded":false,"Exclusion Rule Type":"None","UNR":"none","Score":"1","Out":"n/a"}
,{"title":"-;1;-;-;-;-;-","expanded":false,"Exclusion Rule Type":"Analysis Time","UNR":"none","Score":"0","Out":"n/a","excluded":"1"}
,{"title":"-;-;1;-;-;-;-","expanded":false,"Exclusion Rule Type":"Analysis Time","UNR":"none","Score":"0","Out":"n/a","excluded":"1"}
,{"title":"-;-;-;1;-;-;-","expanded":false,"Exclusion Rule Type":"None","UNR":"none","Score":"0","Out":"n/a"}
,{"title":"-;-;-;-;1;-;-","expanded":false,"Exclusion Rule Type":"None","UNR":"none","Score":"0","Out":"n/a"}
,{"title":"-;-;-;-;-;1;-","expanded":false,"Exclusion Rule Type":"None","UNR":"none","Score":"0","Out":"n/a"}
,{"title":"-;-;-;-;-;-;1","expanded":false,"Exclusion Rule Type":"None","UNR":"none","Score":"0","Out":"n/a"}
,{"title":"0;0;0;0;0;0;0","expanded":false,"Exclusion Rule Type":"None","UNR":"none","Score":"1","Out":"n/a"}
],"cov_table_title":"Coverage Table","header":"((((((instr_rdata_i[31:20] == CSR_MSTATUS) || (instr_rdata_i[31:20] == CSR_USTATUS)) || (instr_rdata_i[31:20] == CSR_UEPC)) || (instr_rdata_i[31:20] == CSR_DCSR)) || (instr_rdata_i[31:20] == CSR_DPC)) || (instr_rdata_i[31:20] == CSR_DSCRATCH0)) || (instr_rdata_i[31:20] == CSR_DSCRATCH1)","columns":"(instr_rdata_i[31:20] == CSR_MSTATUS);(instr_rdata_i[31:20] == CSR_USTATUS);(instr_rdata_i[31:20] == CSR_UEPC);(instr_rdata_i[31:20] == CSR_DCSR);(instr_rdata_i[31:20] == CSR_DPC);(instr_rdata_i[31:20] == CSR_DSCRATCH0);(instr_rdata_i[31:20] == CSR_DSCRATCH1)"}
]}
]}
