{
"block_items":[{"expanded":false,"Exclusion Rule Type":"None","UNR":"none","Index":"37","Blk Type":"true part of","Src Start Line":"200","Score":"0","All Average Grd":"0%","Enclosing Entity":"uvmt_cv32_tb","Source":"              irq_mip[irq_idx] <= 1'b0;"}
,{"expanded":false,"Exclusion Rule Type":"None","UNR":"none","Index":"54","Blk Type":"true part of","Src Start Line":"243","Score":"0","All Average Grd":"0%","Enclosing Entity":"uvmt_cv32_tb","Source":"     if (!clknrst_if.reset_n) begin"}
,{"expanded":false,"Exclusion Rule Type":"None","UNR":"none","Index":"59","Blk Type":"true part of","Src Start Line":"254","Score":"0","All Average Grd":"0%","Enclosing Entity":"uvmt_cv32_tb","Source":"       if (vp_status_if.tests_failed) begin"}
]
,"expression_items":[{"expanded":false,"expanded":false,"Exclusion Rule Type":"None","Index":"5","All Average Grd":"66.67%","All Cov":"2 / 3 (66.67%)","Src Start Line":"199","Enclosing Entity":"uvmt_cv32_tb","Source":"            else if (step_compare_if.ovp_b1_Step && iss_wrap.b1.deferint == 0)"
,"subitems":[{"expanded":false,"expanded":false,"Exclusion Rule Type":"None","Index":"1","All Average Grd":"66.67%","All Cov":"2 / 3 (66.67%)","Source":"            else if (step_compare_if.ovp_b1_Step && iss_wrap.b1.deferint == 0)","table_type":"cov"
,"subitems":[{"title":"1;0","expanded":false,"Exclusion Rule Type":"None","UNR":"none","Score":"0","Out":"1"}
,{"title":"-;1","expanded":false,"Exclusion Rule Type":"None","UNR":"none","Score":"1","Out":"0"}
,{"title":"0;-","expanded":false,"Exclusion Rule Type":"None","UNR":"none","Score":"1","Out":"0"}
],"cov_table_title":"Coverage Table with Output","header":"step_compare_if.ovp_b1_Step && (iss_wrap.b1.deferint == 0)","columns":"step_compare_if.ovp_b1_Step;iss_wrap.b1.deferint"}
]}
]}
