{
"block_items":[{"expanded":false,"Exclusion Rule Type":"None","UNR":"none","Index":"5","Blk Type":"a case item of","Src Start Line":"500","Score":"0","All Average Grd":"0%","Enclosing Entity":"uvmt_cv32_tb.dut_wrap.cv32e40p_wrapper_i.core_i.cs_registers_i.genblk1","Source":"      CSR_FPREC  : csr_rdata_int = ((FPU == 1) && (PULP_XPULP == 1)) ? {27'b0, fprec_q} : '0; // Optional precision control for FP DIV/SQRT Unit"}
,{"expanded":false,"Exclusion Rule Type":"None","UNR":"none","Index":"22","Blk Type":"a case item of","Src Start Line":"561","Score":"0","All Average Grd":"0%","Enclosing Entity":"uvmt_cv32_tb.dut_wrap.cv32e40p_wrapper_i.core_i.cs_registers_i.genblk1","Source":"               csr_rdata_int = dcsr_q;//"}
,{"expanded":false,"Exclusion Rule Type":"None","UNR":"none","Index":"23","Blk Type":"a case item of","Src Start Line":"563","Score":"0","All Average Grd":"0%","Enclosing Entity":"uvmt_cv32_tb.dut_wrap.cv32e40p_wrapper_i.core_i.cs_registers_i.genblk1","Source":"               csr_rdata_int = depc_q;"}
,{"expanded":false,"Exclusion Rule Type":"None","UNR":"none","Index":"25","Blk Type":"a case item of","Src Start Line":"567","Score":"0","All Average Grd":"0%","Enclosing Entity":"uvmt_cv32_tb.dut_wrap.cv32e40p_wrapper_i.core_i.cs_registers_i.genblk1","Source":"               csr_rdata_int = dscratch1_q;//"}
,{"expanded":false,"Exclusion Rule Type":"None","UNR":"none","Index":"32","Blk Type":"a case item of","Src Start Line":"629","Score":"0","All Average Grd":"0%","Enclosing Entity":"uvmt_cv32_tb.dut_wrap.cv32e40p_wrapper_i.core_i.cs_registers_i.genblk1","Source":"      CSR_LPCOUNT0 : csr_rdata_int = !PULP_XPULP ? 'b0 : hwlp_cnt_i[0]   ;"}
,{"expanded":false,"Exclusion Rule Type":"None","UNR":"none","Index":"34","Blk Type":"a case item of","Src Start Line":"631","Score":"0","All Average Grd":"0%","Enclosing Entity":"uvmt_cv32_tb.dut_wrap.cv32e40p_wrapper_i.core_i.cs_registers_i.genblk1","Source":"      CSR_LPEND1   : csr_rdata_int = !PULP_XPULP ? 'b0 : hwlp_end_i[1]   ;"}
]
,"expression_items":[{"expanded":false,"expanded":false,"Exclusion Rule Type":"None","Index":"1","All Average Grd":"0%","All Cov":"0 / 2 (0%)","Src Start Line":"500","Enclosing Entity":"uvmt_cv32_tb.dut_wrap.cv32e40p_wrapper_i.core_i.cs_registers_i.genblk1","Source":"      CSR_FPREC  : csr_rdata_int = ((FPU == 1) && (PULP_XPULP == 1)) ? {27'b0, fprec_q} : '0; // Optional precision control for FP DIV/SQRT Unit"
,"subitems":[{"expanded":false,"expanded":false,"Exclusion Rule Type":"None","Index":"1","All Average Grd":"0%","All Cov":"0 / 2 (0%)","Source":"      CSR_FPREC  : csr_rdata_int = ((FPU == 1) && (PULP_XPULP == 1)) ? {27'b0, fprec_q} : '0; // Optional precision control for FP DIV/SQRT Unit","table_type":"cov"
,"subitems":[{"title":"0;-","expanded":false,"Exclusion Rule Type":"None","UNR":"none","Score":"0","Out":"n/a"}
,{"title":"-;0","expanded":false,"Exclusion Rule Type":"None","UNR":"none","Score":"0","Out":"n/a"}
,{"title":"1;1","expanded":false,"Exclusion Rule Type":"Simulation-Const","UNR":"none","Score":"0","Out":"n/a","excluded":"1"}
],"cov_table_title":"Coverage Table","header":"((FPU == 1) && (PULP_XPULP == 1))","columns":"(FPU == 1);(PULP_XPULP == 1)"}
]}
]}
