{"assertion_items"
:[{"expanded":false,"Exclusion Rule Type":"None","UNR":"none","title":"c_wfi_wake_mstatus_mie_1","All Average Grd":"100%","Assertion Status Grd":"n/a","Enclosing Entity":"uvmt_cv32e40p_interrupt_assert.gen_wfi_cov.genblk1_T","Source":"      c_wfi_wake_mstatus_mie_1: cover property(p_wfi_wake_mstatus_mie(gv_i, 1));"}
,{"expanded":false,"Exclusion Rule Type":"None","UNR":"none","title":"c_wfi_wake_mstatus_mie_0","All Average Grd":"100%","Assertion Status Grd":"n/a","Enclosing Entity":"uvmt_cv32e40p_interrupt_assert.gen_wfi_cov.genblk1_T","Source":"      c_wfi_wake_mstatus_mie_0: cover property(p_wfi_wake_mstatus_mie(gv_i, 0));"}
]}
