{
"block_items":[{"expanded":false,"Exclusion Rule Type":"None","UNR":"none","Index":"12","Blk Type":"a case item of","Src Start Line":"138","Score":"0","All Average Grd":"0%","Enclosing Entity":"uvmt_cv32_tb.dut_wrap.cv32e40p_wrapper_i.core_i.load_store_unit_i","Source":"            2'b01: data_be = 4'b0001;"}
,{"expanded":false,"Exclusion Rule Type":"None","UNR":"none","Index":"13","Blk Type":"a case item of","Src Start Line":"139","Score":"0","All Average Grd":"0%","Enclosing Entity":"uvmt_cv32_tb.dut_wrap.cv32e40p_wrapper_i.core_i.load_store_unit_i","Source":"            2'b10: data_be = 4'b0011;"}
,{"expanded":false,"Exclusion Rule Type":"None","UNR":"none","Index":"14","Blk Type":"a case item of","Src Start Line":"140","Score":"0","All Average Grd":"0%","Enclosing Entity":"uvmt_cv32_tb.dut_wrap.cv32e40p_wrapper_i.core_i.load_store_unit_i","Source":"            2'b11: data_be = 4'b0111;"}
,{"expanded":false,"Exclusion Rule Type":"None","UNR":"none","Index":"25","Blk Type":"false part of","Src Start Line":"157","Score":"0","All Average Grd":"0%","Enclosing Entity":"uvmt_cv32_tb.dut_wrap.cv32e40p_wrapper_i.core_i.load_store_unit_i","Source":"        begin // misaligned case"}
,{"expanded":false,"Exclusion Rule Type":"None","UNR":"none","Index":"106","Blk Type":"true part of","Src Start Line":"357","Score":"0","All Average Grd":"0%","Enclosing Entity":"uvmt_cv32_tb.dut_wrap.cv32e40p_wrapper_i.core_i.load_store_unit_i","Source":"          rdata_q  <= resp_rdata;"}
,{"expanded":false,"Exclusion Rule Type":"None","UNR":"none","Index":"112","Blk Type":"true part of","Src Start Line":"387","Score":"0","All Average Grd":"0%","Enclosing Entity":"uvmt_cv32_tb.dut_wrap.cv32e40p_wrapper_i.core_i.load_store_unit_i","Source":"            data_misaligned_o = 1'b1;"}
,{"expanded":false,"Exclusion Rule Type":"None","UNR":"none","Index":"115","Blk Type":"true part of","Src Start Line":"392","Score":"0","All Average Grd":"0%","Enclosing Entity":"uvmt_cv32_tb.dut_wrap.cv32e40p_wrapper_i.core_i.load_store_unit_i","Source":"            data_misaligned_o = 1'b1;"}
],"assertion_items"
:[{"expanded":false,"Exclusion Rule Type":"None","UNR":"none","title":"a_address_phase_signals_defined","All Average Grd":"100%","Assertion Status Grd":"100%","Enclosing Entity":"uvmt_cv32_tb.dut_wrap.cv32e40p_wrapper_i.core_i.load_store_unit_i","Source":"  a_address_phase_signals_defined : assert property(p_address_phase_signals_defined);"}
,{"expanded":false,"Exclusion Rule Type":"None","UNR":"none","title":"a_no_spurious_rvalid","All Average Grd":"100%","Assertion Status Grd":"100%","Enclosing Entity":"uvmt_cv32_tb.dut_wrap.cv32e40p_wrapper_i.core_i.load_store_unit_i","Source":"  a_no_spurious_rvalid : assert property(p_no_spurious_rvalid);"}
,{"expanded":false,"Exclusion Rule Type":"None","UNR":"none","title":"a_no_transaction_count_overflow_1","All Average Grd":"0%","Assertion Status Grd":"0%","Enclosing Entity":"uvmt_cv32_tb.dut_wrap.cv32e40p_wrapper_i.core_i.load_store_unit_i","Source":"  a_no_transaction_count_overflow_1 : assert property(p_no_transaction_count_overflow_1);"}
,{"expanded":false,"Exclusion Rule Type":"None","UNR":"none","title":"a_no_transaction_count_overflow_0","All Average Grd":"100%","Assertion Status Grd":"100%","Enclosing Entity":"uvmt_cv32_tb.dut_wrap.cv32e40p_wrapper_i.core_i.load_store_unit_i","Source":"  a_no_transaction_count_overflow_0 : assert property(p_no_transaction_count_overflow_0);"}
,{"expanded":false,"Exclusion Rule Type":"None","UNR":"none","title":"a_no_error","All Average Grd":"100%","Assertion Status Grd":"100%","Enclosing Entity":"uvmt_cv32_tb.dut_wrap.cv32e40p_wrapper_i.core_i.load_store_unit_i","Source":"  a_no_error : assert property(p_no_error);"}
]
,"expression_items":[{"expanded":false,"expanded":false,"Exclusion Rule Type":"None","Index":"2","All Average Grd":"33.33%","All Cov":"1 / 3 (33.33%)","Src Start Line":"356","Enclosing Entity":"uvmt_cv32_tb.dut_wrap.cv32e40p_wrapper_i.core_i.load_store_unit_i","Source":"        if ((data_misaligned_ex_i == 1'b1) || (data_misaligned_o == 1'b1))"
,"subitems":[{"expanded":false,"expanded":false,"Exclusion Rule Type":"None","Index":"1","All Average Grd":"33.33%","All Cov":"1 / 3 (33.33%)","Source":"        if ((data_misaligned_ex_i == 1'b1) || (data_misaligned_o == 1'b1))","table_type":"cov"
,"subitems":[{"title":"1;-","expanded":false,"Exclusion Rule Type":"None","UNR":"none","Score":"0","Out":"n/a"}
,{"title":"-;1","expanded":false,"Exclusion Rule Type":"None","UNR":"none","Score":"0","Out":"n/a"}
,{"title":"0;0","expanded":false,"Exclusion Rule Type":"None","UNR":"none","Score":"1","Out":"n/a"}
],"cov_table_title":"Coverage Table","header":"(data_misaligned_ex_i == 1'b1) || (data_misaligned_o == 1'b1)","columns":"(data_misaligned_ex_i == 1'b1);(data_misaligned_o == 1'b1)"}
]}
,{"expanded":false,"expanded":false,"Exclusion Rule Type":"None","Index":"3","All Average Grd":"66.67%","All Cov":"2 / 3 (66.67%)","Src Start Line":"381","Enclosing Entity":"uvmt_cv32_tb.dut_wrap.cv32e40p_wrapper_i.core_i.load_store_unit_i","Source":"    if((data_req_ex_i == 1'b1) && (data_misaligned_ex_i == 1'b0))"
,"subitems":[{"expanded":false,"expanded":false,"Exclusion Rule Type":"None","Index":"1","All Average Grd":"66.67%","All Cov":"2 / 3 (66.67%)","Source":"    if((data_req_ex_i == 1'b1) && (data_misaligned_ex_i == 1'b0))","table_type":"cov"
,"subitems":[{"title":"1;0","expanded":false,"Exclusion Rule Type":"None","UNR":"none","Score":"1","Out":"1"}
,{"title":"-;1","expanded":false,"Exclusion Rule Type":"None","UNR":"none","Score":"0","Out":"0"}
,{"title":"0;-","expanded":false,"Exclusion Rule Type":"None","UNR":"none","Score":"1","Out":"0"}
],"cov_table_title":"Coverage Table with Output","header":"(data_req_ex_i == 1'b1) && (data_misaligned_ex_i == 1'b0)","columns":"(data_req_ex_i == 1'b1);data_misaligned_ex_i"}
]}
]}
