{
"block_items":[{"expanded":false,"Exclusion Rule Type":"None","UNR":"none","Index":"3","Blk Type":"a case item of","Src Start Line":"528","Score":"0","All Average Grd":"0%","Enclosing Entity":"cv32e40p_id_stage","Source":"      REGC_RD:    regfile_addr_rc_id = {fregfile_ena & regfile_fp_c, instr[REG_D_MSB:REG_D_LSB]};"}
,{"expanded":false,"Exclusion Rule Type":"None","UNR":"none","Index":"5","Blk Type":"a case item of","Src Start Line":"530","Score":"0","All Average Grd":"0%","Enclosing Entity":"cv32e40p_id_stage","Source":"      REGC_S4:    regfile_addr_rc_id = {fregfile_ena & regfile_fp_c, instr[REG_S4_MSB:REG_S4_LSB]};"}
,{"expanded":false,"Exclusion Rule Type":"None","UNR":"none","Index":"14","Blk Type":"a case item of","Src Start Line":"603","Score":"0","All Average Grd":"0%","Enclosing Entity":"cv32e40p_id_stage","Source":"      OP_A_REGC_OR_FWD:  alu_operand_a = operand_c_fw_id;"}
,{"expanded":false,"Exclusion Rule Type":"None","UNR":"none","Index":"33","Blk Type":"a case item of","Src Start Line":"645","Score":"0","All Average Grd":"0%","Enclosing Entity":"cv32e40p_id_stage","Source":"      IMMB_S2:     imm_b = imm_s2_type;"}
,{"expanded":false,"Exclusion Rule Type":"None","UNR":"none","Index":"34","Blk Type":"a case item of","Src Start Line":"646","Score":"0","All Average Grd":"0%","Enclosing Entity":"cv32e40p_id_stage","Source":"      IMMB_BI:     imm_b = imm_bi_type;"}
,{"expanded":false,"Exclusion Rule Type":"None","UNR":"none","Index":"35","Blk Type":"a case item of","Src Start Line":"647","Score":"0","All Average Grd":"0%","Enclosing Entity":"cv32e40p_id_stage","Source":"      IMMB_S3:     imm_b = imm_s3_type;"}
,{"expanded":false,"Exclusion Rule Type":"None","UNR":"none","Index":"36","Blk Type":"a case item of","Src Start Line":"648","Score":"0","All Average Grd":"0%","Enclosing Entity":"cv32e40p_id_stage","Source":"      IMMB_VS:     imm_b = imm_vs_type;"}
,{"expanded":false,"Exclusion Rule Type":"None","UNR":"none","Index":"37","Blk Type":"a case item of","Src Start Line":"649","Score":"0","All Average Grd":"0%","Enclosing Entity":"cv32e40p_id_stage","Source":"      IMMB_VU:     imm_b = imm_vu_type;"}
,{"expanded":false,"Exclusion Rule Type":"None","UNR":"none","Index":"38","Blk Type":"a case item of","Src Start Line":"650","Score":"0","All Average Grd":"0%","Enclosing Entity":"cv32e40p_id_stage","Source":"      IMMB_SHUF:   imm_b = imm_shuffle_type;"}
,{"expanded":false,"Exclusion Rule Type":"None","UNR":"none","Index":"39","Blk Type":"a case item of","Src Start Line":"651","Score":"0","All Average Grd":"0%","Enclosing Entity":"cv32e40p_id_stage","Source":"      IMMB_CLIP:   imm_b = {1'b0, imm_clip_type[31:1]};"}
,{"expanded":false,"Exclusion Rule Type":"None","UNR":"none","Index":"42","Blk Type":"a case item of","Src Start Line":"659","Score":"0","All Average Grd":"0%","Enclosing Entity":"cv32e40p_id_stage","Source":"      OP_B_REGA_OR_FWD:  operand_b = operand_a_fw_id;"}
,{"expanded":false,"Exclusion Rule Type":"None","UNR":"none","Index":"46","Blk Type":"a case item of","Src Start Line":"663","Score":"0","All Average Grd":"0%","Enclosing Entity":"cv32e40p_id_stage","Source":"      OP_B_BMASK:        operand_b = $unsigned(operand_b_fw_id[4:0]);"}
,{"expanded":false,"Exclusion Rule Type":"None","UNR":"none","Index":"49","Blk Type":"true part of","Src Start Line":"671","Score":"0","All Average Grd":"0%","Enclosing Entity":"cv32e40p_id_stage","Source":"    if (alu_vec_mode == VEC_MODE8) begin"}
,{"expanded":false,"Exclusion Rule Type":"None","UNR":"none","Index":"63","Blk Type":"true part of","Src Start Line":"717","Score":"0","All Average Grd":"0%","Enclosing Entity":"cv32e40p_id_stage","Source":"    if (alu_vec_mode == VEC_MODE8) begin"}
,{"expanded":false,"Exclusion Rule Type":"None","UNR":"none","Index":"73","Blk Type":"a case item of","Src Start Line":"751","Score":"0","All Average Grd":"0%","Enclosing Entity":"cv32e40p_id_stage","Source":"      BMASK_A_S3:   bmask_a_id_imm = imm_s3_type[4:0];"}
,{"expanded":false,"Exclusion Rule Type":"None","UNR":"none","Index":"76","Blk Type":"a case item of","Src Start Line":"757","Score":"0","All Average Grd":"0%","Enclosing Entity":"cv32e40p_id_stage","Source":"      BMASK_B_ONE:  bmask_b_id_imm = 5'd1;"}
,{"expanded":false,"Exclusion Rule Type":"None","UNR":"none","Index":"77","Blk Type":"a case item of","Src Start Line":"758","Score":"0","All Average Grd":"0%","Enclosing Entity":"cv32e40p_id_stage","Source":"      BMASK_B_S2:   bmask_b_id_imm = imm_s2_type[4:0];"}
,{"expanded":false,"Exclusion Rule Type":"None","UNR":"none","Index":"78","Blk Type":"a case item of","Src Start Line":"759","Score":"0","All Average Grd":"0%","Enclosing Entity":"cv32e40p_id_stage","Source":"      BMASK_B_S3:   bmask_b_id_imm = imm_s3_type[4:0];"}
,{"expanded":false,"Exclusion Rule Type":"None","UNR":"none","Index":"81","Blk Type":"a case item of","Src Start Line":"766","Score":"0","All Average Grd":"0%","Enclosing Entity":"cv32e40p_id_stage","Source":"      BMASK_A_REG: bmask_a_id = operand_b_fw_id[9:5];"}
,{"expanded":false,"Exclusion Rule Type":"None","UNR":"none","Index":"84","Blk Type":"a case item of","Src Start Line":"772","Score":"0","All Average Grd":"0%","Enclosing Entity":"cv32e40p_id_stage","Source":"      BMASK_B_REG: bmask_b_id = operand_b_fw_id[4:0];"}
,{"expanded":false,"Exclusion Rule Type":"None","UNR":"none","Index":"87","Blk Type":"a case item of","Src Start Line":"782","Score":"0","All Average Grd":"0%","Enclosing Entity":"cv32e40p_id_stage","Source":"      MIMM_S3:   mult_imm_id = imm_s3_type[4:0];"}
,{"expanded":false,"Exclusion Rule Type":"None","UNR":"none","Index":"91","Blk Type":"true part of","Src Start Line":"1536","Score":"0","All Average Grd":"0%","Enclosing Entity":"cv32e40p_id_stage","Source":"    else if (data_misaligned_i) begin"}
,{"expanded":false,"Exclusion Rule Type":"None","UNR":"none","Index":"92","Blk Type":"true part of","Src Start Line":"1539","Score":"0","All Average Grd":"0%","Enclosing Entity":"cv32e40p_id_stage","Source":"      begin // misaligned access case, only unstall alu operands"}
,{"expanded":false,"Exclusion Rule Type":"None","UNR":"none","Index":"93","Blk Type":"true part of","Src Start Line":"1545","Score":"0","All Average Grd":"0%","Enclosing Entity":"cv32e40p_id_stage","Source":"        begin"}
,{"expanded":false,"Exclusion Rule Type":"None","UNR":"none","Index":"94","Blk Type":"implicit else","Src Start Line":"1544","Score":"0","All Average Grd":"0%","Enclosing Entity":"cv32e40p_id_stage","Source":"        if (prepost_useincr_ex_o == 1'b1)"}
,{"expanded":false,"Exclusion Rule Type":"None","UNR":"none","Index":"95","Blk Type":"code block","Src Start Line":"1549","Score":"0","All Average Grd":"0%","Enclosing Entity":"cv32e40p_id_stage","Source":"        alu_operand_b_ex_o          <= alu_operand_b;"}
,{"expanded":false,"Exclusion Rule Type":"None","UNR":"none","Index":"96","Blk Type":"implicit else","Src Start Line":"1538","Score":"0","All Average Grd":"0%","Enclosing Entity":"cv32e40p_id_stage","Source":"      if (ex_ready_i)"}
,{"expanded":false,"Exclusion Rule Type":"None","UNR":"none","Index":"107","Blk Type":"true part of","Src Start Line":"1589","Score":"0","All Average Grd":"0%","Enclosing Entity":"cv32e40p_id_stage","Source":"        if (mult_dot_en) begin"}
,{"expanded":false,"Exclusion Rule Type":"None","UNR":"none","Index":"110","Blk Type":"true part of","Src Start Line":"1602","Score":"0","All Average Grd":"0%","Enclosing Entity":"cv32e40p_id_stage","Source":"        if (apu_en) begin"}
,{"expanded":false,"Exclusion Rule Type":"None","UNR":"none","Index":"128","Blk Type":"true part of","Src Start Line":"1672","Score":"0","All Average Grd":"0%","Enclosing Entity":"cv32e40p_id_stage","Source":"      end else if (csr_access_ex_o) begin"}
,{"expanded":false,"Exclusion Rule Type":"None","UNR":"none","Index":"131","Blk Type":"true part of","Src Start Line":"1694","Score":"0","All Average Grd":"0%","Enclosing Entity":"cv32e40p_id_stage","Source":"      if (FPU==1 && SHARED_FP!=1) begin"}
],"assertion_items"
:[{"expanded":false,"Exclusion Rule Type":"None","UNR":"none","title":"a_branch_taken_ex","All Average Grd":"100%","Assertion Status Grd":"100%","Enclosing Entity":"cv32e40p_id_stage","Source":"    a_branch_taken_ex : assert property(p_branch_taken_ex);"}
,{"expanded":false,"Exclusion Rule Type":"None","UNR":"none","title":"__assert_3","All Average Grd":"100%","Assertion Status Grd":"100%","Enclosing Entity":"cv32e40p_id_stage","Source":"    assert property ("}
,{"expanded":false,"Exclusion Rule Type":"None","UNR":"none","title":"__assert_2","All Average Grd":"100%","Assertion Status Grd":"100%","Enclosing Entity":"cv32e40p_id_stage","Source":"    assert property ("}
,{"expanded":false,"Exclusion Rule Type":"None","UNR":"none","title":"__assert_1","All Average Grd":"0%","Assertion Status Grd":"0%","Enclosing Entity":"cv32e40p_id_stage","Source":"        assert (APU_NDSFLAGS_CPU >= C_RM+2*C_FPNEW_FMTBITS+C_FPNEW_IFMTBITS)"}
]
,"expression_items":[{"expanded":false,"expanded":false,"Exclusion Rule Type":"None","Index":"2","All Average Grd":"66.67%","All Cov":"2 / 3 (66.67%)","Src Start Line":"644","Enclosing Entity":"cv32e40p_id_stage","Source":"      IMMB_PCINCR: imm_b = (is_compressed_i && (~data_misaligned_i)) ? 32'h2 : 32'h4;"
,"subitems":[{"expanded":false,"expanded":false,"Exclusion Rule Type":"None","Index":"1","All Average Grd":"66.67%","All Cov":"2 / 3 (66.67%)","Source":"      IMMB_PCINCR: imm_b = (is_compressed_i && (~data_misaligned_i)) ? 32'h2 : 32'h4;","table_type":"cov"
,"subitems":[{"title":"1;0","expanded":false,"Exclusion Rule Type":"None","UNR":"none","Score":"1","Out":"1"}
,{"title":"-;1","expanded":false,"Exclusion Rule Type":"None","UNR":"none","Score":"0","Out":"0"}
,{"title":"0;-","expanded":false,"Exclusion Rule Type":"None","UNR":"none","Score":"1","Out":"0"}
],"cov_table_title":"Coverage Table with Output","header":"(is_compressed_i && (~ data_misaligned_i))","columns":"is_compressed_i;data_misaligned_i"}
]}
]}
