{
"block_items":[{"expanded":false,"Exclusion Rule Type":"None","UNR":"none","Index":"9","Blk Type":"a case item of","Src Start Line":"51","Score":"0","All Average Grd":"0%","Enclosing Entity":"uvma_clknrst_if","Source":"               'X: clk = 0; // X -> 0"}
,{"expanded":false,"Exclusion Rule Type":"None","UNR":"none","Index":"10","Blk Type":"implicit default","Src Start Line":"48","Score":"0","All Average Grd":"0%","Enclosing Entity":"uvma_clknrst_if","Source":"            case (clk)"}
,{"expanded":false,"Exclusion Rule Type":"None","UNR":"none","Index":"13","Blk Type":"true part of","Src Start Line":"59","Score":"0","All Average Grd":"0%","Enclosing Entity":"uvma_clknrst_if","Source":"         `uvm_fatal(\"CLKNRSTIF\", $sformatf(\"%m: Clock is active with 0 period\"))"}
,{"expanded":false,"Exclusion Rule Type":"None","UNR":"none","Index":"14","Blk Type":"true part of","Src Start Line":"59","Score":"0","All Average Grd":"0%","Enclosing Entity":"uvma_clknrst_if","Source":"         `uvm_fatal(\"CLKNRSTIF\", $sformatf(\"%m: Clock is active with 0 period\"))"}
,{"expanded":false,"Exclusion Rule Type":"None","UNR":"none","Index":"15","Blk Type":"implicit else","Src Start Line":"59","Score":"0","All Average Grd":"0%","Enclosing Entity":"uvma_clknrst_if","Source":"         `uvm_fatal(\"CLKNRSTIF\", $sformatf(\"%m: Clock is active with 0 period\"))"}
,{"expanded":false,"Exclusion Rule Type":"None","UNR":"none","Index":"19","Blk Type":"implicit else","Src Start Line":"65","Score":"0","All Average Grd":"0%","Enclosing Entity":"uvma_clknrst_if","Source":"      `uvm_info(\"CLKNRST\", $sformatf(\"Changing clock period to %0t\", new_clk_period), UVM_LOW)"}
,{"expanded":false,"Exclusion Rule Type":"None","UNR":"none","Index":"22","Blk Type":"true part of","Src Start Line":"73","Score":"0","All Average Grd":"0%","Enclosing Entity":"uvma_clknrst_if","Source":"      `uvm_info(\"CLKNRST\", \"Starting clock generation\", UVM_HIGH)"}
,{"expanded":false,"Exclusion Rule Type":"None","UNR":"none","Index":"26","Blk Type":"true part of","Src Start Line":"81","Score":"0","All Average Grd":"0%","Enclosing Entity":"uvma_clknrst_if","Source":"      `uvm_info(\"CLKNRST\", \"Stopping clock generation\", UVM_HIGH)"}
]
,"expression_items":[{"expanded":false,"expanded":false,"Exclusion Rule Type":"None","Index":"1","All Average Grd":"66.67%","All Cov":"2 / 3 (66.67%)","Src Start Line":"58","Enclosing Entity":"uvma_clknrst_if","Source":"      if (clk_active && clk_period == 0.0) "
,"subitems":[{"expanded":false,"expanded":false,"Exclusion Rule Type":"None","Index":"1","All Average Grd":"66.67%","All Cov":"2 / 3 (66.67%)","Source":"      if (clk_active && clk_period == 0.0) ","table_type":"cov"
,"subitems":[{"title":"0;-","expanded":false,"Exclusion Rule Type":"None","UNR":"none","Score":"1","Out":"n/a"}
,{"title":"-;0","expanded":false,"Exclusion Rule Type":"None","UNR":"none","Score":"1","Out":"n/a"}
,{"title":"1;1","expanded":false,"Exclusion Rule Type":"None","UNR":"none","Score":"0","Out":"n/a"}
],"cov_table_title":"Coverage Table","header":"clk_active && (clk_period == 0.000000000000000)","columns":"clk_active;(clk_period == 0.000000000000000)"}
]}
]}
