{
"block_items":[{"expanded":false,"Exclusion Rule Type":"None","UNR":"none","Index":"3","Blk Type":"a case item of","Src Start Line":"136","Score":"0","All Average Grd":"0%","Enclosing Entity":"cv32e40p_if_stage","Source":"      TRAP_USER:     trap_base_addr = u_trap_base_addr_i;"}
,{"expanded":false,"Exclusion Rule Type":"None","UNR":"none","Index":"7","Blk Type":"a case item of","Src Start Line":"142","Score":"0","All Average Grd":"0%","Enclosing Entity":"cv32e40p_if_stage","Source":"      TRAP_USER:     exc_vec_pc_mux = u_exc_vec_pc_mux_i;"}
,{"expanded":false,"Exclusion Rule Type":"None","UNR":"none","Index":"12","Blk Type":"a case item of","Src Start Line":"149","Score":"0","All Average Grd":"0%","Enclosing Entity":"cv32e40p_if_stage","Source":"      EXC_PC_DBD:                              exc_pc = { dm_halt_addr_i[31:2], 2'b0 };"}
,{"expanded":false,"Exclusion Rule Type":"None","UNR":"none","Index":"21","Blk Type":"a case item of","Src Start Line":"167","Score":"0","All Average Grd":"0%","Enclosing Entity":"cv32e40p_if_stage","Source":"      PC_URET:      branch_addr_n = uepc_i; // PC is restored when returning from IRQ/exception"}
,{"expanded":false,"Exclusion Rule Type":"None","UNR":"none","Index":"22","Blk Type":"a case item of","Src Start Line":"168","Score":"0","All Average Grd":"0%","Enclosing Entity":"cv32e40p_if_stage","Source":"      PC_DRET:      branch_addr_n = depc_i; //"}
,{"expanded":false,"Exclusion Rule Type":"None","UNR":"none","Index":"24","Blk Type":"a case item of","Src Start Line":"170","Score":"0","All Average Grd":"0%","Enclosing Entity":"cv32e40p_if_stage","Source":"      PC_HWLOOP:    branch_addr_n = hwlp_target_i;"}
]
,"expression_items":[]}
