{
"block_items":[{"expanded":false,"Exclusion Rule Type":"None","UNR":"none","Index":"20","Blk Type":"true part of","Src Start Line":"63","Score":"0","All Average Grd":"0%","Enclosing Entity":"RAM","Source":"        if (!mem.exists(iaddr4)) mem[iaddr4] = 'h0;"}
,{"expanded":false,"Exclusion Rule Type":"None","UNR":"none","Index":"26","Blk Type":"implicit else","Src Start Line":"66","Score":"0","All Average Grd":"0%","Enclosing Entity":"RAM","Source":"        if (isROM || isRAM) begin"}
,{"expanded":false,"Exclusion Rule Type":"None","UNR":"none","Index":"28","Blk Type":"true part of","Src Start Line":"72","Score":"0","All Average Grd":"0%","Enclosing Entity":"RAM","Source":"        if (SysBus.Drd == 1 && SysBus.DAddr==32'h1500_1000) begin"}
,{"expanded":false,"Exclusion Rule Type":"None","UNR":"none","Index":"39","Blk Type":"implicit else","Src Start Line":"87","Score":"0","All Average Grd":"0%","Enclosing Entity":"RAM","Source":"        if (isROM) begin"}
,{"expanded":false,"Exclusion Rule Type":"None","UNR":"none","Index":"41","Blk Type":"true part of","Src Start Line":"95","Score":"0","All Average Grd":"0%","Enclosing Entity":"RAM","Source":"        if (SysBus.Ird==1 && isROM==0) begin"}
,{"expanded":false,"Exclusion Rule Type":"None","UNR":"none","Index":"44","Blk Type":"true part of","Src Start Line":"99","Score":"0","All Average Grd":"0%","Enclosing Entity":"RAM","Source":"        if (SysBus.Drd==1 && isROM==0 && isRAM==0) begin"}
]
,"expression_items":[{"expanded":false,"expanded":false,"Exclusion Rule Type":"None","Index":"1","All Average Grd":"66.67%","All Cov":"2 / 3 (66.67%)","Src Start Line":"66","Enclosing Entity":"RAM","Source":"        if (isROM || isRAM) begin"
,"subitems":[{"expanded":false,"expanded":false,"Exclusion Rule Type":"None","Index":"1","All Average Grd":"66.67%","All Cov":"2 / 3 (66.67%)","Source":"        if (isROM || isRAM) begin","table_type":"cov"
,"subitems":[{"title":"1;-","expanded":false,"Exclusion Rule Type":"None","UNR":"none","Score":"1","Out":"n/a"}
,{"title":"-;1","expanded":false,"Exclusion Rule Type":"None","UNR":"none","Score":"1","Out":"n/a"}
,{"title":"0;0","expanded":false,"Exclusion Rule Type":"None","UNR":"none","Score":"0","Out":"n/a"}
],"cov_table_title":"Coverage Table","header":"isROM || isRAM","columns":"isROM;isRAM"}
]}
,{"expanded":false,"expanded":false,"Exclusion Rule Type":"None","Index":"2","All Average Grd":"66.67%","All Cov":"2 / 3 (66.67%)","Src Start Line":"72","Enclosing Entity":"RAM","Source":"        if (SysBus.Drd == 1 && SysBus.DAddr==32'h1500_1000) begin"
,"subitems":[{"expanded":false,"expanded":false,"Exclusion Rule Type":"None","Index":"1","All Average Grd":"66.67%","All Cov":"2 / 3 (66.67%)","Source":"        if (SysBus.Drd == 1 && SysBus.DAddr==32'h1500_1000) begin","table_type":"cov"
,"subitems":[{"title":"0;-","expanded":false,"Exclusion Rule Type":"None","UNR":"none","Score":"1","Out":"n/a"}
,{"title":"-;0","expanded":false,"Exclusion Rule Type":"None","UNR":"none","Score":"1","Out":"n/a"}
,{"title":"1;1","expanded":false,"Exclusion Rule Type":"None","UNR":"none","Score":"0","Out":"n/a"}
],"cov_table_title":"Coverage Table","header":"(SysBus.Drd == 1) && (SysBus.DAddr == 32'h15001000)","columns":"(SysBus.Drd == 1);(SysBus.DAddr == 32'h15001000)"}
]}
,{"expanded":false,"expanded":false,"Exclusion Rule Type":"None","Index":"3","All Average Grd":"66.67%","All Cov":"2 / 3 (66.67%)","Src Start Line":"95","Enclosing Entity":"RAM","Source":"        if (SysBus.Ird==1 && isROM==0) begin"
,"subitems":[{"expanded":false,"expanded":false,"Exclusion Rule Type":"None","Index":"1","All Average Grd":"66.67%","All Cov":"2 / 3 (66.67%)","Source":"        if (SysBus.Ird==1 && isROM==0) begin","table_type":"cov"
,"subitems":[{"title":"1;0","expanded":false,"Exclusion Rule Type":"None","UNR":"none","Score":"0","Out":"1"}
,{"title":"-;1","expanded":false,"Exclusion Rule Type":"None","UNR":"none","Score":"1","Out":"0"}
,{"title":"0;-","expanded":false,"Exclusion Rule Type":"None","UNR":"none","Score":"1","Out":"0"}
],"cov_table_title":"Coverage Table with Output","header":"(SysBus.Ird == 1) && (isROM == 0)","columns":"(SysBus.Ird == 1);isROM"}
]}
,{"expanded":false,"expanded":false,"Exclusion Rule Type":"None","Index":"4","All Average Grd":"75%","All Cov":"3 / 4 (75%)","Src Start Line":"99","Enclosing Entity":"RAM","Source":"        if (SysBus.Drd==1 && isROM==0 && isRAM==0) begin"
,"subitems":[{"expanded":false,"expanded":false,"Exclusion Rule Type":"None","Index":"1","All Average Grd":"75%","All Cov":"3 / 4 (75%)","Source":"        if (SysBus.Drd==1 && isROM==0 && isRAM==0) begin","table_type":"cov"
,"subitems":[{"title":"1;0;0","expanded":false,"Exclusion Rule Type":"None","UNR":"none","Score":"0","Out":"1"}
,{"title":"-;-;1","expanded":false,"Exclusion Rule Type":"None","UNR":"none","Score":"1","Out":"0"}
,{"title":"-;1;-","expanded":false,"Exclusion Rule Type":"None","UNR":"none","Score":"1","Out":"0"}
,{"title":"0;-;-","expanded":false,"Exclusion Rule Type":"None","UNR":"none","Score":"1","Out":"0"}
],"cov_table_title":"Coverage Table with Output","header":"((SysBus.Drd == 1) && (isROM == 0)) && (isRAM == 0)","columns":"(SysBus.Drd == 1);isROM;isRAM"}
]}
]}
