{
"block_items":[{"expanded":false,"Exclusion Rule Type":"None","UNR":"none","Index":"2","Blk Type":"true part of","Src Start Line":"199","Score":"0","All Average Grd":"0%","Enclosing Entity":"cv32e40p_ex_stage","Source":"    if (apu_valid & (apu_singlecycle | apu_multicycle)) begin"}
,{"expanded":false,"Exclusion Rule Type":"None","UNR":"none","Index":"3","Blk Type":"true part of","Src Start Line":"204","Score":"0","All Average Grd":"0%","Enclosing Entity":"cv32e40p_ex_stage","Source":"      if(regfile_alu_we_i & ~apu_en_i) begin"}
,{"expanded":false,"Exclusion Rule Type":"None","UNR":"none","Index":"4","Blk Type":"implicit else","Src Start Line":"204","Score":"0","All Average Grd":"0%","Enclosing Entity":"cv32e40p_ex_stage","Source":"      if(regfile_alu_we_i & ~apu_en_i) begin"}
,{"expanded":false,"Exclusion Rule Type":"None","UNR":"none","Index":"16","Blk Type":"true part of","Src Start Line":"229","Score":"0","All Average Grd":"0%","Enclosing Entity":"cv32e40p_ex_stage","Source":"      if (apu_valid & (!apu_singlecycle & !apu_multicycle)) begin"}
,{"expanded":false,"Exclusion Rule Type":"None","UNR":"none","Index":"19","Blk Type":"true part of","Src Start Line":"234","Score":"0","All Average Grd":"0%","Enclosing Entity":"cv32e40p_ex_stage","Source":"    end else if (apu_valid & (!apu_singlecycle & !apu_multicycle)) begin"}
,{"expanded":false,"Exclusion Rule Type":"None","UNR":"none","Index":"29","Blk Type":"implicit else","Src Start Line":"544","Score":"0","All Average Grd":"0%","Enclosing Entity":"cv32e40p_ex_stage","Source":"      end else if (wb_ready_i) begin"}
]}
