{
"block_items":[{"expanded":false,"Exclusion Rule Type":"None","UNR":"none","Index":"2","Blk Type":"true part of","Src Start Line":"960","Score":"0","All Average Grd":"0%","Enclosing Entity":"uvmt_cv32_tb.dut_wrap.cv32e40p_wrapper_i.core_i.cs_registers_i.genblk2","Source":"    if (FPU == 1) if (fflags_we_i) fflags_n = fflags_i | fflags_q;"}
,{"expanded":false,"Exclusion Rule Type":"None","UNR":"none","Index":"3","Blk Type":"true part of","Src Start Line":"960","Score":"0","All Average Grd":"0%","Enclosing Entity":"uvmt_cv32_tb.dut_wrap.cv32e40p_wrapper_i.core_i.cs_registers_i.genblk2","Source":"    if (FPU == 1) if (fflags_we_i) fflags_n = fflags_i | fflags_q;"}
,{"expanded":false,"Exclusion Rule Type":"None","UNR":"none","Index":"4","Blk Type":"implicit else","Src Start Line":"960","Score":"0","All Average Grd":"0%","Enclosing Entity":"uvmt_cv32_tb.dut_wrap.cv32e40p_wrapper_i.core_i.cs_registers_i.genblk2","Source":"    if (FPU == 1) if (fflags_we_i) fflags_n = fflags_i | fflags_q;"}
,{"expanded":false,"Exclusion Rule Type":"None","UNR":"none","Index":"16","Blk Type":"a case item of","Src Start Line":"970","Score":"0","All Average Grd":"0%","Enclosing Entity":"uvmt_cv32_tb.dut_wrap.cv32e40p_wrapper_i.core_i.cs_registers_i.genblk2","Source":"      CSR_FPREC  : if (csr_we_int) fprec_n = ((FPU == 1) && (PULP_XPULP == 1)) ? csr_wdata_int[C_PC-1:0] : '0;"}
,{"expanded":false,"Exclusion Rule Type":"None","UNR":"none","Index":"18","Blk Type":"implicit else","Src Start Line":"970","Score":"0","All Average Grd":"0%","Enclosing Entity":"uvmt_cv32_tb.dut_wrap.cv32e40p_wrapper_i.core_i.cs_registers_i.genblk2","Source":"      CSR_FPREC  : if (csr_we_int) fprec_n = ((FPU == 1) && (PULP_XPULP == 1)) ? csr_wdata_int[C_PC-1:0] : '0;"}
,{"expanded":false,"Exclusion Rule Type":"None","UNR":"none","Index":"35","Blk Type":"true part of","Src Start Line":"1001","Score":"0","All Average Grd":"0%","Enclosing Entity":"uvmt_cv32_tb.dut_wrap.cv32e40p_wrapper_i.core_i.cs_registers_i.genblk2","Source":"      CSR_MCAUSE: if (csr_we_int) mcause_n = {csr_wdata_int[31], csr_wdata_int[4:0]};"}
,{"expanded":false,"Exclusion Rule Type":"None","UNR":"none","Index":"37","Blk Type":"a case item of","Src Start Line":"1004","Score":"0","All Average Grd":"0%","Enclosing Entity":"uvmt_cv32_tb.dut_wrap.cv32e40p_wrapper_i.core_i.cs_registers_i.genblk2","Source":"               if (csr_we_int)"}
,{"expanded":false,"Exclusion Rule Type":"None","UNR":"none","Index":"38","Blk Type":"true part of","Src Start Line":"1005","Score":"0","All Average Grd":"0%","Enclosing Entity":"uvmt_cv32_tb.dut_wrap.cv32e40p_wrapper_i.core_i.cs_registers_i.genblk2","Source":"               begin"}
,{"expanded":false,"Exclusion Rule Type":"None","UNR":"none","Index":"39","Blk Type":"implicit else","Src Start Line":"1004","Score":"0","All Average Grd":"0%","Enclosing Entity":"uvmt_cv32_tb.dut_wrap.cv32e40p_wrapper_i.core_i.cs_registers_i.genblk2","Source":"               if (csr_we_int)"}
,{"expanded":false,"Exclusion Rule Type":"None","UNR":"none","Index":"40","Blk Type":"a case item of","Src Start Line":"1024","Score":"0","All Average Grd":"0%","Enclosing Entity":"uvmt_cv32_tb.dut_wrap.cv32e40p_wrapper_i.core_i.cs_registers_i.genblk2","Source":"               if (csr_we_int)"}
,{"expanded":false,"Exclusion Rule Type":"None","UNR":"none","Index":"41","Blk Type":"true part of","Src Start Line":"1025","Score":"0","All Average Grd":"0%","Enclosing Entity":"uvmt_cv32_tb.dut_wrap.cv32e40p_wrapper_i.core_i.cs_registers_i.genblk2","Source":"               begin"}
,{"expanded":false,"Exclusion Rule Type":"None","UNR":"none","Index":"42","Blk Type":"implicit else","Src Start Line":"1024","Score":"0","All Average Grd":"0%","Enclosing Entity":"uvmt_cv32_tb.dut_wrap.cv32e40p_wrapper_i.core_i.cs_registers_i.genblk2","Source":"               if (csr_we_int)"}
,{"expanded":false,"Exclusion Rule Type":"None","UNR":"none","Index":"44","Blk Type":"true part of","Src Start Line":"1031","Score":"0","All Average Grd":"0%","Enclosing Entity":"uvmt_cv32_tb.dut_wrap.cv32e40p_wrapper_i.core_i.cs_registers_i.genblk2","Source":"               begin"}
,{"expanded":false,"Exclusion Rule Type":"None","UNR":"none","Index":"46","Blk Type":"a case item of","Src Start Line":"1036","Score":"0","All Average Grd":"0%","Enclosing Entity":"uvmt_cv32_tb.dut_wrap.cv32e40p_wrapper_i.core_i.cs_registers_i.genblk2","Source":"               if (csr_we_int)"}
,{"expanded":false,"Exclusion Rule Type":"None","UNR":"none","Index":"47","Blk Type":"true part of","Src Start Line":"1037","Score":"0","All Average Grd":"0%","Enclosing Entity":"uvmt_cv32_tb.dut_wrap.cv32e40p_wrapper_i.core_i.cs_registers_i.genblk2","Source":"               begin"}
,{"expanded":false,"Exclusion Rule Type":"None","UNR":"none","Index":"48","Blk Type":"implicit else","Src Start Line":"1036","Score":"0","All Average Grd":"0%","Enclosing Entity":"uvmt_cv32_tb.dut_wrap.cv32e40p_wrapper_i.core_i.cs_registers_i.genblk2","Source":"               if (csr_we_int)"}
,{"expanded":false,"Exclusion Rule Type":"None","UNR":"none","Index":"55","Blk Type":"a case item of","Src Start Line":"1044","Score":"0","All Average Grd":"0%","Enclosing Entity":"uvmt_cv32_tb.dut_wrap.cv32e40p_wrapper_i.core_i.cs_registers_i.genblk2","Source":"      CSR_LPCOUNT0 : if (PULP_XPULP && csr_we_int) begin hwlp_we_o = 3'b100; hwlp_regid_o = 1'b0; end"}
,{"expanded":false,"Exclusion Rule Type":"None","UNR":"none","Index":"57","Blk Type":"implicit else","Src Start Line":"1044","Score":"0","All Average Grd":"0%","Enclosing Entity":"uvmt_cv32_tb.dut_wrap.cv32e40p_wrapper_i.core_i.cs_registers_i.genblk2","Source":"      CSR_LPCOUNT0 : if (PULP_XPULP && csr_we_int) begin hwlp_we_o = 3'b100; hwlp_regid_o = 1'b0; end"}
,{"expanded":false,"Exclusion Rule Type":"None","UNR":"none","Index":"61","Blk Type":"a case item of","Src Start Line":"1046","Score":"0","All Average Grd":"0%","Enclosing Entity":"uvmt_cv32_tb.dut_wrap.cv32e40p_wrapper_i.core_i.cs_registers_i.genblk2","Source":"      CSR_LPEND1   : if (PULP_XPULP && csr_we_int) begin hwlp_we_o = 3'b010; hwlp_regid_o = 1'b1; end"}
,{"expanded":false,"Exclusion Rule Type":"None","UNR":"none","Index":"63","Blk Type":"implicit else","Src Start Line":"1046","Score":"0","All Average Grd":"0%","Enclosing Entity":"uvmt_cv32_tb.dut_wrap.cv32e40p_wrapper_i.core_i.cs_registers_i.genblk2","Source":"      CSR_LPEND1   : if (PULP_XPULP && csr_we_int) begin hwlp_we_o = 3'b010; hwlp_regid_o = 1'b1; end"}
,{"expanded":false,"Exclusion Rule Type":"None","UNR":"none","Index":"75","Blk Type":"true part of","Src Start Line":"1064","Score":"0","All Average Grd":"0%","Enclosing Entity":"uvmt_cv32_tb.dut_wrap.cv32e40p_wrapper_i.core_i.cs_registers_i.genblk2","Source":"        if (debug_csr_save_i) begin"}
,{"expanded":false,"Exclusion Rule Type":"None","UNR":"none","Index":"78","Blk Type":"a case item of","Src Start Line":"1087","Score":"0","All Average Grd":"0%","Enclosing Entity":"uvmt_cv32_tb.dut_wrap.cv32e40p_wrapper_i.core_i.cs_registers_i.genblk2","Source":"      csr_restore_dret_i: begin //DRET"}
]
,"expression_items":[{"expanded":false,"expanded":false,"Exclusion Rule Type":"None","Index":"4","All Average Grd":"0%","All Cov":"0 / 2 (0%)","Src Start Line":"1044","Enclosing Entity":"uvmt_cv32_tb.dut_wrap.cv32e40p_wrapper_i.core_i.cs_registers_i.genblk2","Source":"      CSR_LPCOUNT0 : if (PULP_XPULP && csr_we_int) begin hwlp_we_o = 3'b100; hwlp_regid_o = 1'b0; end"
,"subitems":[{"expanded":false,"expanded":false,"Exclusion Rule Type":"None","Index":"1","All Average Grd":"0%","All Cov":"0 / 2 (0%)","Source":"      CSR_LPCOUNT0 : if (PULP_XPULP && csr_we_int) begin hwlp_we_o = 3'b100; hwlp_regid_o = 1'b0; end","table_type":"cov"
,"subitems":[{"title":"0;-","expanded":false,"Exclusion Rule Type":"None","UNR":"none","Score":"0","Out":"n/a"}
,{"title":"-;0","expanded":false,"Exclusion Rule Type":"None","UNR":"none","Score":"0","Out":"n/a"}
,{"title":"1;1","expanded":false,"Exclusion Rule Type":"Simulation-Const","UNR":"none","Score":"0","Out":"n/a","excluded":"1"}
],"cov_table_title":"Coverage Table","header":"PULP_XPULP && csr_we_int","columns":"PULP_XPULP;csr_we_int"}
]}
,{"expanded":false,"expanded":false,"Exclusion Rule Type":"None","Index":"6","All Average Grd":"0%","All Cov":"0 / 2 (0%)","Src Start Line":"1046","Enclosing Entity":"uvmt_cv32_tb.dut_wrap.cv32e40p_wrapper_i.core_i.cs_registers_i.genblk2","Source":"      CSR_LPEND1   : if (PULP_XPULP && csr_we_int) begin hwlp_we_o = 3'b010; hwlp_regid_o = 1'b1; end"
,"subitems":[{"expanded":false,"expanded":false,"Exclusion Rule Type":"None","Index":"1","All Average Grd":"0%","All Cov":"0 / 2 (0%)","Source":"      CSR_LPEND1   : if (PULP_XPULP && csr_we_int) begin hwlp_we_o = 3'b010; hwlp_regid_o = 1'b1; end","table_type":"cov"
,"subitems":[{"title":"0;-","expanded":false,"Exclusion Rule Type":"None","UNR":"none","Score":"0","Out":"n/a"}
,{"title":"-;0","expanded":false,"Exclusion Rule Type":"None","UNR":"none","Score":"0","Out":"n/a"}
,{"title":"1;1","expanded":false,"Exclusion Rule Type":"Simulation-Const","UNR":"none","Score":"0","Out":"n/a","excluded":"1"}
],"cov_table_title":"Coverage Table","header":"PULP_XPULP && csr_we_int","columns":"PULP_XPULP;csr_we_int"}
]}
]}
