{
"block_items":[{"expanded":false,"Exclusion Rule Type":"None","UNR":"none","Index":"1","Blk Type":"code block","Src Start Line":"1148","Score":"1","Enclosing Entity":"uvmt_cv32_tb.dut_wrap.cv32e40p_wrapper_i.core_i","Source":"  begin"}
,{"expanded":false,"Exclusion Rule Type":"Analysis Time","UNR":"none","Index":"2","Blk Type":"true part of","Src Start Line":"1149","Score":"0","Enclosing Entity":"uvmt_cv32_tb.dut_wrap.cv32e40p_wrapper_i.core_i","Source":"    if (PULP_XPULP) begin","excluded":"1"}
,{"expanded":false,"Exclusion Rule Type":"None","UNR":"none","Index":"3","Blk Type":"implicit else","Src Start Line":"1149","Score":"1","Enclosing Entity":"uvmt_cv32_tb.dut_wrap.cv32e40p_wrapper_i.core_i","Source":"    if (PULP_XPULP) begin"}
,{"expanded":false,"Exclusion Rule Type":"None","UNR":"none","Index":"4","Blk Type":"code block","Src Start Line":"1152","Score":"1","Enclosing Entity":"uvmt_cv32_tb.dut_wrap.cv32e40p_wrapper_i.core_i","Source":"    if (PULP_CLUSTER) begin"}
,{"expanded":false,"Exclusion Rule Type":"Analysis Time","UNR":"none","Index":"5","Blk Type":"true part of","Src Start Line":"1152","Score":"0","Enclosing Entity":"uvmt_cv32_tb.dut_wrap.cv32e40p_wrapper_i.core_i","Source":"    if (PULP_CLUSTER) begin","excluded":"1"}
,{"expanded":false,"Exclusion Rule Type":"None","UNR":"none","Index":"6","Blk Type":"implicit else","Src Start Line":"1152","Score":"1","Enclosing Entity":"uvmt_cv32_tb.dut_wrap.cv32e40p_wrapper_i.core_i","Source":"    if (PULP_CLUSTER) begin"}
,{"expanded":false,"Exclusion Rule Type":"None","UNR":"none","Index":"7","Blk Type":"code block","Src Start Line":"1155","Score":"1","Enclosing Entity":"uvmt_cv32_tb.dut_wrap.cv32e40p_wrapper_i.core_i","Source":"    if (FPU) begin"}
,{"expanded":false,"Exclusion Rule Type":"Analysis Time","UNR":"none","Index":"8","Blk Type":"true part of","Src Start Line":"1155","Score":"0","Enclosing Entity":"uvmt_cv32_tb.dut_wrap.cv32e40p_wrapper_i.core_i","Source":"    if (FPU) begin","excluded":"1"}
,{"expanded":false,"Exclusion Rule Type":"None","UNR":"none","Index":"9","Blk Type":"implicit else","Src Start Line":"1155","Score":"1","Enclosing Entity":"uvmt_cv32_tb.dut_wrap.cv32e40p_wrapper_i.core_i","Source":"    if (FPU) begin"}
,{"expanded":false,"Exclusion Rule Type":"None","UNR":"none","Index":"10","Blk Type":"code block","Src Start Line":"1158","Score":"1","Enclosing Entity":"uvmt_cv32_tb.dut_wrap.cv32e40p_wrapper_i.core_i","Source":"    if (PULP_ZFINX) begin"}
,{"expanded":false,"Exclusion Rule Type":"Analysis Time","UNR":"none","Index":"11","Blk Type":"true part of","Src Start Line":"1158","Score":"0","Enclosing Entity":"uvmt_cv32_tb.dut_wrap.cv32e40p_wrapper_i.core_i","Source":"    if (PULP_ZFINX) begin","excluded":"1"}
,{"expanded":false,"Exclusion Rule Type":"None","UNR":"none","Index":"12","Blk Type":"implicit else","Src Start Line":"1158","Score":"1","Enclosing Entity":"uvmt_cv32_tb.dut_wrap.cv32e40p_wrapper_i.core_i","Source":"    if (PULP_ZFINX) begin"}
]}
