{
"block_items":[{"expanded":false,"Exclusion Rule Type":"None","UNR":"none","Index":"1","Blk Type":"code block","Src Start Line":"114","Score":"1","Enclosing Entity":"uvmt_cv32_tb.dut_wrap.cv32e40p_wrapper_i.core_i.ex_stage_i.alu_i","Source":"  begin"}
,{"expanded":false,"Exclusion Rule Type":"None","UNR":"none","Index":"2","Blk Type":"true part of","Src Start Line":"133","Score":"1","Enclosing Entity":"uvmt_cv32_tb.dut_wrap.cv32e40p_wrapper_i.core_i.ex_stage_i.alu_i","Source":"    if (adder_op_b_negate || (operator_i == ALU_ABS || operator_i == ALU_CLIP)) begin"}
,{"expanded":false,"Exclusion Rule Type":"Analysis Time","UNR":"none","Index":"3","Blk Type":"a case item of","Src Start Line":"138","Score":"0","Enclosing Entity":"uvmt_cv32_tb.dut_wrap.cv32e40p_wrapper_i.core_i.ex_stage_i.alu_i","Source":"        VEC_MODE16: begin","excluded":"1"}
,{"expanded":false,"Exclusion Rule Type":"Analysis Time","UNR":"none","Index":"4","Blk Type":"a case item of","Src Start Line":"142","Score":"0","Enclosing Entity":"uvmt_cv32_tb.dut_wrap.cv32e40p_wrapper_i.core_i.ex_stage_i.alu_i","Source":"        VEC_MODE8: begin","excluded":"1"}
,{"expanded":false,"Exclusion Rule Type":"None","UNR":"none","Index":"5","Blk Type":"implicit default","Src Start Line":"137","Score":"1","Enclosing Entity":"uvmt_cv32_tb.dut_wrap.cv32e40p_wrapper_i.core_i.ex_stage_i.alu_i","Source":"      case (vector_mode_i)"}
,{"expanded":false,"Exclusion Rule Type":"None","UNR":"none","Index":"6","Blk Type":"false part of","Src Start Line":"149","Score":"1","Enclosing Entity":"uvmt_cv32_tb.dut_wrap.cv32e40p_wrapper_i.core_i.ex_stage_i.alu_i","Source":"    end else begin"}
,{"expanded":false,"Exclusion Rule Type":"Analysis Time","UNR":"none","Index":"7","Blk Type":"a case item of","Src Start Line":"152","Score":"0","Enclosing Entity":"uvmt_cv32_tb.dut_wrap.cv32e40p_wrapper_i.core_i.ex_stage_i.alu_i","Source":"        VEC_MODE16: begin","excluded":"1"}
,{"expanded":false,"Exclusion Rule Type":"Analysis Time","UNR":"none","Index":"8","Blk Type":"a case item of","Src Start Line":"156","Score":"0","Enclosing Entity":"uvmt_cv32_tb.dut_wrap.cv32e40p_wrapper_i.core_i.ex_stage_i.alu_i","Source":"        VEC_MODE8: begin","excluded":"1"}
,{"expanded":false,"Exclusion Rule Type":"None","UNR":"none","Index":"9","Blk Type":"implicit default","Src Start Line":"151","Score":"1","Enclosing Entity":"uvmt_cv32_tb.dut_wrap.cv32e40p_wrapper_i.core_i.ex_stage_i.alu_i","Source":"      case (vector_mode_i)"}
,{"expanded":false,"Exclusion Rule Type":"None","UNR":"none","Index":"10","Blk Type":"code block","Src Start Line":"211","Score":"1","Enclosing Entity":"uvmt_cv32_tb.dut_wrap.cv32e40p_wrapper_i.core_i.ex_stage_i.alu_i","Source":"  begin"}
,{"expanded":false,"Exclusion Rule Type":"Analysis Time","UNR":"none","Index":"11","Blk Type":"a case item of","Src Start Line":"214","Score":"0","Enclosing Entity":"uvmt_cv32_tb.dut_wrap.cv32e40p_wrapper_i.core_i.ex_stage_i.alu_i","Source":"      begin","excluded":"1"}
,{"expanded":false,"Exclusion Rule Type":"Analysis Time","UNR":"none","Index":"12","Blk Type":"a case item of","Src Start Line":"220","Score":"0","Enclosing Entity":"uvmt_cv32_tb.dut_wrap.cv32e40p_wrapper_i.core_i.ex_stage_i.alu_i","Source":"      begin","excluded":"1"}
,{"expanded":false,"Exclusion Rule Type":"None","UNR":"none","Index":"13","Blk Type":"a case item of","Src Start Line":"228","Score":"1","Enclosing Entity":"uvmt_cv32_tb.dut_wrap.cv32e40p_wrapper_i.core_i.ex_stage_i.alu_i","Source":"      begin"}
,{"expanded":false,"Exclusion Rule Type":"None","UNR":"none","Index":"14","Blk Type":"code block","Src Start Line":"266","Score":"1","Enclosing Entity":"uvmt_cv32_tb.dut_wrap.cv32e40p_wrapper_i.core_i.ex_stage_i.alu_i","Source":"  begin"}
,{"expanded":false,"Exclusion Rule Type":"Analysis Time","UNR":"none","Index":"15","Blk Type":"a case item of","Src Start Line":"269","Score":"0","Enclosing Entity":"uvmt_cv32_tb.dut_wrap.cv32e40p_wrapper_i.core_i.ex_stage_i.alu_i","Source":"      begin","excluded":"1"}
,{"expanded":false,"Exclusion Rule Type":"Analysis Time","UNR":"none","Index":"16","Blk Type":"a case item of","Src Start Line":"275","Score":"0","Enclosing Entity":"uvmt_cv32_tb.dut_wrap.cv32e40p_wrapper_i.core_i.ex_stage_i.alu_i","Source":"      begin","excluded":"1"}
,{"expanded":false,"Exclusion Rule Type":"None","UNR":"none","Index":"17","Blk Type":"a case item of","Src Start Line":"283","Score":"1","Enclosing Entity":"uvmt_cv32_tb.dut_wrap.cv32e40p_wrapper_i.core_i.ex_stage_i.alu_i","Source":"      begin"}
,{"expanded":false,"Exclusion Rule Type":"None","UNR":"none","Index":"18","Blk Type":"code block","Src Start Line":"286","Score":"1","Enclosing Entity":"uvmt_cv32_tb.dut_wrap.cv32e40p_wrapper_i.core_i.ex_stage_i.alu_i","Source":"    endcase; // case (vec_mode_i)"}
,{"expanded":false,"Exclusion Rule Type":"None","UNR":"none","Index":"19","Blk Type":"code block","Src Start Line":"323","Score":"1","Enclosing Entity":"uvmt_cv32_tb.dut_wrap.cv32e40p_wrapper_i.core_i.ex_stage_i.alu_i","Source":"  begin"}
,{"expanded":false,"Exclusion Rule Type":"Analysis Time","UNR":"none","Index":"20","Blk Type":"true part of","Src Start Line":"326","Score":"0","Enclosing Entity":"uvmt_cv32_tb.dut_wrap.cv32e40p_wrapper_i.core_i.ex_stage_i.alu_i","Source":"      operand_b_eq = '0;","excluded":"1"}
,{"expanded":false,"Exclusion Rule Type":"None","UNR":"none","Index":"21","Blk Type":"false part of","Src Start Line":"328","Score":"1","Enclosing Entity":"uvmt_cv32_tb.dut_wrap.cv32e40p_wrapper_i.core_i.ex_stage_i.alu_i","Source":"      operand_b_eq = operand_b_neg;"}
,{"expanded":false,"Exclusion Rule Type":"None","UNR":"none","Index":"22","Blk Type":"code block","Src Start Line":"333","Score":"1","Enclosing Entity":"uvmt_cv32_tb.dut_wrap.cv32e40p_wrapper_i.core_i.ex_stage_i.alu_i","Source":"  begin"}
,{"expanded":false,"Exclusion Rule Type":"None","UNR":"none","Index":"23","Blk Type":"a case item of","Src Start Line":"347","Score":"1","Enclosing Entity":"uvmt_cv32_tb.dut_wrap.cv32e40p_wrapper_i.core_i.ex_stage_i.alu_i","Source":"      ALU_CLIPU: begin"}
,{"expanded":false,"Exclusion Rule Type":"Analysis Time","UNR":"none","Index":"24","Blk Type":"a case item of","Src Start Line":"349","Score":"0","Enclosing Entity":"uvmt_cv32_tb.dut_wrap.cv32e40p_wrapper_i.core_i.ex_stage_i.alu_i","Source":"          VEC_MODE8:  cmp_signed[3:0] = 4'b1111;","excluded":"1"}
,{"expanded":false,"Exclusion Rule Type":"Analysis Time","UNR":"none","Index":"25","Blk Type":"a case item of","Src Start Line":"350","Score":"0","Enclosing Entity":"uvmt_cv32_tb.dut_wrap.cv32e40p_wrapper_i.core_i.ex_stage_i.alu_i","Source":"          VEC_MODE16: cmp_signed[3:0] = 4'b1010;","excluded":"1"}
,{"expanded":false,"Exclusion Rule Type":"None","UNR":"none","Index":"26","Blk Type":"a case item of","Src Start Line":"351","Score":"1","Enclosing Entity":"uvmt_cv32_tb.dut_wrap.cv32e40p_wrapper_i.core_i.ex_stage_i.alu_i","Source":"          default:     cmp_signed[3:0] = 4'b1000;"}
,{"expanded":false,"Exclusion Rule Type":"None","UNR":"none","Index":"27","Blk Type":"a case item of","Src Start Line":"355","Score":"1","Enclosing Entity":"uvmt_cv32_tb.dut_wrap.cv32e40p_wrapper_i.core_i.ex_stage_i.alu_i","Source":"      default:;"}
,{"expanded":false,"Exclusion Rule Type":"None","UNR":"none","Index":"28","Blk Type":"code block","Src Start Line":"375","Score":"1","Enclosing Entity":"uvmt_cv32_tb.dut_wrap.cv32e40p_wrapper_i.core_i.ex_stage_i.alu_i","Source":"  begin"}
,{"expanded":false,"Exclusion Rule Type":"Analysis Time","UNR":"none","Index":"29","Blk Type":"a case item of","Src Start Line":"384","Score":"0","Enclosing Entity":"uvmt_cv32_tb.dut_wrap.cv32e40p_wrapper_i.core_i.ex_stage_i.alu_i","Source":"      begin","excluded":"1"}
,{"expanded":false,"Exclusion Rule Type":"Analysis Time","UNR":"none","Index":"30","Blk Type":"a case item of","Src Start Line":"392","Score":"0","Enclosing Entity":"uvmt_cv32_tb.dut_wrap.cv32e40p_wrapper_i.core_i.ex_stage_i.alu_i","Source":"      begin","excluded":"1"}
,{"expanded":false,"Exclusion Rule Type":"None","UNR":"none","Index":"31","Blk Type":"a case item of","Src Start Line":"397","Score":"1","Enclosing Entity":"uvmt_cv32_tb.dut_wrap.cv32e40p_wrapper_i.core_i.ex_stage_i.alu_i","Source":"      default:; // see default assignment"}
,{"expanded":false,"Exclusion Rule Type":"None","UNR":"none","Index":"32","Blk Type":"code block","Src Start Line":"405","Score":"1","Enclosing Entity":"uvmt_cv32_tb.dut_wrap.cv32e40p_wrapper_i.core_i.ex_stage_i.alu_i","Source":"  begin"}
,{"expanded":false,"Exclusion Rule Type":"None","UNR":"none","Index":"33","Blk Type":"a case item of","Src Start Line":"408","Score":"1","Enclosing Entity":"uvmt_cv32_tb.dut_wrap.cv32e40p_wrapper_i.core_i.ex_stage_i.alu_i","Source":"      ALU_EQ:            cmp_result = is_equal;"}
,{"expanded":false,"Exclusion Rule Type":"None","UNR":"none","Index":"34","Blk Type":"a case item of","Src Start Line":"409","Score":"1","Enclosing Entity":"uvmt_cv32_tb.dut_wrap.cv32e40p_wrapper_i.core_i.ex_stage_i.alu_i","Source":"      ALU_NE:            cmp_result = ~is_equal;"}
,{"expanded":false,"Exclusion Rule Type":"Analysis Time","UNR":"none","Index":"35","Blk Type":"a case item of","Src Start Line":"410","Score":"0","Enclosing Entity":"uvmt_cv32_tb.dut_wrap.cv32e40p_wrapper_i.core_i.ex_stage_i.alu_i","Source":"      ALU_GTS, ALU_GTU:  cmp_result = is_greater;","excluded":"1"}
,{"expanded":false,"Exclusion Rule Type":"None","UNR":"none","Index":"36","Blk Type":"a case item of","Src Start Line":"411","Score":"1","Enclosing Entity":"uvmt_cv32_tb.dut_wrap.cv32e40p_wrapper_i.core_i.ex_stage_i.alu_i","Source":"      ALU_GES, ALU_GEU:  cmp_result = is_greater | is_equal;"}
,{"expanded":false,"Exclusion Rule Type":"None","UNR":"none","Index":"37","Blk Type":"a case item of","Src Start Line":"413","Score":"1","Enclosing Entity":"uvmt_cv32_tb.dut_wrap.cv32e40p_wrapper_i.core_i.ex_stage_i.alu_i","Source":"      ALU_LTU, ALU_SLTU: cmp_result = ~(is_greater | is_equal);"}
,{"expanded":false,"Exclusion Rule Type":"Analysis Time","UNR":"none","Index":"38","Blk Type":"a case item of","Src Start Line":"416","Score":"0","Enclosing Entity":"uvmt_cv32_tb.dut_wrap.cv32e40p_wrapper_i.core_i.ex_stage_i.alu_i","Source":"      ALU_LES, ALU_LEU:  cmp_result = ~is_greater;","excluded":"1"}
,{"expanded":false,"Exclusion Rule Type":"None","UNR":"none","Index":"39","Blk Type":"a case item of","Src Start Line":"417","Score":"1","Enclosing Entity":"uvmt_cv32_tb.dut_wrap.cv32e40p_wrapper_i.core_i.ex_stage_i.alu_i","Source":"      default: ;"}
,{"expanded":false,"Exclusion Rule Type":"None","UNR":"none","Index":"40","Blk Type":"code block","Src Start Line":"448","Score":"1","Enclosing Entity":"uvmt_cv32_tb.dut_wrap.cv32e40p_wrapper_i.core_i.ex_stage_i.alu_i","Source":"  begin"}
,{"expanded":false,"Exclusion Rule Type":"Analysis Time","UNR":"none","Index":"41","Blk Type":"true part of","Src Start Line":"450","Score":"0","Enclosing Entity":"uvmt_cv32_tb.dut_wrap.cv32e40p_wrapper_i.core_i.ex_stage_i.alu_i","Source":"    if(operator_i == ALU_CLIPU) begin","excluded":"1"}
,{"expanded":false,"Exclusion Rule Type":"Analysis Time","UNR":"none","Index":"42","Blk Type":"true part of","Src Start Line":"451","Score":"0","Enclosing Entity":"uvmt_cv32_tb.dut_wrap.cv32e40p_wrapper_i.core_i.ex_stage_i.alu_i","Source":"      if(operand_a_i[31] || is_equal_clip) begin","excluded":"1"}
,{"expanded":false,"Exclusion Rule Type":"Analysis Time","UNR":"none","Index":"43","Blk Type":"false part of","Src Start Line":"453","Score":"0","Enclosing Entity":"uvmt_cv32_tb.dut_wrap.cv32e40p_wrapper_i.core_i.ex_stage_i.alu_i","Source":"      end else begin","excluded":"1"}
,{"expanded":false,"Exclusion Rule Type":"None","UNR":"none","Index":"44","Blk Type":"false part of","Src Start Line":"456","Score":"1","Enclosing Entity":"uvmt_cv32_tb.dut_wrap.cv32e40p_wrapper_i.core_i.ex_stage_i.alu_i","Source":"    end else begin"}
,{"expanded":false,"Exclusion Rule Type":"None","UNR":"none","Index":"45","Blk Type":"true part of","Src Start Line":"458","Score":"1","Enclosing Entity":"uvmt_cv32_tb.dut_wrap.cv32e40p_wrapper_i.core_i.ex_stage_i.alu_i","Source":"      if(adder_result_expanded[36] || is_equal_clip) begin"}
,{"expanded":false,"Exclusion Rule Type":"None","UNR":"none","Index":"46","Blk Type":"false part of","Src Start Line":"460","Score":"1","Enclosing Entity":"uvmt_cv32_tb.dut_wrap.cv32e40p_wrapper_i.core_i.ex_stage_i.alu_i","Source":"      end else begin"}
,{"expanded":false,"Exclusion Rule Type":"None","UNR":"none","Index":"47","Blk Type":"code block","Src Start Line":"489","Score":"1","Enclosing Entity":"uvmt_cv32_tb.dut_wrap.cv32e40p_wrapper_i.core_i.ex_stage_i.alu_i","Source":"  begin"}
,{"expanded":false,"Exclusion Rule Type":"Analysis Time","UNR":"none","Index":"48","Blk Type":"a case item of","Src Start Line":"496","Score":"0","Enclosing Entity":"uvmt_cv32_tb.dut_wrap.cv32e40p_wrapper_i.core_i.ex_stage_i.alu_i","Source":"      ALU_EXT, ALU_EXTS: begin","excluded":"1"}
,{"expanded":false,"Exclusion Rule Type":"Analysis Time","UNR":"none","Index":"49","Blk Type":"true part of","Src Start Line":"498","Score":"0","Enclosing Entity":"uvmt_cv32_tb.dut_wrap.cv32e40p_wrapper_i.core_i.ex_stage_i.alu_i","Source":"          shuffle_reg1_sel = 2'b11;","excluded":"1"}
,{"expanded":false,"Exclusion Rule Type":"Analysis Time","UNR":"none","Index":"50","Blk Type":"implicit else","Src Start Line":"497","Score":"0","Enclosing Entity":"uvmt_cv32_tb.dut_wrap.cv32e40p_wrapper_i.core_i.ex_stage_i.alu_i","Source":"        if (operator_i == ALU_EXTS)","excluded":"1"}
,{"expanded":false,"Exclusion Rule Type":"Analysis Time","UNR":"none","Index":"51","Blk Type":"code block","Src Start Line":"500","Score":"0","Enclosing Entity":"uvmt_cv32_tb.dut_wrap.cv32e40p_wrapper_i.core_i.ex_stage_i.alu_i","Source":"        if (vector_mode_i == VEC_MODE8) begin","excluded":"1"}
,{"expanded":false,"Exclusion Rule Type":"Analysis Time","UNR":"none","Index":"52","Blk Type":"true part of","Src Start Line":"500","Score":"0","Enclosing Entity":"uvmt_cv32_tb.dut_wrap.cv32e40p_wrapper_i.core_i.ex_stage_i.alu_i","Source":"        if (vector_mode_i == VEC_MODE8) begin","excluded":"1"}
,{"expanded":false,"Exclusion Rule Type":"Analysis Time","UNR":"none","Index":"53","Blk Type":"false part of","Src Start Line":"503","Score":"0","Enclosing Entity":"uvmt_cv32_tb.dut_wrap.cv32e40p_wrapper_i.core_i.ex_stage_i.alu_i","Source":"        end else begin","excluded":"1"}
,{"expanded":false,"Exclusion Rule Type":"Analysis Time","UNR":"none","Index":"54","Blk Type":"a case item of","Src Start Line":"509","Score":"0","Enclosing Entity":"uvmt_cv32_tb.dut_wrap.cv32e40p_wrapper_i.core_i.ex_stage_i.alu_i","Source":"      ALU_PCKLO: begin","excluded":"1"}
,{"expanded":false,"Exclusion Rule Type":"Analysis Time","UNR":"none","Index":"55","Blk Type":"true part of","Src Start Line":"512","Score":"0","Enclosing Entity":"uvmt_cv32_tb.dut_wrap.cv32e40p_wrapper_i.core_i.ex_stage_i.alu_i","Source":"        if (vector_mode_i == VEC_MODE8) begin","excluded":"1"}
,{"expanded":false,"Exclusion Rule Type":"Analysis Time","UNR":"none","Index":"56","Blk Type":"false part of","Src Start Line":"515","Score":"0","Enclosing Entity":"uvmt_cv32_tb.dut_wrap.cv32e40p_wrapper_i.core_i.ex_stage_i.alu_i","Source":"        end else begin","excluded":"1"}
,{"expanded":false,"Exclusion Rule Type":"Analysis Time","UNR":"none","Index":"57","Blk Type":"a case item of","Src Start Line":"520","Score":"0","Enclosing Entity":"uvmt_cv32_tb.dut_wrap.cv32e40p_wrapper_i.core_i.ex_stage_i.alu_i","Source":"      ALU_PCKHI: begin","excluded":"1"}
,{"expanded":false,"Exclusion Rule Type":"Analysis Time","UNR":"none","Index":"58","Blk Type":"true part of","Src Start Line":"523","Score":"0","Enclosing Entity":"uvmt_cv32_tb.dut_wrap.cv32e40p_wrapper_i.core_i.ex_stage_i.alu_i","Source":"        if (vector_mode_i == VEC_MODE8) begin","excluded":"1"}
,{"expanded":false,"Exclusion Rule Type":"Analysis Time","UNR":"none","Index":"59","Blk Type":"false part of","Src Start Line":"526","Score":"0","Enclosing Entity":"uvmt_cv32_tb.dut_wrap.cv32e40p_wrapper_i.core_i.ex_stage_i.alu_i","Source":"        end else begin","excluded":"1"}
,{"expanded":false,"Exclusion Rule Type":"Analysis Time","UNR":"none","Index":"60","Blk Type":"a case item of","Src Start Line":"531","Score":"0","Enclosing Entity":"uvmt_cv32_tb.dut_wrap.cv32e40p_wrapper_i.core_i.ex_stage_i.alu_i","Source":"      ALU_SHUF2: begin","excluded":"1"}
,{"expanded":false,"Exclusion Rule Type":"Analysis Time","UNR":"none","Index":"61","Blk Type":"a case item of","Src Start Line":"533","Score":"0","Enclosing Entity":"uvmt_cv32_tb.dut_wrap.cv32e40p_wrapper_i.core_i.ex_stage_i.alu_i","Source":"          VEC_MODE8: begin","excluded":"1"}
,{"expanded":false,"Exclusion Rule Type":"Analysis Time","UNR":"none","Index":"62","Blk Type":"a case item of","Src Start Line":"540","Score":"0","Enclosing Entity":"uvmt_cv32_tb.dut_wrap.cv32e40p_wrapper_i.core_i.ex_stage_i.alu_i","Source":"          VEC_MODE16: begin","excluded":"1"}
,{"expanded":false,"Exclusion Rule Type":"Analysis Time","UNR":"none","Index":"63","Blk Type":"a case item of","Src Start Line":"546","Score":"0","Enclosing Entity":"uvmt_cv32_tb.dut_wrap.cv32e40p_wrapper_i.core_i.ex_stage_i.alu_i","Source":"          default:;","excluded":"1"}
,{"expanded":false,"Exclusion Rule Type":"Analysis Time","UNR":"none","Index":"64","Blk Type":"a case item of","Src Start Line":"550","Score":"0","Enclosing Entity":"uvmt_cv32_tb.dut_wrap.cv32e40p_wrapper_i.core_i.ex_stage_i.alu_i","Source":"      ALU_INS: begin","excluded":"1"}
,{"expanded":false,"Exclusion Rule Type":"Analysis Time","UNR":"none","Index":"65","Blk Type":"a case item of","Src Start Line":"552","Score":"0","Enclosing Entity":"uvmt_cv32_tb.dut_wrap.cv32e40p_wrapper_i.core_i.ex_stage_i.alu_i","Source":"          VEC_MODE8: begin","excluded":"1"}
,{"expanded":false,"Exclusion Rule Type":"Analysis Time","UNR":"none","Index":"66","Blk Type":"a case item of","Src Start Line":"555","Score":"0","Enclosing Entity":"uvmt_cv32_tb.dut_wrap.cv32e40p_wrapper_i.core_i.ex_stage_i.alu_i","Source":"              2'b00: begin","excluded":"1"}
,{"expanded":false,"Exclusion Rule Type":"Analysis Time","UNR":"none","Index":"67","Blk Type":"a case item of","Src Start Line":"558","Score":"0","Enclosing Entity":"uvmt_cv32_tb.dut_wrap.cv32e40p_wrapper_i.core_i.ex_stage_i.alu_i","Source":"              2'b01: begin","excluded":"1"}
,{"expanded":false,"Exclusion Rule Type":"Analysis Time","UNR":"none","Index":"68","Blk Type":"a case item of","Src Start Line":"561","Score":"0","Enclosing Entity":"uvmt_cv32_tb.dut_wrap.cv32e40p_wrapper_i.core_i.ex_stage_i.alu_i","Source":"              2'b10: begin","excluded":"1"}
,{"expanded":false,"Exclusion Rule Type":"Analysis Time","UNR":"none","Index":"69","Blk Type":"a case item of","Src Start Line":"564","Score":"0","Enclosing Entity":"uvmt_cv32_tb.dut_wrap.cv32e40p_wrapper_i.core_i.ex_stage_i.alu_i","Source":"              2'b11: begin","excluded":"1"}
,{"expanded":false,"Exclusion Rule Type":"Analysis Time","UNR":"none","Index":"70","Blk Type":"a case item of","Src Start Line":"569","Score":"0","Enclosing Entity":"uvmt_cv32_tb.dut_wrap.cv32e40p_wrapper_i.core_i.ex_stage_i.alu_i","Source":"          VEC_MODE16: begin","excluded":"1"}
,{"expanded":false,"Exclusion Rule Type":"Analysis Time","UNR":"none","Index":"71","Blk Type":"a case item of","Src Start Line":"576","Score":"0","Enclosing Entity":"uvmt_cv32_tb.dut_wrap.cv32e40p_wrapper_i.core_i.ex_stage_i.alu_i","Source":"          default:;","excluded":"1"}
,{"expanded":false,"Exclusion Rule Type":"None","UNR":"none","Index":"72","Blk Type":"a case item of","Src Start Line":"580","Score":"1","Enclosing Entity":"uvmt_cv32_tb.dut_wrap.cv32e40p_wrapper_i.core_i.ex_stage_i.alu_i","Source":"      default:;"}
,{"expanded":false,"Exclusion Rule Type":"None","UNR":"none","Index":"73","Blk Type":"code block","Src Start Line":"585","Score":"1","Enclosing Entity":"uvmt_cv32_tb.dut_wrap.cv32e40p_wrapper_i.core_i.ex_stage_i.alu_i","Source":"  begin"}
,{"expanded":false,"Exclusion Rule Type":"Analysis Time","UNR":"none","Index":"74","Blk Type":"a case item of","Src Start Line":"591","Score":"0","Enclosing Entity":"uvmt_cv32_tb.dut_wrap.cv32e40p_wrapper_i.core_i.ex_stage_i.alu_i","Source":"      ALU_EXT: begin","excluded":"1"}
,{"expanded":false,"Exclusion Rule Type":"Analysis Time","UNR":"none","Index":"75","Blk Type":"a case item of","Src Start Line":"593","Score":"0","Enclosing Entity":"uvmt_cv32_tb.dut_wrap.cv32e40p_wrapper_i.core_i.ex_stage_i.alu_i","Source":"          VEC_MODE8: begin","excluded":"1"}
,{"expanded":false,"Exclusion Rule Type":"Analysis Time","UNR":"none","Index":"76","Blk Type":"a case item of","Src Start Line":"600","Score":"0","Enclosing Entity":"uvmt_cv32_tb.dut_wrap.cv32e40p_wrapper_i.core_i.ex_stage_i.alu_i","Source":"          VEC_MODE16: begin","excluded":"1"}
,{"expanded":false,"Exclusion Rule Type":"Analysis Time","UNR":"none","Index":"77","Blk Type":"a case item of","Src Start Line":"607","Score":"0","Enclosing Entity":"uvmt_cv32_tb.dut_wrap.cv32e40p_wrapper_i.core_i.ex_stage_i.alu_i","Source":"          default:;","excluded":"1"}
,{"expanded":false,"Exclusion Rule Type":"Analysis Time","UNR":"none","Index":"78","Blk Type":"a case item of","Src Start Line":"611","Score":"0","Enclosing Entity":"uvmt_cv32_tb.dut_wrap.cv32e40p_wrapper_i.core_i.ex_stage_i.alu_i","Source":"      ALU_PCKLO: begin","excluded":"1"}
,{"expanded":false,"Exclusion Rule Type":"Analysis Time","UNR":"none","Index":"79","Blk Type":"a case item of","Src Start Line":"613","Score":"0","Enclosing Entity":"uvmt_cv32_tb.dut_wrap.cv32e40p_wrapper_i.core_i.ex_stage_i.alu_i","Source":"          VEC_MODE8: begin","excluded":"1"}
,{"expanded":false,"Exclusion Rule Type":"Analysis Time","UNR":"none","Index":"80","Blk Type":"a case item of","Src Start Line":"620","Score":"0","Enclosing Entity":"uvmt_cv32_tb.dut_wrap.cv32e40p_wrapper_i.core_i.ex_stage_i.alu_i","Source":"          VEC_MODE16: begin","excluded":"1"}
,{"expanded":false,"Exclusion Rule Type":"Analysis Time","UNR":"none","Index":"81","Blk Type":"a case item of","Src Start Line":"627","Score":"0","Enclosing Entity":"uvmt_cv32_tb.dut_wrap.cv32e40p_wrapper_i.core_i.ex_stage_i.alu_i","Source":"          default:;","excluded":"1"}
,{"expanded":false,"Exclusion Rule Type":"Analysis Time","UNR":"none","Index":"82","Blk Type":"a case item of","Src Start Line":"631","Score":"0","Enclosing Entity":"uvmt_cv32_tb.dut_wrap.cv32e40p_wrapper_i.core_i.ex_stage_i.alu_i","Source":"      ALU_PCKHI: begin","excluded":"1"}
,{"expanded":false,"Exclusion Rule Type":"Analysis Time","UNR":"none","Index":"83","Blk Type":"a case item of","Src Start Line":"633","Score":"0","Enclosing Entity":"uvmt_cv32_tb.dut_wrap.cv32e40p_wrapper_i.core_i.ex_stage_i.alu_i","Source":"          VEC_MODE8: begin","excluded":"1"}
,{"expanded":false,"Exclusion Rule Type":"Analysis Time","UNR":"none","Index":"84","Blk Type":"a case item of","Src Start Line":"640","Score":"0","Enclosing Entity":"uvmt_cv32_tb.dut_wrap.cv32e40p_wrapper_i.core_i.ex_stage_i.alu_i","Source":"          VEC_MODE16: begin","excluded":"1"}
,{"expanded":false,"Exclusion Rule Type":"Analysis Time","UNR":"none","Index":"85","Blk Type":"a case item of","Src Start Line":"647","Score":"0","Enclosing Entity":"uvmt_cv32_tb.dut_wrap.cv32e40p_wrapper_i.core_i.ex_stage_i.alu_i","Source":"          default:;","excluded":"1"}
,{"expanded":false,"Exclusion Rule Type":"Analysis Time","UNR":"none","Index":"86","Blk Type":"a case item of","Src Start Line":"652","Score":"0","Enclosing Entity":"uvmt_cv32_tb.dut_wrap.cv32e40p_wrapper_i.core_i.ex_stage_i.alu_i","Source":"      ALU_SHUF: begin","excluded":"1"}
,{"expanded":false,"Exclusion Rule Type":"Analysis Time","UNR":"none","Index":"87","Blk Type":"a case item of","Src Start Line":"654","Score":"0","Enclosing Entity":"uvmt_cv32_tb.dut_wrap.cv32e40p_wrapper_i.core_i.ex_stage_i.alu_i","Source":"          VEC_MODE8: begin","excluded":"1"}
,{"expanded":false,"Exclusion Rule Type":"Analysis Time","UNR":"none","Index":"88","Blk Type":"a case item of","Src Start Line":"661","Score":"0","Enclosing Entity":"uvmt_cv32_tb.dut_wrap.cv32e40p_wrapper_i.core_i.ex_stage_i.alu_i","Source":"          VEC_MODE16: begin","excluded":"1"}
,{"expanded":false,"Exclusion Rule Type":"Analysis Time","UNR":"none","Index":"89","Blk Type":"a case item of","Src Start Line":"667","Score":"0","Enclosing Entity":"uvmt_cv32_tb.dut_wrap.cv32e40p_wrapper_i.core_i.ex_stage_i.alu_i","Source":"          default:;","excluded":"1"}
,{"expanded":false,"Exclusion Rule Type":"Analysis Time","UNR":"none","Index":"90","Blk Type":"a case item of","Src Start Line":"671","Score":"0","Enclosing Entity":"uvmt_cv32_tb.dut_wrap.cv32e40p_wrapper_i.core_i.ex_stage_i.alu_i","Source":"      ALU_INS: begin","excluded":"1"}
,{"expanded":false,"Exclusion Rule Type":"None","UNR":"none","Index":"91","Blk Type":"a case item of","Src Start Line":"678","Score":"1","Enclosing Entity":"uvmt_cv32_tb.dut_wrap.cv32e40p_wrapper_i.core_i.ex_stage_i.alu_i","Source":"      default:;"}
,{"expanded":false,"Exclusion Rule Type":"None","UNR":"none","Index":"92","Blk Type":"code block","Src Start Line":"751","Score":"1","Enclosing Entity":"uvmt_cv32_tb.dut_wrap.cv32e40p_wrapper_i.core_i.ex_stage_i.alu_i","Source":"  begin"}
,{"expanded":false,"Exclusion Rule Type":"Analysis Time","UNR":"none","Index":"93","Blk Type":"a case item of","Src Start Line":"755","Score":"0","Enclosing Entity":"uvmt_cv32_tb.dut_wrap.cv32e40p_wrapper_i.core_i.ex_stage_i.alu_i","Source":"      ALU_FF1: ff_input = operand_a_i;","excluded":"1"}
,{"expanded":false,"Exclusion Rule Type":"None","UNR":"none","Index":"94","Blk Type":"a case item of","Src Start Line":"759","Score":"1","Enclosing Entity":"uvmt_cv32_tb.dut_wrap.cv32e40p_wrapper_i.core_i.ex_stage_i.alu_i","Source":"      ALU_FL1: ff_input = operand_a_rev;"}
,{"expanded":false,"Exclusion Rule Type":"None","UNR":"none","Index":"95","Blk Type":"a case item of","Src Start Line":"763","Score":"1","Enclosing Entity":"uvmt_cv32_tb.dut_wrap.cv32e40p_wrapper_i.core_i.ex_stage_i.alu_i","Source":"      ALU_CLB: begin"}
,{"expanded":false,"Exclusion Rule Type":"None","UNR":"none","Index":"96","Blk Type":"true part of","Src Start Line":"765","Score":"1","Enclosing Entity":"uvmt_cv32_tb.dut_wrap.cv32e40p_wrapper_i.core_i.ex_stage_i.alu_i","Source":"          ff_input = operand_a_neg_rev;"}
,{"expanded":false,"Exclusion Rule Type":"None","UNR":"none","Index":"97","Blk Type":"false part of","Src Start Line":"767","Score":"1","Enclosing Entity":"uvmt_cv32_tb.dut_wrap.cv32e40p_wrapper_i.core_i.ex_stage_i.alu_i","Source":"          ff_input = operand_a_rev;"}
,{"expanded":false,"Exclusion Rule Type":"None","UNR":"none","Index":"98","Blk Type":"implicit default","Src Start Line":"754","Score":"1","Enclosing Entity":"uvmt_cv32_tb.dut_wrap.cv32e40p_wrapper_i.core_i.ex_stage_i.alu_i","Source":"    case (operator_i)"}
,{"expanded":false,"Exclusion Rule Type":"None","UNR":"none","Index":"99","Blk Type":"code block","Src Start Line":"785","Score":"1","Enclosing Entity":"uvmt_cv32_tb.dut_wrap.cv32e40p_wrapper_i.core_i.ex_stage_i.alu_i","Source":"  begin"}
,{"expanded":false,"Exclusion Rule Type":"Analysis Time","UNR":"none","Index":"100","Blk Type":"a case item of","Src Start Line":"788","Score":"0","Enclosing Entity":"uvmt_cv32_tb.dut_wrap.cv32e40p_wrapper_i.core_i.ex_stage_i.alu_i","Source":"      ALU_FF1: bitop_result = ff_no_one ? 6'd32 : {1'b0, ff1_result};","excluded":"1"}
,{"expanded":false,"Exclusion Rule Type":"Analysis Time","UNR":"none","Index":"101","Blk Type":"a case item of","Src Start Line":"789","Score":"0","Enclosing Entity":"uvmt_cv32_tb.dut_wrap.cv32e40p_wrapper_i.core_i.ex_stage_i.alu_i","Source":"      ALU_FL1: bitop_result = ff_no_one ? 6'd32 : {1'b0, fl1_result};","excluded":"1"}
,{"expanded":false,"Exclusion Rule Type":"Analysis Time","UNR":"none","Index":"102","Blk Type":"a case item of","Src Start Line":"790","Score":"0","Enclosing Entity":"uvmt_cv32_tb.dut_wrap.cv32e40p_wrapper_i.core_i.ex_stage_i.alu_i","Source":"      ALU_CNT: bitop_result = cnt_result;","excluded":"1"}
,{"expanded":false,"Exclusion Rule Type":"Analysis Time","UNR":"none","Index":"103","Blk Type":"a case item of","Src Start Line":"791","Score":"0","Enclosing Entity":"uvmt_cv32_tb.dut_wrap.cv32e40p_wrapper_i.core_i.ex_stage_i.alu_i","Source":"      ALU_CLB: begin","excluded":"1"}
,{"expanded":false,"Exclusion Rule Type":"Analysis Time","UNR":"none","Index":"104","Blk Type":"true part of","Src Start Line":"792","Score":"0","Enclosing Entity":"uvmt_cv32_tb.dut_wrap.cv32e40p_wrapper_i.core_i.ex_stage_i.alu_i","Source":"        if (ff_no_one) begin","excluded":"1"}
,{"expanded":false,"Exclusion Rule Type":"Analysis Time","UNR":"none","Index":"105","Blk Type":"true part of","Src Start Line":"794","Score":"0","Enclosing Entity":"uvmt_cv32_tb.dut_wrap.cv32e40p_wrapper_i.core_i.ex_stage_i.alu_i","Source":"            bitop_result = 6'd31;","excluded":"1"}
,{"expanded":false,"Exclusion Rule Type":"Analysis Time","UNR":"none","Index":"106","Blk Type":"false part of","Src Start Line":"796","Score":"0","Enclosing Entity":"uvmt_cv32_tb.dut_wrap.cv32e40p_wrapper_i.core_i.ex_stage_i.alu_i","Source":"            bitop_result = '0;","excluded":"1"}
,{"expanded":false,"Exclusion Rule Type":"Analysis Time","UNR":"none","Index":"107","Blk Type":"false part of","Src Start Line":"797","Score":"0","Enclosing Entity":"uvmt_cv32_tb.dut_wrap.cv32e40p_wrapper_i.core_i.ex_stage_i.alu_i","Source":"        end else begin","excluded":"1"}
,{"expanded":false,"Exclusion Rule Type":"None","UNR":"none","Index":"108","Blk Type":"a case item of","Src Start Line":"801","Score":"1","Enclosing Entity":"uvmt_cv32_tb.dut_wrap.cv32e40p_wrapper_i.core_i.ex_stage_i.alu_i","Source":"      default:;"}
,{"expanded":false,"Exclusion Rule Type":"None","UNR":"none","Index":"109","Blk Type":"code block","Src Start Line":"876","Score":"1","Enclosing Entity":"uvmt_cv32_tb.dut_wrap.cv32e40p_wrapper_i.core_i.ex_stage_i.alu_i","Source":"  begin"}
,{"expanded":false,"Exclusion Rule Type":"None","UNR":"none","Index":"110","Blk Type":"a case item of","Src Start Line":"880","Score":"1","Enclosing Entity":"uvmt_cv32_tb.dut_wrap.cv32e40p_wrapper_i.core_i.ex_stage_i.alu_i","Source":"      2'b00: reverse_result = radix_2_rev;"}
,{"expanded":false,"Exclusion Rule Type":"Analysis Time","UNR":"none","Index":"111","Blk Type":"a case item of","Src Start Line":"881","Score":"0","Enclosing Entity":"uvmt_cv32_tb.dut_wrap.cv32e40p_wrapper_i.core_i.ex_stage_i.alu_i","Source":"      2'b01: reverse_result = radix_4_rev;","excluded":"1"}
,{"expanded":false,"Exclusion Rule Type":"Analysis Time","UNR":"none","Index":"112","Blk Type":"a case item of","Src Start Line":"882","Score":"0","Enclosing Entity":"uvmt_cv32_tb.dut_wrap.cv32e40p_wrapper_i.core_i.ex_stage_i.alu_i","Source":"      2'b10: reverse_result = radix_8_rev;","excluded":"1"}
,{"expanded":false,"Exclusion Rule Type":"None","UNR":"none","Index":"113","Blk Type":"a case item of","Src Start Line":"884","Score":"1","Enclosing Entity":"uvmt_cv32_tb.dut_wrap.cv32e40p_wrapper_i.core_i.ex_stage_i.alu_i","Source":"      default: reverse_result = radix_2_rev;"}
,{"expanded":false,"Exclusion Rule Type":"None","UNR":"none","Index":"114","Blk Type":"code block","Src Start Line":"946","Score":"1","Enclosing Entity":"uvmt_cv32_tb.dut_wrap.cv32e40p_wrapper_i.core_i.ex_stage_i.alu_i","Source":"  begin"}
,{"expanded":false,"Exclusion Rule Type":"None","UNR":"none","Index":"115","Blk Type":"a case item of","Src Start Line":"951","Score":"1","Enclosing Entity":"uvmt_cv32_tb.dut_wrap.cv32e40p_wrapper_i.core_i.ex_stage_i.alu_i","Source":"      ALU_AND:  result_o = operand_a_i & operand_b_i;"}
,{"expanded":false,"Exclusion Rule Type":"None","UNR":"none","Index":"116","Blk Type":"a case item of","Src Start Line":"952","Score":"1","Enclosing Entity":"uvmt_cv32_tb.dut_wrap.cv32e40p_wrapper_i.core_i.ex_stage_i.alu_i","Source":"      ALU_OR:   result_o = operand_a_i | operand_b_i;"}
,{"expanded":false,"Exclusion Rule Type":"None","UNR":"none","Index":"117","Blk Type":"a case item of","Src Start Line":"953","Score":"1","Enclosing Entity":"uvmt_cv32_tb.dut_wrap.cv32e40p_wrapper_i.core_i.ex_stage_i.alu_i","Source":"      ALU_XOR:  result_o = operand_a_i ^ operand_b_i;"}
,{"expanded":false,"Exclusion Rule Type":"None","UNR":"none","Index":"118","Blk Type":"a case item of","Src Start Line":"960","Score":"1","Enclosing Entity":"uvmt_cv32_tb.dut_wrap.cv32e40p_wrapper_i.core_i.ex_stage_i.alu_i","Source":"      ALU_ROR:  result_o = shift_result;"}
,{"expanded":false,"Exclusion Rule Type":"Analysis Time","UNR":"none","Index":"119","Blk Type":"a case item of","Src Start Line":"965","Score":"0","Enclosing Entity":"uvmt_cv32_tb.dut_wrap.cv32e40p_wrapper_i.core_i.ex_stage_i.alu_i","Source":"      ALU_BEXTU: result_o = bextins_result;","excluded":"1"}
,{"expanded":false,"Exclusion Rule Type":"Analysis Time","UNR":"none","Index":"120","Blk Type":"a case item of","Src Start Line":"967","Score":"0","Enclosing Entity":"uvmt_cv32_tb.dut_wrap.cv32e40p_wrapper_i.core_i.ex_stage_i.alu_i","Source":"      ALU_BCLR:  result_o = bclr_result;","excluded":"1"}
,{"expanded":false,"Exclusion Rule Type":"Analysis Time","UNR":"none","Index":"121","Blk Type":"a case item of","Src Start Line":"968","Score":"0","Enclosing Entity":"uvmt_cv32_tb.dut_wrap.cv32e40p_wrapper_i.core_i.ex_stage_i.alu_i","Source":"      ALU_BSET:  result_o = bset_result;","excluded":"1"}
,{"expanded":false,"Exclusion Rule Type":"Analysis Time","UNR":"none","Index":"122","Blk Type":"a case item of","Src Start Line":"971","Score":"0","Enclosing Entity":"uvmt_cv32_tb.dut_wrap.cv32e40p_wrapper_i.core_i.ex_stage_i.alu_i","Source":"      ALU_BREV:  result_o = reverse_result;","excluded":"1"}
,{"expanded":false,"Exclusion Rule Type":"Analysis Time","UNR":"none","Index":"123","Blk Type":"a case item of","Src Start Line":"977","Score":"0","Enclosing Entity":"uvmt_cv32_tb.dut_wrap.cv32e40p_wrapper_i.core_i.ex_stage_i.alu_i","Source":"      ALU_INS: result_o = pack_result;","excluded":"1"}
,{"expanded":false,"Exclusion Rule Type":"Analysis Time","UNR":"none","Index":"124","Blk Type":"a case item of","Src Start Line":"981","Score":"0","Enclosing Entity":"uvmt_cv32_tb.dut_wrap.cv32e40p_wrapper_i.core_i.ex_stage_i.alu_i","Source":"      ALU_MAX, ALU_MAXU: result_o = result_minmax;","excluded":"1"}
,{"expanded":false,"Exclusion Rule Type":"Analysis Time","UNR":"none","Index":"125","Blk Type":"a case item of","Src Start Line":"984","Score":"0","Enclosing Entity":"uvmt_cv32_tb.dut_wrap.cv32e40p_wrapper_i.core_i.ex_stage_i.alu_i","Source":"      ALU_ABS:  result_o = is_clpx_i ? {adder_result[31:16], operand_a_i[15:0]} : result_minmax;","excluded":"1"}
,{"expanded":false,"Exclusion Rule Type":"Analysis Time","UNR":"none","Index":"126","Blk Type":"a case item of","Src Start Line":"986","Score":"0","Enclosing Entity":"uvmt_cv32_tb.dut_wrap.cv32e40p_wrapper_i.core_i.ex_stage_i.alu_i","Source":"      ALU_CLIP, ALU_CLIPU: result_o = clip_result;","excluded":"1"}
,{"expanded":false,"Exclusion Rule Type":"None","UNR":"none","Index":"127","Blk Type":"a case item of","Src Start Line":"993","Score":"1","Enclosing Entity":"uvmt_cv32_tb.dut_wrap.cv32e40p_wrapper_i.core_i.ex_stage_i.alu_i","Source":"      ALU_LTS,   ALU_LES: begin"}
,{"expanded":false,"Exclusion Rule Type":"None","UNR":"none","Index":"128","Blk Type":"a case item of","Src Start Line":"1001","Score":"1","Enclosing Entity":"uvmt_cv32_tb.dut_wrap.cv32e40p_wrapper_i.core_i.ex_stage_i.alu_i","Source":"      ALU_SLETS, ALU_SLETU: result_o = {31'b0, comparison_result_o};"}
,{"expanded":false,"Exclusion Rule Type":"Analysis Time","UNR":"none","Index":"129","Blk Type":"a case item of","Src Start Line":"1003","Score":"0","Enclosing Entity":"uvmt_cv32_tb.dut_wrap.cv32e40p_wrapper_i.core_i.ex_stage_i.alu_i","Source":"      ALU_FF1, ALU_FL1, ALU_CLB, ALU_CNT: result_o = {26'h0, bitop_result[5:0]};","excluded":"1"}
,{"expanded":false,"Exclusion Rule Type":"None","UNR":"none","Index":"130","Blk Type":"a case item of","Src Start Line":"1007","Score":"1","Enclosing Entity":"uvmt_cv32_tb.dut_wrap.cv32e40p_wrapper_i.core_i.ex_stage_i.alu_i","Source":"      ALU_REM, ALU_REMU: result_o = result_div;"}
,{"expanded":false,"Exclusion Rule Type":"None","UNR":"none","Index":"131","Blk Type":"a case item of","Src Start Line":"1009","Score":"1","Enclosing Entity":"uvmt_cv32_tb.dut_wrap.cv32e40p_wrapper_i.core_i.ex_stage_i.alu_i","Source":"      default: ; // default case to suppress unique warning"}
]
,"expression_items":[{"expanded":false,"expanded":false,"Exclusion Rule Type":"None","UNR":"none","Index":"1","All Average Grd":"100%","All Cov":"2 / 2 (100%)","Src Start Line":"133","Enclosing Entity":"uvmt_cv32_tb.dut_wrap.cv32e40p_wrapper_i.core_i.ex_stage_i.alu_i","Source":"    if (adder_op_b_negate || (operator_i == ALU_ABS || operator_i == ALU_CLIP)) begin"
,"subitems":[{"expanded":false,"expanded":false,"Exclusion Rule Type":"None","UNR":"none","Index":"1","All Average Grd":"100%","All Cov":"2 / 2 (100%)","Source":"    if (adder_op_b_negate || (operator_i == ALU_ABS || operator_i == ALU_CLIP)) begin","table_type":"cov"
,"subitems":[{"title":"1;-;-","expanded":false,"Exclusion Rule Type":"None","UNR":"none","Score":"1","Out":"n/a"}
,{"title":"-;1;-","expanded":false,"Exclusion Rule Type":"Analysis Time","UNR":"none","Score":"0","Out":"n/a","excluded":"1"}
,{"title":"-;-;1","expanded":false,"Exclusion Rule Type":"Analysis Time","UNR":"none","Score":"0","Out":"n/a","excluded":"1"}
,{"title":"0;0;0","expanded":false,"Exclusion Rule Type":"None","UNR":"none","Score":"1","Out":"n/a"}
],"cov_table_title":"Coverage Table","header":"adder_op_b_negate || ((operator_i == ALU_ABS) || (operator_i == ALU_CLIP))","columns":"adder_op_b_negate;(operator_i == ALU_ABS);(operator_i == ALU_CLIP)"}
]}
,{"expanded":false,"expanded":false,"Exclusion Rule Type":"None","UNR":"none","Index":"2","All Average Grd":"100%","All Cov":"1 / 1 (100%)","Src Start Line":"178","Enclosing Entity":"uvmt_cv32_tb.dut_wrap.cv32e40p_wrapper_i.core_i.ex_stage_i.alu_i","Source":"                               (operator_i == ALU_ADDUR) || (operator_i == ALU_SUBUR)) ?"
,"subitems":[{"expanded":false,"expanded":false,"Exclusion Rule Type":"None","UNR":"none","Index":"1","All Average Grd":"100%","All Cov":"1 / 1 (100%)","Source":"                               (operator_i == ALU_ADDUR) || (operator_i == ALU_SUBUR)) ?","table_type":"cov"
,"subitems":[{"title":"1;-;-;-","expanded":false,"Exclusion Rule Type":"Analysis Time","UNR":"none","Score":"0","Out":"n/a","excluded":"1"}
,{"title":"-;1;-;-","expanded":false,"Exclusion Rule Type":"Analysis Time","UNR":"none","Score":"0","Out":"n/a","excluded":"1"}
,{"title":"-;-;1;-","expanded":false,"Exclusion Rule Type":"Analysis Time","UNR":"none","Score":"0","Out":"n/a","excluded":"1"}
,{"title":"-;-;-;1","expanded":false,"Exclusion Rule Type":"Analysis Time","UNR":"none","Score":"0","Out":"n/a","excluded":"1"}
,{"title":"0;0;0;0","expanded":false,"Exclusion Rule Type":"None","UNR":"none","Score":"1","Out":"n/a"}
],"cov_table_title":"Coverage Table","header":"((((operator_i == ALU_ADDR) || (operator_i == ALU_SUBR)) || (operator_i == ALU_ADDUR)) || (operator_i == ALU_SUBUR))","columns":"(operator_i == ALU_ADDR);(operator_i == ALU_SUBR);(operator_i == ALU_ADDUR);(operator_i == ALU_SUBUR)"}
]}
,{"expanded":false,"expanded":false,"Exclusion Rule Type":"Analysis Time","UNR":"none","Index":"3","All Average Grd":"n/a","All Cov":"0 / 0 (n/a)","Src Start Line":"451","Enclosing Entity":"uvmt_cv32_tb.dut_wrap.cv32e40p_wrapper_i.core_i.ex_stage_i.alu_i","Source":"      if(operand_a_i[31] || is_equal_clip) begin","excluded":"1"
,"subitems":[{"expanded":false,"expanded":false,"Exclusion Rule Type":"None","UNR":"none","Index":"1","All Average Grd":"n/a","All Cov":"0 / 0 (n/a)","Source":"      if(operand_a_i[31] || is_equal_clip) begin","excluded":"1","table_type":"cov"
,"subitems":[{"title":"1;-","expanded":false,"Exclusion Rule Type":"None","UNR":"none","Score":"0","Out":"n/a","excluded":"1"}
,{"title":"-;1","expanded":false,"Exclusion Rule Type":"None","UNR":"none","Score":"0","Out":"n/a","excluded":"1"}
,{"title":"0;0","expanded":false,"Exclusion Rule Type":"None","UNR":"none","Score":"0","Out":"n/a","excluded":"1"}
],"cov_table_title":"Coverage Table","header":"operand_a_i[31] || is_equal_clip","columns":"operand_a_i[31];is_equal_clip"}
]}
,{"expanded":false,"expanded":false,"Exclusion Rule Type":"None","UNR":"none","Index":"4","All Average Grd":"100%","All Cov":"3 / 3 (100%)","Src Start Line":"458","Enclosing Entity":"uvmt_cv32_tb.dut_wrap.cv32e40p_wrapper_i.core_i.ex_stage_i.alu_i","Source":"      if(adder_result_expanded[36] || is_equal_clip) begin"
,"subitems":[{"expanded":false,"expanded":false,"Exclusion Rule Type":"None","UNR":"none","Index":"1","All Average Grd":"100%","All Cov":"3 / 3 (100%)","Source":"      if(adder_result_expanded[36] || is_equal_clip) begin","table_type":"cov"
,"subitems":[{"title":"1;-","expanded":false,"Exclusion Rule Type":"None","UNR":"none","Score":"1","Out":"n/a"}
,{"title":"-;1","expanded":false,"Exclusion Rule Type":"None","UNR":"none","Score":"1","Out":"n/a"}
,{"title":"0;0","expanded":false,"Exclusion Rule Type":"None","UNR":"none","Score":"1","Out":"n/a"}
],"cov_table_title":"Coverage Table","header":"adder_result_expanded[36] || is_equal_clip","columns":"adder_result_expanded[36];is_equal_clip"}
]}
]}
