{"assertion_items"
:[{"expanded":false,"Exclusion Rule Type":"None","UNR":"none","title":"c_wfi_wake_mstatus_mie_1","All Average Grd":"100%","Assertion Status Grd":"n/a","Enclosing Entity":"uvmt_cv32_tb.dut_wrap.cv32e40p_wrapper_i.core_i.interrupt_assert_i.gen_wfi_cov[18].genblk1","Source":"      c_wfi_wake_mstatus_mie_1: cover property(p_wfi_wake_mstatus_mie(gv_i, 1));"}
,{"expanded":false,"Exclusion Rule Type":"None","UNR":"none","title":"c_wfi_wake_mstatus_mie_0","All Average Grd":"100%","Assertion Status Grd":"n/a","Enclosing Entity":"uvmt_cv32_tb.dut_wrap.cv32e40p_wrapper_i.core_i.interrupt_assert_i.gen_wfi_cov[18].genblk1","Source":"      c_wfi_wake_mstatus_mie_0: cover property(p_wfi_wake_mstatus_mie(gv_i, 0));"}
]}
