{
"block_items":[{"expanded":false,"Exclusion Rule Type":"None","UNR":"none","Index":"1","Blk Type":"code block","Src Start Line":"123","Score":"1","Enclosing Entity":"uvmt_cv32_tb.dut_wrap.cv32e40p_wrapper_i.core_i.ex_stage_i.alu_i.alu_div_i","Source":"  begin : p_fsm"}
,{"expanded":false,"Exclusion Rule Type":"None","UNR":"none","Index":"2","Blk Type":"a case item of","Src Start Line":"137","Score":"1","Enclosing Entity":"uvmt_cv32_tb.dut_wrap.cv32e40p_wrapper_i.core_i.ex_stage_i.alu_i.alu_div_i","Source":"      IDLE: begin"}
,{"expanded":false,"Exclusion Rule Type":"None","UNR":"none","Index":"3","Blk Type":"true part of","Src Start Line":"140","Score":"1","Enclosing Entity":"uvmt_cv32_tb.dut_wrap.cv32e40p_wrapper_i.core_i.ex_stage_i.alu_i.alu_div_i","Source":"        if(InVld_SI) begin"}
,{"expanded":false,"Exclusion Rule Type":"None","UNR":"none","Index":"4","Blk Type":"implicit else","Src Start Line":"140","Score":"1","Enclosing Entity":"uvmt_cv32_tb.dut_wrap.cv32e40p_wrapper_i.core_i.ex_stage_i.alu_i.alu_div_i","Source":"        if(InVld_SI) begin"}
,{"expanded":false,"Exclusion Rule Type":"None","UNR":"none","Index":"5","Blk Type":"a case item of","Src Start Line":"149","Score":"1","Enclosing Entity":"uvmt_cv32_tb.dut_wrap.cv32e40p_wrapper_i.core_i.ex_stage_i.alu_i.alu_div_i","Source":"      DIVIDE: begin"}
,{"expanded":false,"Exclusion Rule Type":"None","UNR":"none","Index":"6","Blk Type":"true part of","Src Start Line":"157","Score":"1","Enclosing Entity":"uvmt_cv32_tb.dut_wrap.cv32e40p_wrapper_i.core_i.ex_stage_i.alu_i.alu_div_i","Source":"        if (CntZero_S) begin"}
,{"expanded":false,"Exclusion Rule Type":"None","UNR":"none","Index":"7","Blk Type":"implicit else","Src Start Line":"157","Score":"1","Enclosing Entity":"uvmt_cv32_tb.dut_wrap.cv32e40p_wrapper_i.core_i.ex_stage_i.alu_i.alu_div_i","Source":"        if (CntZero_S) begin"}
,{"expanded":false,"Exclusion Rule Type":"None","UNR":"none","Index":"8","Blk Type":"a case item of","Src Start Line":"162","Score":"1","Enclosing Entity":"uvmt_cv32_tb.dut_wrap.cv32e40p_wrapper_i.core_i.ex_stage_i.alu_i.alu_div_i","Source":"      FINISH: begin"}
,{"expanded":false,"Exclusion Rule Type":"None","UNR":"none","Index":"9","Blk Type":"true part of","Src Start Line":"165","Score":"1","Enclosing Entity":"uvmt_cv32_tb.dut_wrap.cv32e40p_wrapper_i.core_i.ex_stage_i.alu_i.alu_div_i","Source":"        if(OutRdy_SI) begin"}
,{"expanded":false,"Exclusion Rule Type":"None","UNR":"none","Index":"10","Blk Type":"implicit else","Src Start Line":"165","Score":"1","Enclosing Entity":"uvmt_cv32_tb.dut_wrap.cv32e40p_wrapper_i.core_i.ex_stage_i.alu_i.alu_div_i","Source":"        if(OutRdy_SI) begin"}
,{"expanded":false,"Exclusion Rule Type":"None","UNR":"none","Index":"11","Blk Type":"a case item of","Src Start Line":"170","Score":"1","Enclosing Entity":"uvmt_cv32_tb.dut_wrap.cv32e40p_wrapper_i.core_i.ex_stage_i.alu_i.alu_div_i","Source":"      default : /* default */ ;"}
,{"expanded":false,"Exclusion Rule Type":"None","UNR":"none","Index":"12","Blk Type":"code block","Src Start Line":"190","Score":"1","Enclosing Entity":"uvmt_cv32_tb.dut_wrap.cv32e40p_wrapper_i.core_i.ex_stage_i.alu_i.alu_div_i","Source":"  always_ff @(posedge Clk_CI or negedge Rst_RBI) begin : p_regs"}
,{"expanded":false,"Exclusion Rule Type":"None","UNR":"none","Index":"13","Blk Type":"true part of","Src Start Line":"191","Score":"1","Enclosing Entity":"uvmt_cv32_tb.dut_wrap.cv32e40p_wrapper_i.core_i.ex_stage_i.alu_i.alu_div_i","Source":"    if(~Rst_RBI) begin"}
,{"expanded":false,"Exclusion Rule Type":"None","UNR":"none","Index":"14","Blk Type":"false part of","Src Start Line":"200","Score":"1","Enclosing Entity":"uvmt_cv32_tb.dut_wrap.cv32e40p_wrapper_i.core_i.ex_stage_i.alu_i.alu_div_i","Source":"    end else begin"}
,{"expanded":false,"Exclusion Rule Type":"None","UNR":"none","Index":"15","Blk Type":"code block","Src Start Line":"218","Score":"1","Enclosing Entity":"uvmt_cv32_tb.dut_wrap.cv32e40p_wrapper_i.core_i.ex_stage_i.alu_i.alu_div_i","Source":"  begin : p_assertions"}
],"assertion_items"
:[{"expanded":false,"Exclusion Rule Type":"None","UNR":"none","title":"p_assertions.__assert_1","All Average Grd":"100%","Assertion Status Grd":"100%","Enclosing Entity":"uvmt_cv32_tb.dut_wrap.cv32e40p_wrapper_i.core_i.ex_stage_i.alu_i.alu_div_i","Source":"    assert (C_LOG_WIDTH == $clog2(C_WIDTH+1)) else $error(\"C_LOG_WIDTH must be $clog2(C_WIDTH+1)\");"}
],"fsm_items"
:[{"expanded":false,"Exclusion Rule Type":"None","UNR":"none","title":"State_SP","State Average Grd":"100%","Trans Average Grd":"100%","Arc Average Grd":"n/a","Enclosing Entity":"uvmt_cv32_tb.dut_wrap.cv32e40p_wrapper_i.core_i.ex_stage_i.alu_i.alu_div_i","Source":"  enum logic [1:0] {IDLE, DIVIDE, FINISH} State_SN, State_SP;"
,"subitems":[{"expanded":false,"Exclusion Rule Type":"None","UNR":"none","title":"IDLE","Encoding":"00","Score":"8817805","Is Reset State":"true","Source":"      IDLE: begin"}
,{"expanded":false,"Exclusion Rule Type":"None","UNR":"none","title":"DIVIDE","Encoding":"01","Score":"8815169","Is Reset State":"false","Source":"      DIVIDE: begin"}
,{"expanded":false,"Exclusion Rule Type":"None","UNR":"none","title":"FINISH","Encoding":"10","Score":"8815166","Is Reset State":"false","Source":"      FINISH: begin"}
]
,"subitems1":[{"expanded":false,"Exclusion Rule Type":"None","UNR":"none","Index":"0","From State title":"IDLE","To State title":"DIVIDE","Score":"8815169","Is Reset Trans":"false"
,"subitems":[]}
,{"expanded":false,"Exclusion Rule Type":"None","UNR":"none","Index":"1","From State title":"DIVIDE","To State title":"FINISH","Score":"8815166","Is Reset Trans":"false"
,"subitems":[]}
,{"expanded":false,"Exclusion Rule Type":"None","UNR":"none","Index":"2","From State title":"FINISH","To State title":"IDLE","Score":"8815166","Is Reset Trans":"false"
,"subitems":[]}
]}
]}
