{
"block_items":[{"expanded":false,"Exclusion Rule Type":"None","UNR":"none","Index":"1","Blk Type":"code block","Src Start Line":"140","Score":"1","Enclosing Entity":"uvmt_cv32_tb.dut_wrap.cv32e40p_wrapper_i.core_i.sleep_unit_i","Source":"  begin"}
,{"expanded":false,"Exclusion Rule Type":"None","UNR":"none","Index":"2","Blk Type":"true part of","Src Start Line":"141","Score":"1","Enclosing Entity":"uvmt_cv32_tb.dut_wrap.cv32e40p_wrapper_i.core_i.sleep_unit_i","Source":"    if (rst_n == 1'b0) begin"}
,{"expanded":false,"Exclusion Rule Type":"None","UNR":"none","Index":"3","Blk Type":"false part of","Src Start Line":"145","Score":"1","Enclosing Entity":"uvmt_cv32_tb.dut_wrap.cv32e40p_wrapper_i.core_i.sleep_unit_i","Source":"    end else begin"}
],"assertion_items"
:[{"expanded":false,"Exclusion Rule Type":"None","UNR":"none","title":"a_clock_en_2","All Average Grd":"100%","Assertion Status Grd":"100%","Enclosing Entity":"uvmt_cv32_tb.dut_wrap.cv32e40p_wrapper_i.core_i.sleep_unit_i","Source":"  a_clock_en_2 : assert property(p_clock_en_2);"}
,{"expanded":false,"Exclusion Rule Type":"None","UNR":"none","title":"a_clock_en_1","All Average Grd":"100%","Assertion Status Grd":"100%","Enclosing Entity":"uvmt_cv32_tb.dut_wrap.cv32e40p_wrapper_i.core_i.sleep_unit_i","Source":"  a_clock_en_1 : assert property(p_clock_en_1);"}
,{"expanded":false,"Exclusion Rule Type":"None","UNR":"none","title":"a_clock_en_0","All Average Grd":"100%","Assertion Status Grd":"100%","Enclosing Entity":"uvmt_cv32_tb.dut_wrap.cv32e40p_wrapper_i.core_i.sleep_unit_i","Source":"  a_clock_en_0 : assert property(p_clock_en_0);"}
]}
