{
"block_items":[{"expanded":false,"Exclusion Rule Type":"None","UNR":"none","Index":"1","Blk Type":"code block","Src Start Line":"213","Score":"1","Enclosing Entity":"uvmt_cv32_tb.dut_wrap.cv32e40p_wrapper_i.core_i.interrupt_assert_i","Source":"  always @* begin"}
,{"expanded":false,"Exclusion Rule Type":"None","UNR":"none","Index":"2","Blk Type":"a case item of","Src Start Line":"217","Score":"1","Enclosing Entity":"uvmt_cv32_tb.dut_wrap.cv32e40p_wrapper_i.core_i.interrupt_assert_i","Source":"      19'b1???_????_????_????_???: begin next_irq = 'd31; next_irq_valid = '1; end"}
,{"expanded":false,"Exclusion Rule Type":"None","UNR":"none","Index":"3","Blk Type":"a case item of","Src Start Line":"218","Score":"1","Enclosing Entity":"uvmt_cv32_tb.dut_wrap.cv32e40p_wrapper_i.core_i.interrupt_assert_i","Source":"      19'b01??_????_????_????_???: begin next_irq = 'd30; next_irq_valid = '1; end"}
,{"expanded":false,"Exclusion Rule Type":"None","UNR":"none","Index":"4","Blk Type":"a case item of","Src Start Line":"219","Score":"1","Enclosing Entity":"uvmt_cv32_tb.dut_wrap.cv32e40p_wrapper_i.core_i.interrupt_assert_i","Source":"      19'b001?_????_????_????_???: begin next_irq = 'd29; next_irq_valid = '1; end"}
,{"expanded":false,"Exclusion Rule Type":"None","UNR":"none","Index":"5","Blk Type":"a case item of","Src Start Line":"220","Score":"1","Enclosing Entity":"uvmt_cv32_tb.dut_wrap.cv32e40p_wrapper_i.core_i.interrupt_assert_i","Source":"      19'b0001_????_????_????_???: begin next_irq = 'd28; next_irq_valid = '1; end"}
,{"expanded":false,"Exclusion Rule Type":"None","UNR":"none","Index":"6","Blk Type":"a case item of","Src Start Line":"221","Score":"1","Enclosing Entity":"uvmt_cv32_tb.dut_wrap.cv32e40p_wrapper_i.core_i.interrupt_assert_i","Source":"      19'b0000_1???_????_????_???: begin next_irq = 'd27; next_irq_valid = '1; end"}
,{"expanded":false,"Exclusion Rule Type":"None","UNR":"none","Index":"7","Blk Type":"a case item of","Src Start Line":"222","Score":"1","Enclosing Entity":"uvmt_cv32_tb.dut_wrap.cv32e40p_wrapper_i.core_i.interrupt_assert_i","Source":"      19'b0000_01??_????_????_???: begin next_irq = 'd26; next_irq_valid = '1; end"}
,{"expanded":false,"Exclusion Rule Type":"None","UNR":"none","Index":"8","Blk Type":"a case item of","Src Start Line":"223","Score":"1","Enclosing Entity":"uvmt_cv32_tb.dut_wrap.cv32e40p_wrapper_i.core_i.interrupt_assert_i","Source":"      19'b0000_001?_????_????_???: begin next_irq = 'd25; next_irq_valid = '1; end"}
,{"expanded":false,"Exclusion Rule Type":"None","UNR":"none","Index":"9","Blk Type":"a case item of","Src Start Line":"224","Score":"1","Enclosing Entity":"uvmt_cv32_tb.dut_wrap.cv32e40p_wrapper_i.core_i.interrupt_assert_i","Source":"      19'b0000_0001_????_????_???: begin next_irq = 'd24; next_irq_valid = '1; end"}
,{"expanded":false,"Exclusion Rule Type":"None","UNR":"none","Index":"10","Blk Type":"a case item of","Src Start Line":"225","Score":"1","Enclosing Entity":"uvmt_cv32_tb.dut_wrap.cv32e40p_wrapper_i.core_i.interrupt_assert_i","Source":"      19'b0000_0000_1???_????_???: begin next_irq = 'd23; next_irq_valid = '1; end"}
,{"expanded":false,"Exclusion Rule Type":"None","UNR":"none","Index":"11","Blk Type":"a case item of","Src Start Line":"226","Score":"1","Enclosing Entity":"uvmt_cv32_tb.dut_wrap.cv32e40p_wrapper_i.core_i.interrupt_assert_i","Source":"      19'b0000_0000_01??_????_???: begin next_irq = 'd22; next_irq_valid = '1; end"}
,{"expanded":false,"Exclusion Rule Type":"None","UNR":"none","Index":"12","Blk Type":"a case item of","Src Start Line":"227","Score":"1","Enclosing Entity":"uvmt_cv32_tb.dut_wrap.cv32e40p_wrapper_i.core_i.interrupt_assert_i","Source":"      19'b0000_0000_001?_????_???: begin next_irq = 'd21; next_irq_valid = '1; end"}
,{"expanded":false,"Exclusion Rule Type":"None","UNR":"none","Index":"13","Blk Type":"a case item of","Src Start Line":"228","Score":"1","Enclosing Entity":"uvmt_cv32_tb.dut_wrap.cv32e40p_wrapper_i.core_i.interrupt_assert_i","Source":"      19'b0000_0000_0001_????_???: begin next_irq = 'd20; next_irq_valid = '1; end"}
,{"expanded":false,"Exclusion Rule Type":"None","UNR":"none","Index":"14","Blk Type":"a case item of","Src Start Line":"229","Score":"1","Enclosing Entity":"uvmt_cv32_tb.dut_wrap.cv32e40p_wrapper_i.core_i.interrupt_assert_i","Source":"      19'b0000_0000_0000_1???_???: begin next_irq = 'd19; next_irq_valid = '1; end"}
,{"expanded":false,"Exclusion Rule Type":"None","UNR":"none","Index":"15","Blk Type":"a case item of","Src Start Line":"230","Score":"1","Enclosing Entity":"uvmt_cv32_tb.dut_wrap.cv32e40p_wrapper_i.core_i.interrupt_assert_i","Source":"      19'b0000_0000_0000_01??_???: begin next_irq = 'd18; next_irq_valid = '1; end"}
,{"expanded":false,"Exclusion Rule Type":"None","UNR":"none","Index":"16","Blk Type":"a case item of","Src Start Line":"231","Score":"1","Enclosing Entity":"uvmt_cv32_tb.dut_wrap.cv32e40p_wrapper_i.core_i.interrupt_assert_i","Source":"      19'b0000_0000_0000_001?_???: begin next_irq = 'd17; next_irq_valid = '1; end"}
,{"expanded":false,"Exclusion Rule Type":"None","UNR":"none","Index":"17","Blk Type":"a case item of","Src Start Line":"232","Score":"1","Enclosing Entity":"uvmt_cv32_tb.dut_wrap.cv32e40p_wrapper_i.core_i.interrupt_assert_i","Source":"      19'b0000_0000_0000_0001_???: begin next_irq = 'd16; next_irq_valid = '1; end"}
,{"expanded":false,"Exclusion Rule Type":"None","UNR":"none","Index":"18","Blk Type":"a case item of","Src Start Line":"233","Score":"1","Enclosing Entity":"uvmt_cv32_tb.dut_wrap.cv32e40p_wrapper_i.core_i.interrupt_assert_i","Source":"      19'b0000_0000_0000_0000_1??: begin next_irq = 'd11; next_irq_valid = '1; end"}
,{"expanded":false,"Exclusion Rule Type":"None","UNR":"none","Index":"19","Blk Type":"a case item of","Src Start Line":"234","Score":"1","Enclosing Entity":"uvmt_cv32_tb.dut_wrap.cv32e40p_wrapper_i.core_i.interrupt_assert_i","Source":"      19'b0000_0000_0000_0000_01?: begin next_irq = 'd3; next_irq_valid = '1; end"}
,{"expanded":false,"Exclusion Rule Type":"None","UNR":"none","Index":"20","Blk Type":"a case item of","Src Start Line":"235","Score":"1","Enclosing Entity":"uvmt_cv32_tb.dut_wrap.cv32e40p_wrapper_i.core_i.interrupt_assert_i","Source":"      19'b0000_0000_0000_0000_001: begin next_irq = 'd7; next_irq_valid = '1; end"}
,{"expanded":false,"Exclusion Rule Type":"None","UNR":"none","Index":"21","Blk Type":"implicit default","Src Start Line":"216","Score":"1","Enclosing Entity":"uvmt_cv32_tb.dut_wrap.cv32e40p_wrapper_i.core_i.interrupt_assert_i","Source":"    casex ({pending_enabled_irq_q[31:16], pending_enabled_irq_q[11], pending_enabled_irq_q[3], pending_enabled_irq_q[7]})"}
,{"expanded":false,"Exclusion Rule Type":"None","UNR":"none","Index":"22","Blk Type":"code block","Src Start Line":"239","Score":"1","Enclosing Entity":"uvmt_cv32_tb.dut_wrap.cv32e40p_wrapper_i.core_i.interrupt_assert_i","Source":"  always @(posedge clk_i or negedge rst_ni) begin"}
,{"expanded":false,"Exclusion Rule Type":"None","UNR":"none","Index":"23","Blk Type":"true part of","Src Start Line":"240","Score":"1","Enclosing Entity":"uvmt_cv32_tb.dut_wrap.cv32e40p_wrapper_i.core_i.interrupt_assert_i","Source":"    if (!rst_ni) begin"}
,{"expanded":false,"Exclusion Rule Type":"None","UNR":"none","Index":"24","Blk Type":"false part of","Src Start Line":"246","Score":"1","Enclosing Entity":"uvmt_cv32_tb.dut_wrap.cv32e40p_wrapper_i.core_i.interrupt_assert_i","Source":"    else begin"}
,{"expanded":false,"Exclusion Rule Type":"None","UNR":"none","Index":"25","Blk Type":"code block","Src Start Line":"254","Score":"1","Enclosing Entity":"uvmt_cv32_tb.dut_wrap.cv32e40p_wrapper_i.core_i.interrupt_assert_i","Source":"  always @(posedge clk_i or negedge rst_ni) begin"}
,{"expanded":false,"Exclusion Rule Type":"None","UNR":"none","Index":"26","Blk Type":"true part of","Src Start Line":"256","Score":"1","Enclosing Entity":"uvmt_cv32_tb.dut_wrap.cv32e40p_wrapper_i.core_i.interrupt_assert_i","Source":"      expected_irq <= 0;"}
,{"expanded":false,"Exclusion Rule Type":"None","UNR":"none","Index":"27","Blk Type":"false part of","Src Start Line":"258","Score":"1","Enclosing Entity":"uvmt_cv32_tb.dut_wrap.cv32e40p_wrapper_i.core_i.interrupt_assert_i","Source":"      expected_irq <= next_irq_q;"}
,{"expanded":false,"Exclusion Rule Type":"None","UNR":"none","Index":"28","Blk Type":"code block","Src Start Line":"288","Score":"1","Enclosing Entity":"uvmt_cv32_tb.dut_wrap.cv32e40p_wrapper_i.core_i.interrupt_assert_i","Source":"    if (!rst_ni)"}
,{"expanded":false,"Exclusion Rule Type":"None","UNR":"none","Index":"29","Blk Type":"true part of","Src Start Line":"289","Score":"1","Enclosing Entity":"uvmt_cv32_tb.dut_wrap.cv32e40p_wrapper_i.core_i.interrupt_assert_i","Source":"      first <= 1'b1;"}
,{"expanded":false,"Exclusion Rule Type":"None","UNR":"none","Index":"30","Blk Type":"false part of","Src Start Line":"291","Score":"1","Enclosing Entity":"uvmt_cv32_tb.dut_wrap.cv32e40p_wrapper_i.core_i.interrupt_assert_i","Source":"      first <= 1'b0;"}
,{"expanded":false,"Exclusion Rule Type":"None","UNR":"none","Index":"31","Blk Type":"code block","Src Start Line":"316","Score":"1","Enclosing Entity":"uvmt_cv32_tb.dut_wrap.cv32e40p_wrapper_i.core_i.interrupt_assert_i","Source":"  always @(posedge clk_i or negedge rst_ni) begin"}
,{"expanded":false,"Exclusion Rule Type":"None","UNR":"none","Index":"32","Blk Type":"true part of","Src Start Line":"317","Score":"1","Enclosing Entity":"uvmt_cv32_tb.dut_wrap.cv32e40p_wrapper_i.core_i.interrupt_assert_i","Source":"    if (!rst_ni) begin"}
,{"expanded":false,"Exclusion Rule Type":"None","UNR":"none","Index":"33","Blk Type":"false part of","Src Start Line":"320","Score":"1","Enclosing Entity":"uvmt_cv32_tb.dut_wrap.cv32e40p_wrapper_i.core_i.interrupt_assert_i","Source":"    else if (id_stage_instr_valid_i) begin"}
,{"expanded":false,"Exclusion Rule Type":"None","UNR":"none","Index":"34","Blk Type":"true part of","Src Start Line":"320","Score":"1","Enclosing Entity":"uvmt_cv32_tb.dut_wrap.cv32e40p_wrapper_i.core_i.interrupt_assert_i","Source":"    else if (id_stage_instr_valid_i) begin"}
,{"expanded":false,"Exclusion Rule Type":"None","UNR":"none","Index":"35","Blk Type":"implicit else","Src Start Line":"320","Score":"1","Enclosing Entity":"uvmt_cv32_tb.dut_wrap.cv32e40p_wrapper_i.core_i.interrupt_assert_i","Source":"    else if (id_stage_instr_valid_i) begin"}
,{"expanded":false,"Exclusion Rule Type":"None","UNR":"none","Index":"36","Blk Type":"code block","Src Start Line":"331","Score":"1","Enclosing Entity":"uvmt_cv32_tb.dut_wrap.cv32e40p_wrapper_i.core_i.interrupt_assert_i","Source":"  always @(posedge clk_i or negedge rst_ni) begin"}
,{"expanded":false,"Exclusion Rule Type":"None","UNR":"none","Index":"37","Blk Type":"true part of","Src Start Line":"332","Score":"1","Enclosing Entity":"uvmt_cv32_tb.dut_wrap.cv32e40p_wrapper_i.core_i.interrupt_assert_i","Source":"    if (!rst_ni) begin"}
,{"expanded":false,"Exclusion Rule Type":"None","UNR":"none","Index":"38","Blk Type":"false part of","Src Start Line":"335","Score":"1","Enclosing Entity":"uvmt_cv32_tb.dut_wrap.cv32e40p_wrapper_i.core_i.interrupt_assert_i","Source":"    else begin"}
,{"expanded":false,"Exclusion Rule Type":"None","UNR":"none","Index":"39","Blk Type":"true part of","Src Start Line":"337","Score":"1","Enclosing Entity":"uvmt_cv32_tb.dut_wrap.cv32e40p_wrapper_i.core_i.interrupt_assert_i","Source":"        in_wfi <= 1'b1;"}
,{"expanded":false,"Exclusion Rule Type":"None","UNR":"none","Index":"40","Blk Type":"false part of","Src Start Line":"338","Score":"1","Enclosing Entity":"uvmt_cv32_tb.dut_wrap.cv32e40p_wrapper_i.core_i.interrupt_assert_i","Source":"      else if (|pending_enabled_irq || debug_req_i)"}
,{"expanded":false,"Exclusion Rule Type":"None","UNR":"none","Index":"41","Blk Type":"true part of","Src Start Line":"339","Score":"1","Enclosing Entity":"uvmt_cv32_tb.dut_wrap.cv32e40p_wrapper_i.core_i.interrupt_assert_i","Source":"        in_wfi <= 1'b0;"}
,{"expanded":false,"Exclusion Rule Type":"None","UNR":"none","Index":"42","Blk Type":"implicit else","Src Start Line":"338","Score":"1","Enclosing Entity":"uvmt_cv32_tb.dut_wrap.cv32e40p_wrapper_i.core_i.interrupt_assert_i","Source":"      else if (|pending_enabled_irq || debug_req_i)"}
],"assertion_items"
:[{"expanded":false,"Exclusion Rule Type":"None","UNR":"none","title":"a_wfi_wake_to_instr_fetch","All Average Grd":"100%","Assertion Status Grd":"100%","Enclosing Entity":"uvmt_cv32_tb.dut_wrap.cv32e40p_wrapper_i.core_i.interrupt_assert_i","Source":"  a_wfi_wake_to_instr_fetch: assert property(p_wfi_wake_to_instr_fetch)"}
,{"expanded":false,"Exclusion Rule Type":"None","UNR":"none","title":"a_wfi_deassert_core_sleep_o","All Average Grd":"100%","Assertion Status Grd":"100%","Enclosing Entity":"uvmt_cv32_tb.dut_wrap.cv32e40p_wrapper_i.core_i.interrupt_assert_i","Source":"  a_wfi_deassert_core_sleep_o: assert property(p_wfi_deassert_core_sleep_o) "}
,{"expanded":false,"Exclusion Rule Type":"None","UNR":"none","title":"a_core_sleep_deassert","All Average Grd":"100%","Assertion Status Grd":"100%","Enclosing Entity":"uvmt_cv32_tb.dut_wrap.cv32e40p_wrapper_i.core_i.interrupt_assert_i","Source":"  a_core_sleep_deassert: assert property(p_core_sleep_deassert)"}
,{"expanded":false,"Exclusion Rule Type":"None","UNR":"none","title":"a_wfi_assert_core_sleep_o","All Average Grd":"100%","Assertion Status Grd":"100%","Enclosing Entity":"uvmt_cv32_tb.dut_wrap.cv32e40p_wrapper_i.core_i.interrupt_assert_i","Source":"  a_wfi_assert_core_sleep_o: assert property(p_wfi_assert_core_sleep_o)"}
,{"expanded":false,"Exclusion Rule Type":"None","UNR":"none","title":"a_mip_not_reserved","All Average Grd":"100%","Assertion Status Grd":"100%","Enclosing Entity":"uvmt_cv32_tb.dut_wrap.cv32e40p_wrapper_i.core_i.interrupt_assert_i","Source":"  a_mip_not_reserved: assert property(p_mip_not_reserved)"}
,{"expanded":false,"Exclusion Rule Type":"None","UNR":"none","title":"a_mip_irq_i","All Average Grd":"100%","Assertion Status Grd":"100%","Enclosing Entity":"uvmt_cv32_tb.dut_wrap.cv32e40p_wrapper_i.core_i.interrupt_assert_i","Source":"  a_mip_irq_i: assert property(p_mip_irq_i)"}
,{"expanded":false,"Exclusion Rule Type":"None","UNR":"none","title":"a_irq_expected","All Average Grd":"100%","Assertion Status Grd":"100%","Enclosing Entity":"uvmt_cv32_tb.dut_wrap.cv32e40p_wrapper_i.core_i.interrupt_assert_i","Source":"  a_irq_expected: assert property(p_irq_expected)"}
,{"expanded":false,"Exclusion Rule Type":"None","UNR":"none","title":"a_irq_arb","All Average Grd":"100%","Assertion Status Grd":"100%","Enclosing Entity":"uvmt_cv32_tb.dut_wrap.cv32e40p_wrapper_i.core_i.interrupt_assert_i","Source":"  a_irq_arb: assert property(p_irq_arb)"}
,{"expanded":false,"Exclusion Rule Type":"None","UNR":"none","title":"a_irq_id_o_mstatus_mie_enabled","All Average Grd":"100%","Assertion Status Grd":"100%","Enclosing Entity":"uvmt_cv32_tb.dut_wrap.cv32e40p_wrapper_i.core_i.interrupt_assert_i","Source":"  a_irq_id_o_mstatus_mie_enabled: assert property(p_irq_id_o_mstatus_mie_enabled)"}
,{"expanded":false,"Exclusion Rule Type":"None","UNR":"none","title":"a_irq_id_o_mie_enabled","All Average Grd":"100%","Assertion Status Grd":"100%","Enclosing Entity":"uvmt_cv32_tb.dut_wrap.cv32e40p_wrapper_i.core_i.interrupt_assert_i","Source":"  a_irq_id_o_mie_enabled: assert property(p_irq_id_o_mie_enabled)"}
,{"expanded":false,"Exclusion Rule Type":"None","UNR":"none","title":"a_irq_id_o_not_reserved","All Average Grd":"100%","Assertion Status Grd":"100%","Enclosing Entity":"uvmt_cv32_tb.dut_wrap.cv32e40p_wrapper_i.core_i.interrupt_assert_i","Source":"  a_irq_id_o_not_reserved: assert property(p_irq_id_o_not_reserved)"}
,{"expanded":false,"Exclusion Rule Type":"None","UNR":"none","title":"a_irq_ack_o_pulse","All Average Grd":"100%","Assertion Status Grd":"100%","Enclosing Entity":"uvmt_cv32_tb.dut_wrap.cv32e40p_wrapper_i.core_i.interrupt_assert_i","Source":"  a_irq_ack_o_pulse: assert property(p_irq_ack_o_pulse)"}
]
,"expression_items":[{"expanded":false,"expanded":false,"Exclusion Rule Type":"None","UNR":"none","Index":"1","All Average Grd":"100%","All Cov":"3 / 3 (100%)","Src Start Line":"338","Enclosing Entity":"uvmt_cv32_tb.dut_wrap.cv32e40p_wrapper_i.core_i.interrupt_assert_i","Source":"      else if (|pending_enabled_irq || debug_req_i)"
,"subitems":[{"expanded":false,"expanded":false,"Exclusion Rule Type":"None","UNR":"none","Index":"1","All Average Grd":"100%","All Cov":"3 / 3 (100%)","Source":"      else if (|pending_enabled_irq || debug_req_i)","table_type":"cov"
,"subitems":[{"title":"1;-","expanded":false,"Exclusion Rule Type":"None","UNR":"none","Score":"1","Out":"n/a"}
,{"title":"-;1","expanded":false,"Exclusion Rule Type":"None","UNR":"none","Score":"1","Out":"n/a"}
,{"title":"0;0","expanded":false,"Exclusion Rule Type":"None","UNR":"none","Score":"1","Out":"n/a"}
],"cov_table_title":"Coverage Table","header":"(| pending_enabled_irq) || debug_req_i","columns":"(| pending_enabled_irq);debug_req_i"}
]}
]}
