{
"block_items":[{"expanded":false,"Exclusion Rule Type":"None","UNR":"none","Index":"1","Blk Type":"code block","Src Start Line":"1197","Score":"1","Enclosing Entity":"uvmt_cv32_tb.dut_wrap.cv32e40p_wrapper_i.core_i.genblk4","Source":"    begin"}
,{"expanded":false,"Exclusion Rule Type":"None","UNR":"none","Index":"2","Blk Type":"true part of","Src Start Line":"1198","Score":"1","Enclosing Entity":"uvmt_cv32_tb.dut_wrap.cv32e40p_wrapper_i.core_i.genblk4","Source":"      if (rst_ni == 1'b0) begin"}
,{"expanded":false,"Exclusion Rule Type":"None","UNR":"none","Index":"3","Blk Type":"false part of","Src Start Line":"1206","Score":"1","Enclosing Entity":"uvmt_cv32_tb.dut_wrap.cv32e40p_wrapper_i.core_i.genblk4","Source":"      else begin"}
,{"expanded":false,"Exclusion Rule Type":"None","UNR":"none","Index":"4","Blk Type":"true part of","Src Start Line":"1207","Score":"1","Enclosing Entity":"uvmt_cv32_tb.dut_wrap.cv32e40p_wrapper_i.core_i.genblk4","Source":"        if (!first_illegal_found && is_decoding && id_valid && id_stage_i.illegal_insn_dec && !id_stage_i.controller_i.debug_mode_n) begin"}
,{"expanded":false,"Exclusion Rule Type":"None","UNR":"none","Index":"5","Blk Type":"implicit else","Src Start Line":"1207","Score":"1","Enclosing Entity":"uvmt_cv32_tb.dut_wrap.cv32e40p_wrapper_i.core_i.genblk4","Source":"        if (!first_illegal_found && is_decoding && id_valid && id_stage_i.illegal_insn_dec && !id_stage_i.controller_i.debug_mode_n) begin"}
,{"expanded":false,"Exclusion Rule Type":"None","UNR":"none","Index":"6","Blk Type":"code block","Src Start Line":"1211","Score":"1","Enclosing Entity":"uvmt_cv32_tb.dut_wrap.cv32e40p_wrapper_i.core_i.genblk4","Source":"        if (!first_ecall_found && is_decoding && id_valid && id_stage_i.ecall_insn_dec && !id_stage_i.controller_i.debug_mode_n) begin"}
,{"expanded":false,"Exclusion Rule Type":"None","UNR":"none","Index":"7","Blk Type":"true part of","Src Start Line":"1211","Score":"1","Enclosing Entity":"uvmt_cv32_tb.dut_wrap.cv32e40p_wrapper_i.core_i.genblk4","Source":"        if (!first_ecall_found && is_decoding && id_valid && id_stage_i.ecall_insn_dec && !id_stage_i.controller_i.debug_mode_n) begin"}
,{"expanded":false,"Exclusion Rule Type":"None","UNR":"none","Index":"8","Blk Type":"implicit else","Src Start Line":"1211","Score":"1","Enclosing Entity":"uvmt_cv32_tb.dut_wrap.cv32e40p_wrapper_i.core_i.genblk4","Source":"        if (!first_ecall_found && is_decoding && id_valid && id_stage_i.ecall_insn_dec && !id_stage_i.controller_i.debug_mode_n) begin"}
,{"expanded":false,"Exclusion Rule Type":"None","UNR":"none","Index":"9","Blk Type":"code block","Src Start Line":"1215","Score":"1","Enclosing Entity":"uvmt_cv32_tb.dut_wrap.cv32e40p_wrapper_i.core_i.genblk4","Source":"        if (!first_ebrk_found && is_decoding && id_valid && id_stage_i.ebrk_insn && (id_stage_i.controller_i.ctrl_fsm_ns != DBG_FLUSH)) begin"}
,{"expanded":false,"Exclusion Rule Type":"None","UNR":"none","Index":"10","Blk Type":"true part of","Src Start Line":"1215","Score":"1","Enclosing Entity":"uvmt_cv32_tb.dut_wrap.cv32e40p_wrapper_i.core_i.genblk4","Source":"        if (!first_ebrk_found && is_decoding && id_valid && id_stage_i.ebrk_insn && (id_stage_i.controller_i.ctrl_fsm_ns != DBG_FLUSH)) begin"}
,{"expanded":false,"Exclusion Rule Type":"None","UNR":"none","Index":"11","Blk Type":"implicit else","Src Start Line":"1215","Score":"1","Enclosing Entity":"uvmt_cv32_tb.dut_wrap.cv32e40p_wrapper_i.core_i.genblk4","Source":"        if (!first_ebrk_found && is_decoding && id_valid && id_stage_i.ebrk_insn && (id_stage_i.controller_i.ctrl_fsm_ns != DBG_FLUSH)) begin"}
,{"expanded":false,"Exclusion Rule Type":"None","UNR":"none","Index":"12","Blk Type":"code block","Src Start Line":"1231","Score":"1","Enclosing Entity":"uvmt_cv32_tb.dut_wrap.cv32e40p_wrapper_i.core_i.genblk4","Source":"    begin"}
,{"expanded":false,"Exclusion Rule Type":"None","UNR":"none","Index":"13","Blk Type":"true part of","Src Start Line":"1232","Score":"1","Enclosing Entity":"uvmt_cv32_tb.dut_wrap.cv32e40p_wrapper_i.core_i.genblk4","Source":"      if (rst_ni == 1'b0) begin"}
,{"expanded":false,"Exclusion Rule Type":"None","UNR":"none","Index":"14","Blk Type":"false part of","Src Start Line":"1240","Score":"1","Enclosing Entity":"uvmt_cv32_tb.dut_wrap.cv32e40p_wrapper_i.core_i.genblk4","Source":"      else begin"}
,{"expanded":false,"Exclusion Rule Type":"None","UNR":"none","Index":"15","Blk Type":"true part of","Src Start Line":"1241","Score":"1","Enclosing Entity":"uvmt_cv32_tb.dut_wrap.cv32e40p_wrapper_i.core_i.genblk4","Source":"        if (!first_cause_illegal_found && (cs_registers_i.csr_cause_i == {1'b0, EXC_CAUSE_ILLEGAL_INSN}) && csr_save_cause) begin"}
,{"expanded":false,"Exclusion Rule Type":"None","UNR":"none","Index":"16","Blk Type":"implicit else","Src Start Line":"1241","Score":"1","Enclosing Entity":"uvmt_cv32_tb.dut_wrap.cv32e40p_wrapper_i.core_i.genblk4","Source":"        if (!first_cause_illegal_found && (cs_registers_i.csr_cause_i == {1'b0, EXC_CAUSE_ILLEGAL_INSN}) && csr_save_cause) begin"}
,{"expanded":false,"Exclusion Rule Type":"None","UNR":"none","Index":"17","Blk Type":"code block","Src Start Line":"1245","Score":"1","Enclosing Entity":"uvmt_cv32_tb.dut_wrap.cv32e40p_wrapper_i.core_i.genblk4","Source":"        if (!first_cause_ecall_found && (cs_registers_i.csr_cause_i == {1'b0, EXC_CAUSE_ECALL_MMODE}) && csr_save_cause) begin"}
,{"expanded":false,"Exclusion Rule Type":"None","UNR":"none","Index":"18","Blk Type":"true part of","Src Start Line":"1245","Score":"1","Enclosing Entity":"uvmt_cv32_tb.dut_wrap.cv32e40p_wrapper_i.core_i.genblk4","Source":"        if (!first_cause_ecall_found && (cs_registers_i.csr_cause_i == {1'b0, EXC_CAUSE_ECALL_MMODE}) && csr_save_cause) begin"}
,{"expanded":false,"Exclusion Rule Type":"None","UNR":"none","Index":"19","Blk Type":"implicit else","Src Start Line":"1245","Score":"1","Enclosing Entity":"uvmt_cv32_tb.dut_wrap.cv32e40p_wrapper_i.core_i.genblk4","Source":"        if (!first_cause_ecall_found && (cs_registers_i.csr_cause_i == {1'b0, EXC_CAUSE_ECALL_MMODE}) && csr_save_cause) begin"}
,{"expanded":false,"Exclusion Rule Type":"None","UNR":"none","Index":"20","Blk Type":"code block","Src Start Line":"1249","Score":"1","Enclosing Entity":"uvmt_cv32_tb.dut_wrap.cv32e40p_wrapper_i.core_i.genblk4","Source":"        if (!first_cause_ebrk_found && (cs_registers_i.csr_cause_i == {1'b0, EXC_CAUSE_BREAKPOINT}) && csr_save_cause) begin"}
,{"expanded":false,"Exclusion Rule Type":"None","UNR":"none","Index":"21","Blk Type":"true part of","Src Start Line":"1249","Score":"1","Enclosing Entity":"uvmt_cv32_tb.dut_wrap.cv32e40p_wrapper_i.core_i.genblk4","Source":"        if (!first_cause_ebrk_found && (cs_registers_i.csr_cause_i == {1'b0, EXC_CAUSE_BREAKPOINT}) && csr_save_cause) begin"}
,{"expanded":false,"Exclusion Rule Type":"None","UNR":"none","Index":"22","Blk Type":"implicit else","Src Start Line":"1249","Score":"1","Enclosing Entity":"uvmt_cv32_tb.dut_wrap.cv32e40p_wrapper_i.core_i.genblk4","Source":"        if (!first_cause_ebrk_found && (cs_registers_i.csr_cause_i == {1'b0, EXC_CAUSE_BREAKPOINT}) && csr_save_cause) begin"}
],"assertion_items"
:[{"expanded":false,"Exclusion Rule Type":"None","UNR":"none","title":"a_ebrk_mepc","All Average Grd":"100%","Assertion Status Grd":"100%","Enclosing Entity":"uvmt_cv32_tb.dut_wrap.cv32e40p_wrapper_i.core_i.genblk4","Source":"    a_ebrk_mepc : assert property(p_ebrk_mepc);"}
,{"expanded":false,"Exclusion Rule Type":"None","UNR":"none","title":"a_ecall_mepc","All Average Grd":"100%","Assertion Status Grd":"100%","Enclosing Entity":"uvmt_cv32_tb.dut_wrap.cv32e40p_wrapper_i.core_i.genblk4","Source":"    a_ecall_mepc : assert property(p_ecall_mepc);"}
,{"expanded":false,"Exclusion Rule Type":"None","UNR":"none","title":"a_illegal_mepc","All Average Grd":"100%","Assertion Status Grd":"100%","Enclosing Entity":"uvmt_cv32_tb.dut_wrap.cv32e40p_wrapper_i.core_i.genblk4","Source":"    a_illegal_mepc : assert property(p_illegal_mepc);"}
]
,"expression_items":[{"expanded":false,"expanded":false,"Exclusion Rule Type":"None","UNR":"none","Index":"1","All Average Grd":"100%","All Cov":"6 / 6 (100%)","Src Start Line":"1207","Enclosing Entity":"uvmt_cv32_tb.dut_wrap.cv32e40p_wrapper_i.core_i.genblk4","Source":"        if (!first_illegal_found && is_decoding && id_valid && id_stage_i.illegal_insn_dec && !id_stage_i.controller_i.debug_mode_n) begin"
,"subitems":[{"expanded":false,"expanded":false,"Exclusion Rule Type":"None","UNR":"none","Index":"1","All Average Grd":"100%","All Cov":"6 / 6 (100%)","Source":"        if (!first_illegal_found && is_decoding && id_valid && id_stage_i.illegal_insn_dec && !id_stage_i.controller_i.debug_mode_n) begin","table_type":"cov"
,"subitems":[{"title":"0;1;1;1;0","expanded":false,"Exclusion Rule Type":"None","UNR":"none","Score":"1","Out":"1"}
,{"title":"-;-;-;-;1","expanded":false,"Exclusion Rule Type":"None","UNR":"none","Score":"1","Out":"0"}
,{"title":"-;-;-;0;-","expanded":false,"Exclusion Rule Type":"None","UNR":"none","Score":"1","Out":"0"}
,{"title":"-;-;0;-;-","expanded":false,"Exclusion Rule Type":"None","UNR":"none","Score":"1","Out":"0"}
,{"title":"-;0;-;-;-","expanded":false,"Exclusion Rule Type":"None","UNR":"none","Score":"1","Out":"0"}
,{"title":"1;-;-;-;-","expanded":false,"Exclusion Rule Type":"None","UNR":"none","Score":"1","Out":"0"}
],"cov_table_title":"Coverage Table with Output","header":"((((! first_illegal_found) && is_decoding) && id_valid) && id_stage_i.illegal_insn_dec) && (! id_stage_i.controller_i.debug_mode_n)","columns":"first_illegal_found;is_decoding;id_valid;id_stage_i.illegal_insn_dec;id_stage_i.controller_i.debug_mode_n"}
]}
,{"expanded":false,"expanded":false,"Exclusion Rule Type":"None","UNR":"none","Index":"2","All Average Grd":"100%","All Cov":"6 / 6 (100%)","Src Start Line":"1211","Enclosing Entity":"uvmt_cv32_tb.dut_wrap.cv32e40p_wrapper_i.core_i.genblk4","Source":"        if (!first_ecall_found && is_decoding && id_valid && id_stage_i.ecall_insn_dec && !id_stage_i.controller_i.debug_mode_n) begin"
,"subitems":[{"expanded":false,"expanded":false,"Exclusion Rule Type":"None","UNR":"none","Index":"1","All Average Grd":"100%","All Cov":"6 / 6 (100%)","Source":"        if (!first_ecall_found && is_decoding && id_valid && id_stage_i.ecall_insn_dec && !id_stage_i.controller_i.debug_mode_n) begin","table_type":"cov"
,"subitems":[{"title":"0;1;1;1;0","expanded":false,"Exclusion Rule Type":"None","UNR":"none","Score":"1","Out":"1"}
,{"title":"-;-;-;-;1","expanded":false,"Exclusion Rule Type":"None","UNR":"none","Score":"1","Out":"0"}
,{"title":"-;-;-;0;-","expanded":false,"Exclusion Rule Type":"None","UNR":"none","Score":"1","Out":"0"}
,{"title":"-;-;0;-;-","expanded":false,"Exclusion Rule Type":"None","UNR":"none","Score":"1","Out":"0"}
,{"title":"-;0;-;-;-","expanded":false,"Exclusion Rule Type":"None","UNR":"none","Score":"1","Out":"0"}
,{"title":"1;-;-;-;-","expanded":false,"Exclusion Rule Type":"None","UNR":"none","Score":"1","Out":"0"}
],"cov_table_title":"Coverage Table with Output","header":"((((! first_ecall_found) && is_decoding) && id_valid) && id_stage_i.ecall_insn_dec) && (! id_stage_i.controller_i.debug_mode_n)","columns":"first_ecall_found;is_decoding;id_valid;id_stage_i.ecall_insn_dec;id_stage_i.controller_i.debug_mode_n"}
]}
,{"expanded":false,"expanded":false,"Exclusion Rule Type":"None","UNR":"none","Index":"3","All Average Grd":"100%","All Cov":"6 / 6 (100%)","Src Start Line":"1215","Enclosing Entity":"uvmt_cv32_tb.dut_wrap.cv32e40p_wrapper_i.core_i.genblk4","Source":"        if (!first_ebrk_found && is_decoding && id_valid && id_stage_i.ebrk_insn && (id_stage_i.controller_i.ctrl_fsm_ns != DBG_FLUSH)) begin"
,"subitems":[{"expanded":false,"expanded":false,"Exclusion Rule Type":"None","UNR":"none","Index":"1","All Average Grd":"100%","All Cov":"6 / 6 (100%)","Source":"        if (!first_ebrk_found && is_decoding && id_valid && id_stage_i.ebrk_insn && (id_stage_i.controller_i.ctrl_fsm_ns != DBG_FLUSH)) begin","table_type":"cov"
,"subitems":[{"title":"0;1;1;1;1","expanded":false,"Exclusion Rule Type":"None","UNR":"none","Score":"1","Out":"1"}
,{"title":"-;-;-;-;0","expanded":false,"Exclusion Rule Type":"None","UNR":"none","Score":"1","Out":"0"}
,{"title":"-;-;-;0;-","expanded":false,"Exclusion Rule Type":"None","UNR":"none","Score":"1","Out":"0"}
,{"title":"-;-;0;-;-","expanded":false,"Exclusion Rule Type":"None","UNR":"none","Score":"1","Out":"0"}
,{"title":"-;0;-;-;-","expanded":false,"Exclusion Rule Type":"None","UNR":"none","Score":"1","Out":"0"}
,{"title":"1;-;-;-;-","expanded":false,"Exclusion Rule Type":"None","UNR":"none","Score":"1","Out":"0"}
],"cov_table_title":"Coverage Table with Output","header":"((((! first_ebrk_found) && is_decoding) && id_valid) && id_stage_i.ebrk_insn) && (id_stage_i.controller_i.ctrl_fsm_ns != DBG_FLUSH)","columns":"first_ebrk_found;is_decoding;id_valid;id_stage_i.ebrk_insn;(id_stage_i.controller_i.ctrl_fsm_ns != DBG_FLUSH)"}
]}
,{"expanded":false,"expanded":false,"Exclusion Rule Type":"None","UNR":"none","Index":"4","All Average Grd":"100%","All Cov":"4 / 4 (100%)","Src Start Line":"1241","Enclosing Entity":"uvmt_cv32_tb.dut_wrap.cv32e40p_wrapper_i.core_i.genblk4","Source":"        if (!first_cause_illegal_found && (cs_registers_i.csr_cause_i == {1'b0, EXC_CAUSE_ILLEGAL_INSN}) && csr_save_cause) begin"
,"subitems":[{"expanded":false,"expanded":false,"Exclusion Rule Type":"None","UNR":"none","Index":"1","All Average Grd":"100%","All Cov":"4 / 4 (100%)","Source":"        if (!first_cause_illegal_found && (cs_registers_i.csr_cause_i == {1'b0, EXC_CAUSE_ILLEGAL_INSN}) && csr_save_cause) begin","table_type":"cov"
,"subitems":[{"title":"0;1;1","expanded":false,"Exclusion Rule Type":"None","UNR":"none","Score":"1","Out":"1"}
,{"title":"-;-;0","expanded":false,"Exclusion Rule Type":"None","UNR":"none","Score":"1","Out":"0"}
,{"title":"-;0;-","expanded":false,"Exclusion Rule Type":"None","UNR":"none","Score":"1","Out":"0"}
,{"title":"1;-;-","expanded":false,"Exclusion Rule Type":"None","UNR":"none","Score":"1","Out":"0"}
],"cov_table_title":"Coverage Table with Output","header":"((! first_cause_illegal_found) && (cs_registers_i.csr_cause_i == {1'b0,EXC_CAUSE_ILLEGAL_INSN})) && csr_save_cause","columns":"first_cause_illegal_found;(cs_registers_i.csr_cause_i == {1'b0,EXC_CAUSE_ILLEGAL_INSN});csr_save_cause"}
]}
,{"expanded":false,"expanded":false,"Exclusion Rule Type":"None","UNR":"none","Index":"5","All Average Grd":"100%","All Cov":"4 / 4 (100%)","Src Start Line":"1245","Enclosing Entity":"uvmt_cv32_tb.dut_wrap.cv32e40p_wrapper_i.core_i.genblk4","Source":"        if (!first_cause_ecall_found && (cs_registers_i.csr_cause_i == {1'b0, EXC_CAUSE_ECALL_MMODE}) && csr_save_cause) begin"
,"subitems":[{"expanded":false,"expanded":false,"Exclusion Rule Type":"None","UNR":"none","Index":"1","All Average Grd":"100%","All Cov":"4 / 4 (100%)","Source":"        if (!first_cause_ecall_found && (cs_registers_i.csr_cause_i == {1'b0, EXC_CAUSE_ECALL_MMODE}) && csr_save_cause) begin","table_type":"cov"
,"subitems":[{"title":"0;1;1","expanded":false,"Exclusion Rule Type":"None","UNR":"none","Score":"1","Out":"1"}
,{"title":"-;-;0","expanded":false,"Exclusion Rule Type":"None","UNR":"none","Score":"1","Out":"0"}
,{"title":"-;0;-","expanded":false,"Exclusion Rule Type":"None","UNR":"none","Score":"1","Out":"0"}
,{"title":"1;-;-","expanded":false,"Exclusion Rule Type":"None","UNR":"none","Score":"1","Out":"0"}
],"cov_table_title":"Coverage Table with Output","header":"((! first_cause_ecall_found) && (cs_registers_i.csr_cause_i == {1'b0,EXC_CAUSE_ECALL_MMODE})) && csr_save_cause","columns":"first_cause_ecall_found;(cs_registers_i.csr_cause_i == {1'b0,EXC_CAUSE_ECALL_MMODE});csr_save_cause"}
]}
,{"expanded":false,"expanded":false,"Exclusion Rule Type":"None","UNR":"none","Index":"6","All Average Grd":"100%","All Cov":"4 / 4 (100%)","Src Start Line":"1249","Enclosing Entity":"uvmt_cv32_tb.dut_wrap.cv32e40p_wrapper_i.core_i.genblk4","Source":"        if (!first_cause_ebrk_found && (cs_registers_i.csr_cause_i == {1'b0, EXC_CAUSE_BREAKPOINT}) && csr_save_cause) begin"
,"subitems":[{"expanded":false,"expanded":false,"Exclusion Rule Type":"None","UNR":"none","Index":"1","All Average Grd":"100%","All Cov":"4 / 4 (100%)","Source":"        if (!first_cause_ebrk_found && (cs_registers_i.csr_cause_i == {1'b0, EXC_CAUSE_BREAKPOINT}) && csr_save_cause) begin","table_type":"cov"
,"subitems":[{"title":"0;1;1","expanded":false,"Exclusion Rule Type":"None","UNR":"none","Score":"1","Out":"1"}
,{"title":"-;-;0","expanded":false,"Exclusion Rule Type":"None","UNR":"none","Score":"1","Out":"0"}
,{"title":"-;0;-","expanded":false,"Exclusion Rule Type":"None","UNR":"none","Score":"1","Out":"0"}
,{"title":"1;-;-","expanded":false,"Exclusion Rule Type":"None","UNR":"none","Score":"1","Out":"0"}
],"cov_table_title":"Coverage Table with Output","header":"((! first_cause_ebrk_found) && (cs_registers_i.csr_cause_i == {1'b0,EXC_CAUSE_BREAKPOINT})) && csr_save_cause","columns":"first_cause_ebrk_found;(cs_registers_i.csr_cause_i == {1'b0,EXC_CAUSE_BREAKPOINT});csr_save_cause"}
]}
]}
