{
"block_items":[{"expanded":false,"Exclusion Rule Type":"None","UNR":"none","Index":"4","Blk Type":"true part of","Src Start Line":"349","Score":"0","All Average Grd":"0%","Enclosing Entity":"uvmt_cv32_tb.dut_wrap.cv32e40p_wrapper_i.core_i.id_stage_i.decoder_i","Source":"        if (instr_rdata_i[14:12] != 3'b0) begin"}
,{"expanded":false,"Exclusion Rule Type":"None","UNR":"none","Index":"13","Blk Type":"a case item of","Src Start Line":"370","Score":"0","All Average Grd":"0%","Enclosing Entity":"uvmt_cv32_tb.dut_wrap.cv32e40p_wrapper_i.core_i.id_stage_i.decoder_i","Source":"          3'b010: begin // p.beqimm"}
,{"expanded":false,"Exclusion Rule Type":"None","UNR":"none","Index":"15","Blk Type":"false part of","Src Start Line":"376","Score":"0","All Average Grd":"0%","Enclosing Entity":"uvmt_cv32_tb.dut_wrap.cv32e40p_wrapper_i.core_i.id_stage_i.decoder_i","Source":"            end else begin"}
,{"expanded":false,"Exclusion Rule Type":"None","UNR":"none","Index":"16","Blk Type":"a case item of","Src Start Line":"380","Score":"0","All Average Grd":"0%","Enclosing Entity":"uvmt_cv32_tb.dut_wrap.cv32e40p_wrapper_i.core_i.id_stage_i.decoder_i","Source":"          3'b011: begin // p.bneimm"}
,{"expanded":false,"Exclusion Rule Type":"None","UNR":"none","Index":"18","Blk Type":"false part of","Src Start Line":"386","Score":"0","All Average Grd":"0%","Enclosing Entity":"uvmt_cv32_tb.dut_wrap.cv32e40p_wrapper_i.core_i.id_stage_i.decoder_i","Source":"            end else begin"}
,{"expanded":false,"Exclusion Rule Type":"None","UNR":"none","Index":"25","Blk Type":"false part of","Src Start Line":"425","Score":"0","All Average Grd":"0%","Enclosing Entity":"uvmt_cv32_tb.dut_wrap.cv32e40p_wrapper_i.core_i.id_stage_i.decoder_i","Source":"          end else begin"}
,{"expanded":false,"Exclusion Rule Type":"None","UNR":"none","Index":"27","Blk Type":"false part of","Src Start Line":"431","Score":"0","All Average Grd":"0%","Enclosing Entity":"uvmt_cv32_tb.dut_wrap.cv32e40p_wrapper_i.core_i.id_stage_i.decoder_i","Source":"            end else begin"}
,{"expanded":false,"Exclusion Rule Type":"None","UNR":"none","Index":"32","Blk Type":"a case item of","Src Start Line":"441","Score":"0","All Average Grd":"0%","Enclosing Entity":"uvmt_cv32_tb.dut_wrap.cv32e40p_wrapper_i.core_i.id_stage_i.decoder_i","Source":"            default: begin"}
,{"expanded":false,"Exclusion Rule Type":"None","UNR":"none","Index":"33","Blk Type":"false part of","Src Start Line":"447","Score":"0","All Average Grd":"0%","Enclosing Entity":"uvmt_cv32_tb.dut_wrap.cv32e40p_wrapper_i.core_i.id_stage_i.decoder_i","Source":"        end else begin"}
,{"expanded":false,"Exclusion Rule Type":"None","UNR":"none","Index":"42","Blk Type":"a case item of","Src Start Line":"479","Score":"0","All Average Grd":"0%","Enclosing Entity":"uvmt_cv32_tb.dut_wrap.cv32e40p_wrapper_i.core_i.id_stage_i.decoder_i","Source":"            default: data_type_o = 2'b00; // illegal or reg-reg"}
,{"expanded":false,"Exclusion Rule Type":"None","UNR":"none","Index":"44","Blk Type":"true part of","Src Start Line":"483","Score":"0","All Average Grd":"0%","Enclosing Entity":"uvmt_cv32_tb.dut_wrap.cv32e40p_wrapper_i.core_i.id_stage_i.decoder_i","Source":"          if (instr_rdata_i[14:12] == 3'b111) begin"}
,{"expanded":false,"Exclusion Rule Type":"None","UNR":"none","Index":"50","Blk Type":"false part of","Src Start Line":"503","Score":"0","All Average Grd":"0%","Enclosing Entity":"uvmt_cv32_tb.dut_wrap.cv32e40p_wrapper_i.core_i.id_stage_i.decoder_i","Source":"            end else begin"}
,{"expanded":false,"Exclusion Rule Type":"None","UNR":"none","Index":"53","Blk Type":"true part of","Src Start Line":"509","Score":"0","All Average Grd":"0%","Enclosing Entity":"uvmt_cv32_tb.dut_wrap.cv32e40p_wrapper_i.core_i.id_stage_i.decoder_i","Source":"          if (instr_rdata_i[14:12] == 3'b110) begin"}
,{"expanded":false,"Exclusion Rule Type":"None","UNR":"none","Index":"55","Blk Type":"false part of","Src Start Line":"512","Score":"0","All Average Grd":"0%","Enclosing Entity":"uvmt_cv32_tb.dut_wrap.cv32e40p_wrapper_i.core_i.id_stage_i.decoder_i","Source":"            end else begin"}
,{"expanded":false,"Exclusion Rule Type":"None","UNR":"none","Index":"58","Blk Type":"true part of","Src Start Line":"518","Score":"0","All Average Grd":"0%","Enclosing Entity":"uvmt_cv32_tb.dut_wrap.cv32e40p_wrapper_i.core_i.id_stage_i.decoder_i","Source":"          if (instr_rdata_i[14:12] == 3'b011) begin"}
,{"expanded":false,"Exclusion Rule Type":"None","UNR":"none","Index":"60","Blk Type":"false part of","Src Start Line":"522","Score":"0","All Average Grd":"0%","Enclosing Entity":"uvmt_cv32_tb.dut_wrap.cv32e40p_wrapper_i.core_i.id_stage_i.decoder_i","Source":"        end else begin"}
,{"expanded":false,"Exclusion Rule Type":"None","UNR":"none","Index":"61","Blk Type":"a case item of","Src Start Line":"527","Score":"0","All Average Grd":"0%","Enclosing Entity":"uvmt_cv32_tb.dut_wrap.cv32e40p_wrapper_i.core_i.id_stage_i.decoder_i","Source":"      OPCODE_AMO: begin"}
,{"expanded":false,"Exclusion Rule Type":"None","UNR":"none","Index":"68","Blk Type":"false part of","Src Start Line":"566","Score":"0","All Average Grd":"0%","Enclosing Entity":"uvmt_cv32_tb.dut_wrap.cv32e40p_wrapper_i.core_i.id_stage_i.decoder_i","Source":"        end else begin : no_decode_amo"}
,{"expanded":false,"Exclusion Rule Type":"None","UNR":"none","Index":"79","Blk Type":"true part of","Src Start Line":"615","Score":"0","All Average Grd":"0%","Enclosing Entity":"uvmt_cv32_tb.dut_wrap.cv32e40p_wrapper_i.core_i.id_stage_i.decoder_i","Source":"              illegal_insn_o = 1'b1;"}
,{"expanded":false,"Exclusion Rule Type":"None","UNR":"none","Index":"85","Blk Type":"false part of","Src Start Line":"624","Score":"0","All Average Grd":"0%","Enclosing Entity":"uvmt_cv32_tb.dut_wrap.cv32e40p_wrapper_i.core_i.id_stage_i.decoder_i","Source":"              illegal_insn_o = 1'b1;"}
,{"expanded":false,"Exclusion Rule Type":"None","UNR":"none","Index":"87","Blk Type":"true part of","Src Start Line":"634","Score":"0","All Average Grd":"0%","Enclosing Entity":"uvmt_cv32_tb.dut_wrap.cv32e40p_wrapper_i.core_i.id_stage_i.decoder_i","Source":"        if (instr_rdata_i[31:30] == 2'b11) begin"}
,{"expanded":false,"Exclusion Rule Type":"None","UNR":"none","Index":"96","Blk Type":"false part of","Src Start Line":"683","Score":"0","All Average Grd":"0%","Enclosing Entity":"uvmt_cv32_tb.dut_wrap.cv32e40p_wrapper_i.core_i.id_stage_i.decoder_i","Source":"          end else begin"}
,{"expanded":false,"Exclusion Rule Type":"None","UNR":"none","Index":"98","Blk Type":"true part of","Src Start Line":"689","Score":"0","All Average Grd":"0%","Enclosing Entity":"uvmt_cv32_tb.dut_wrap.cv32e40p_wrapper_i.core_i.id_stage_i.decoder_i","Source":"        else if (instr_rdata_i[31:30] == 2'b10) begin"}
,{"expanded":false,"Exclusion Rule Type":"None","UNR":"none","Index":"99","Blk Type":"true part of","Src Start Line":"693","Score":"0","All Average Grd":"0%","Enclosing Entity":"uvmt_cv32_tb.dut_wrap.cv32e40p_wrapper_i.core_i.id_stage_i.decoder_i","Source":"          if (instr_rdata_i[29:25]==5'b00000) begin"}
,{"expanded":false,"Exclusion Rule Type":"None","UNR":"none","Index":"107","Blk Type":"false part of","Src Start Line":"748","Score":"0","All Average Grd":"0%","Enclosing Entity":"uvmt_cv32_tb.dut_wrap.cv32e40p_wrapper_i.core_i.id_stage_i.decoder_i","Source":"            end else begin"}
,{"expanded":false,"Exclusion Rule Type":"None","UNR":"none","Index":"108","Blk Type":"false part of","Src Start Line":"755","Score":"0","All Average Grd":"0%","Enclosing Entity":"uvmt_cv32_tb.dut_wrap.cv32e40p_wrapper_i.core_i.id_stage_i.decoder_i","Source":"          end else begin"}
,{"expanded":false,"Exclusion Rule Type":"None","UNR":"none","Index":"222","Blk Type":"false part of","Src Start Line":"1154","Score":"0","All Average Grd":"0%","Enclosing Entity":"uvmt_cv32_tb.dut_wrap.cv32e40p_wrapper_i.core_i.id_stage_i.decoder_i","Source":"            else begin"}
,{"expanded":false,"Exclusion Rule Type":"None","UNR":"none","Index":"225","Blk Type":"implicit else","Src Start Line":"1167","Score":"0","All Average Grd":"0%","Enclosing Entity":"uvmt_cv32_tb.dut_wrap.cv32e40p_wrapper_i.core_i.id_stage_i.decoder_i","Source":"          if (~instr_rdata_i[28]) regb_used_o = 1'b1;"}
,{"expanded":false,"Exclusion Rule Type":"None","UNR":"none","Index":"245","Blk Type":"a case item of","Src Start Line":"1251","Score":"0","All Average Grd":"0%","Enclosing Entity":"uvmt_cv32_tb.dut_wrap.cv32e40p_wrapper_i.core_i.id_stage_i.decoder_i","Source":"            {6'b10_0001, 3'b000}: begin         // p.mac"}
,{"expanded":false,"Exclusion Rule Type":"None","UNR":"none","Index":"247","Blk Type":"false part of","Src Start Line":"1258","Score":"0","All Average Grd":"0%","Enclosing Entity":"uvmt_cv32_tb.dut_wrap.cv32e40p_wrapper_i.core_i.id_stage_i.decoder_i","Source":"              end else begin"}
,{"expanded":false,"Exclusion Rule Type":"None","UNR":"none","Index":"248","Blk Type":"a case item of","Src Start Line":"1262","Score":"0","All Average Grd":"0%","Enclosing Entity":"uvmt_cv32_tb.dut_wrap.cv32e40p_wrapper_i.core_i.id_stage_i.decoder_i","Source":"            {6'b10_0001, 3'b001}: begin         // p.msu"}
,{"expanded":false,"Exclusion Rule Type":"None","UNR":"none","Index":"250","Blk Type":"false part of","Src Start Line":"1269","Score":"0","All Average Grd":"0%","Enclosing Entity":"uvmt_cv32_tb.dut_wrap.cv32e40p_wrapper_i.core_i.id_stage_i.decoder_i","Source":"              end else begin"}
,{"expanded":false,"Exclusion Rule Type":"None","UNR":"none","Index":"251","Blk Type":"a case item of","Src Start Line":"1273","Score":"0","All Average Grd":"0%","Enclosing Entity":"uvmt_cv32_tb.dut_wrap.cv32e40p_wrapper_i.core_i.id_stage_i.decoder_i","Source":"            {6'b00_0010, 3'b010}: begin         // Set Lower Equal Than - p.slet"}
,{"expanded":false,"Exclusion Rule Type":"None","UNR":"none","Index":"253","Blk Type":"false part of","Src Start Line":"1276","Score":"0","All Average Grd":"0%","Enclosing Entity":"uvmt_cv32_tb.dut_wrap.cv32e40p_wrapper_i.core_i.id_stage_i.decoder_i","Source":"              end else begin"}
,{"expanded":false,"Exclusion Rule Type":"None","UNR":"none","Index":"254","Blk Type":"a case item of","Src Start Line":"1280","Score":"0","All Average Grd":"0%","Enclosing Entity":"uvmt_cv32_tb.dut_wrap.cv32e40p_wrapper_i.core_i.id_stage_i.decoder_i","Source":"            {6'b00_0010, 3'b011}: begin         // Set Lower Equal Than Unsigned; p.sletu"}
,{"expanded":false,"Exclusion Rule Type":"None","UNR":"none","Index":"256","Blk Type":"false part of","Src Start Line":"1283","Score":"0","All Average Grd":"0%","Enclosing Entity":"uvmt_cv32_tb.dut_wrap.cv32e40p_wrapper_i.core_i.id_stage_i.decoder_i","Source":"              end else begin"}
,{"expanded":false,"Exclusion Rule Type":"None","UNR":"none","Index":"257","Blk Type":"a case item of","Src Start Line":"1287","Score":"0","All Average Grd":"0%","Enclosing Entity":"uvmt_cv32_tb.dut_wrap.cv32e40p_wrapper_i.core_i.id_stage_i.decoder_i","Source":"            {6'b00_0010, 3'b100}: begin         // Min - p.min"}
,{"expanded":false,"Exclusion Rule Type":"None","UNR":"none","Index":"259","Blk Type":"false part of","Src Start Line":"1290","Score":"0","All Average Grd":"0%","Enclosing Entity":"uvmt_cv32_tb.dut_wrap.cv32e40p_wrapper_i.core_i.id_stage_i.decoder_i","Source":"              end else begin"}
,{"expanded":false,"Exclusion Rule Type":"None","UNR":"none","Index":"260","Blk Type":"a case item of","Src Start Line":"1294","Score":"0","All Average Grd":"0%","Enclosing Entity":"uvmt_cv32_tb.dut_wrap.cv32e40p_wrapper_i.core_i.id_stage_i.decoder_i","Source":"            {6'b00_0010, 3'b101}: begin         // Min Unsigned - p.minu"}
,{"expanded":false,"Exclusion Rule Type":"None","UNR":"none","Index":"262","Blk Type":"false part of","Src Start Line":"1297","Score":"0","All Average Grd":"0%","Enclosing Entity":"uvmt_cv32_tb.dut_wrap.cv32e40p_wrapper_i.core_i.id_stage_i.decoder_i","Source":"              end else begin"}
,{"expanded":false,"Exclusion Rule Type":"None","UNR":"none","Index":"263","Blk Type":"a case item of","Src Start Line":"1301","Score":"0","All Average Grd":"0%","Enclosing Entity":"uvmt_cv32_tb.dut_wrap.cv32e40p_wrapper_i.core_i.id_stage_i.decoder_i","Source":"            {6'b00_0010, 3'b110}: begin         // Max - p.max"}
,{"expanded":false,"Exclusion Rule Type":"None","UNR":"none","Index":"265","Blk Type":"false part of","Src Start Line":"1304","Score":"0","All Average Grd":"0%","Enclosing Entity":"uvmt_cv32_tb.dut_wrap.cv32e40p_wrapper_i.core_i.id_stage_i.decoder_i","Source":"              end else begin"}
,{"expanded":false,"Exclusion Rule Type":"None","UNR":"none","Index":"266","Blk Type":"a case item of","Src Start Line":"1308","Score":"0","All Average Grd":"0%","Enclosing Entity":"uvmt_cv32_tb.dut_wrap.cv32e40p_wrapper_i.core_i.id_stage_i.decoder_i","Source":"            {6'b00_0010, 3'b111}: begin         // Max Unsigned - p.maxu"}
,{"expanded":false,"Exclusion Rule Type":"None","UNR":"none","Index":"268","Blk Type":"false part of","Src Start Line":"1311","Score":"0","All Average Grd":"0%","Enclosing Entity":"uvmt_cv32_tb.dut_wrap.cv32e40p_wrapper_i.core_i.id_stage_i.decoder_i","Source":"              end else begin"}
,{"expanded":false,"Exclusion Rule Type":"None","UNR":"none","Index":"269","Blk Type":"a case item of","Src Start Line":"1315","Score":"0","All Average Grd":"0%","Enclosing Entity":"uvmt_cv32_tb.dut_wrap.cv32e40p_wrapper_i.core_i.id_stage_i.decoder_i","Source":"            {6'b00_0100, 3'b101}: begin         // Rotate Right - p.ror"}
,{"expanded":false,"Exclusion Rule Type":"None","UNR":"none","Index":"271","Blk Type":"false part of","Src Start Line":"1318","Score":"0","All Average Grd":"0%","Enclosing Entity":"uvmt_cv32_tb.dut_wrap.cv32e40p_wrapper_i.core_i.id_stage_i.decoder_i","Source":"              end else begin"}
,{"expanded":false,"Exclusion Rule Type":"None","UNR":"none","Index":"272","Blk Type":"a case item of","Src Start Line":"1325","Score":"0","All Average Grd":"0%","Enclosing Entity":"uvmt_cv32_tb.dut_wrap.cv32e40p_wrapper_i.core_i.id_stage_i.decoder_i","Source":"            {6'b00_1000, 3'b000}: begin         // Find First 1 - p.ff1"}
,{"expanded":false,"Exclusion Rule Type":"None","UNR":"none","Index":"274","Blk Type":"false part of","Src Start Line":"1328","Score":"0","All Average Grd":"0%","Enclosing Entity":"uvmt_cv32_tb.dut_wrap.cv32e40p_wrapper_i.core_i.id_stage_i.decoder_i","Source":"              end else begin"}
,{"expanded":false,"Exclusion Rule Type":"None","UNR":"none","Index":"275","Blk Type":"a case item of","Src Start Line":"1332","Score":"0","All Average Grd":"0%","Enclosing Entity":"uvmt_cv32_tb.dut_wrap.cv32e40p_wrapper_i.core_i.id_stage_i.decoder_i","Source":"            {6'b00_1000, 3'b001}: begin         // Find Last 1 - p.fl1"}
,{"expanded":false,"Exclusion Rule Type":"None","UNR":"none","Index":"277","Blk Type":"false part of","Src Start Line":"1335","Score":"0","All Average Grd":"0%","Enclosing Entity":"uvmt_cv32_tb.dut_wrap.cv32e40p_wrapper_i.core_i.id_stage_i.decoder_i","Source":"              end else begin"}
,{"expanded":false,"Exclusion Rule Type":"None","UNR":"none","Index":"278","Blk Type":"a case item of","Src Start Line":"1339","Score":"0","All Average Grd":"0%","Enclosing Entity":"uvmt_cv32_tb.dut_wrap.cv32e40p_wrapper_i.core_i.id_stage_i.decoder_i","Source":"            {6'b00_1000, 3'b010}: begin         // Count Leading Bits - p.clb"}
,{"expanded":false,"Exclusion Rule Type":"None","UNR":"none","Index":"280","Blk Type":"false part of","Src Start Line":"1342","Score":"0","All Average Grd":"0%","Enclosing Entity":"uvmt_cv32_tb.dut_wrap.cv32e40p_wrapper_i.core_i.id_stage_i.decoder_i","Source":"              end else begin"}
,{"expanded":false,"Exclusion Rule Type":"None","UNR":"none","Index":"281","Blk Type":"a case item of","Src Start Line":"1346","Score":"0","All Average Grd":"0%","Enclosing Entity":"uvmt_cv32_tb.dut_wrap.cv32e40p_wrapper_i.core_i.id_stage_i.decoder_i","Source":"            {6'b00_1000, 3'b011}: begin         // Count set bits (popcount) - p.cnt"}
,{"expanded":false,"Exclusion Rule Type":"None","UNR":"none","Index":"283","Blk Type":"false part of","Src Start Line":"1349","Score":"0","All Average Grd":"0%","Enclosing Entity":"uvmt_cv32_tb.dut_wrap.cv32e40p_wrapper_i.core_i.id_stage_i.decoder_i","Source":"              end else begin"}
,{"expanded":false,"Exclusion Rule Type":"None","UNR":"none","Index":"284","Blk Type":"a case item of","Src Start Line":"1353","Score":"0","All Average Grd":"0%","Enclosing Entity":"uvmt_cv32_tb.dut_wrap.cv32e40p_wrapper_i.core_i.id_stage_i.decoder_i","Source":"            {6'b00_1000, 3'b100}: begin         // Sign-extend Halfword - p.exths"}
,{"expanded":false,"Exclusion Rule Type":"None","UNR":"none","Index":"286","Blk Type":"false part of","Src Start Line":"1357","Score":"0","All Average Grd":"0%","Enclosing Entity":"uvmt_cv32_tb.dut_wrap.cv32e40p_wrapper_i.core_i.id_stage_i.decoder_i","Source":"              end else begin"}
,{"expanded":false,"Exclusion Rule Type":"None","UNR":"none","Index":"287","Blk Type":"a case item of","Src Start Line":"1361","Score":"0","All Average Grd":"0%","Enclosing Entity":"uvmt_cv32_tb.dut_wrap.cv32e40p_wrapper_i.core_i.id_stage_i.decoder_i","Source":"            {6'b00_1000, 3'b101}: begin         // Zero-extend Halfword - p.exthz"}
,{"expanded":false,"Exclusion Rule Type":"None","UNR":"none","Index":"289","Blk Type":"false part of","Src Start Line":"1365","Score":"0","All Average Grd":"0%","Enclosing Entity":"uvmt_cv32_tb.dut_wrap.cv32e40p_wrapper_i.core_i.id_stage_i.decoder_i","Source":"              end else begin"}
,{"expanded":false,"Exclusion Rule Type":"None","UNR":"none","Index":"290","Blk Type":"a case item of","Src Start Line":"1369","Score":"0","All Average Grd":"0%","Enclosing Entity":"uvmt_cv32_tb.dut_wrap.cv32e40p_wrapper_i.core_i.id_stage_i.decoder_i","Source":"            {6'b00_1000, 3'b110}: begin         // Sign-extend Byte - p.extbs"}
,{"expanded":false,"Exclusion Rule Type":"None","UNR":"none","Index":"292","Blk Type":"false part of","Src Start Line":"1373","Score":"0","All Average Grd":"0%","Enclosing Entity":"uvmt_cv32_tb.dut_wrap.cv32e40p_wrapper_i.core_i.id_stage_i.decoder_i","Source":"              end else begin"}
,{"expanded":false,"Exclusion Rule Type":"None","UNR":"none","Index":"293","Blk Type":"a case item of","Src Start Line":"1377","Score":"0","All Average Grd":"0%","Enclosing Entity":"uvmt_cv32_tb.dut_wrap.cv32e40p_wrapper_i.core_i.id_stage_i.decoder_i","Source":"            {6'b00_1000, 3'b111}: begin         // Zero-extend Byte - p.extbz"}
,{"expanded":false,"Exclusion Rule Type":"None","UNR":"none","Index":"295","Blk Type":"false part of","Src Start Line":"1381","Score":"0","All Average Grd":"0%","Enclosing Entity":"uvmt_cv32_tb.dut_wrap.cv32e40p_wrapper_i.core_i.id_stage_i.decoder_i","Source":"              end else begin"}
,{"expanded":false,"Exclusion Rule Type":"None","UNR":"none","Index":"296","Blk Type":"a case item of","Src Start Line":"1385","Score":"0","All Average Grd":"0%","Enclosing Entity":"uvmt_cv32_tb.dut_wrap.cv32e40p_wrapper_i.core_i.id_stage_i.decoder_i","Source":"            {6'b00_0010, 3'b000}: begin         // p.abs"}
,{"expanded":false,"Exclusion Rule Type":"None","UNR":"none","Index":"298","Blk Type":"false part of","Src Start Line":"1388","Score":"0","All Average Grd":"0%","Enclosing Entity":"uvmt_cv32_tb.dut_wrap.cv32e40p_wrapper_i.core_i.id_stage_i.decoder_i","Source":"              end else begin"}
,{"expanded":false,"Exclusion Rule Type":"None","UNR":"none","Index":"299","Blk Type":"a case item of","Src Start Line":"1392","Score":"0","All Average Grd":"0%","Enclosing Entity":"uvmt_cv32_tb.dut_wrap.cv32e40p_wrapper_i.core_i.id_stage_i.decoder_i","Source":"            {6'b00_1010, 3'b001}: begin         // p.clip"}
,{"expanded":false,"Exclusion Rule Type":"None","UNR":"none","Index":"301","Blk Type":"false part of","Src Start Line":"1397","Score":"0","All Average Grd":"0%","Enclosing Entity":"uvmt_cv32_tb.dut_wrap.cv32e40p_wrapper_i.core_i.id_stage_i.decoder_i","Source":"              end else begin"}
,{"expanded":false,"Exclusion Rule Type":"None","UNR":"none","Index":"302","Blk Type":"a case item of","Src Start Line":"1401","Score":"0","All Average Grd":"0%","Enclosing Entity":"uvmt_cv32_tb.dut_wrap.cv32e40p_wrapper_i.core_i.id_stage_i.decoder_i","Source":"            {6'b00_1010, 3'b010}: begin         // p.clipu"}
,{"expanded":false,"Exclusion Rule Type":"None","UNR":"none","Index":"304","Blk Type":"false part of","Src Start Line":"1406","Score":"0","All Average Grd":"0%","Enclosing Entity":"uvmt_cv32_tb.dut_wrap.cv32e40p_wrapper_i.core_i.id_stage_i.decoder_i","Source":"              end else begin"}
,{"expanded":false,"Exclusion Rule Type":"None","UNR":"none","Index":"305","Blk Type":"a case item of","Src Start Line":"1410","Score":"0","All Average Grd":"0%","Enclosing Entity":"uvmt_cv32_tb.dut_wrap.cv32e40p_wrapper_i.core_i.id_stage_i.decoder_i","Source":"            {6'b00_1010, 3'b101}: begin         // p.clipr"}
,{"expanded":false,"Exclusion Rule Type":"None","UNR":"none","Index":"307","Blk Type":"false part of","Src Start Line":"1414","Score":"0","All Average Grd":"0%","Enclosing Entity":"uvmt_cv32_tb.dut_wrap.cv32e40p_wrapper_i.core_i.id_stage_i.decoder_i","Source":"              end else begin"}
,{"expanded":false,"Exclusion Rule Type":"None","UNR":"none","Index":"308","Blk Type":"a case item of","Src Start Line":"1418","Score":"0","All Average Grd":"0%","Enclosing Entity":"uvmt_cv32_tb.dut_wrap.cv32e40p_wrapper_i.core_i.id_stage_i.decoder_i","Source":"            {6'b00_1010, 3'b110}: begin         // p.clipur"}
,{"expanded":false,"Exclusion Rule Type":"None","UNR":"none","Index":"310","Blk Type":"false part of","Src Start Line":"1422","Score":"0","All Average Grd":"0%","Enclosing Entity":"uvmt_cv32_tb.dut_wrap.cv32e40p_wrapper_i.core_i.id_stage_i.decoder_i","Source":"              end else begin"}
,{"expanded":false,"Exclusion Rule Type":"None","UNR":"none","Index":"311","Blk Type":"a case item of","Src Start Line":"1427","Score":"0","All Average Grd":"0%","Enclosing Entity":"uvmt_cv32_tb.dut_wrap.cv32e40p_wrapper_i.core_i.id_stage_i.decoder_i","Source":"            default: begin"}
,{"expanded":false,"Exclusion Rule Type":"None","UNR":"none","Index":"324","Blk Type":"a case item of","Src Start Line":"1482","Score":"0","All Average Grd":"0%","Enclosing Entity":"uvmt_cv32_tb.dut_wrap.cv32e40p_wrapper_i.core_i.id_stage_i.decoder_i","Source":"      OPCODE_OP_FP: begin"}
,{"expanded":false,"Exclusion Rule Type":"None","UNR":"none","Index":"521","Blk Type":"false part of","Src Start Line":"1967","Score":"0","All Average Grd":"0%","Enclosing Entity":"uvmt_cv32_tb.dut_wrap.cv32e40p_wrapper_i.core_i.id_stage_i.decoder_i","Source":"          illegal_insn_o = 1'b1;"}
,{"expanded":false,"Exclusion Rule Type":"None","UNR":"none","Index":"522","Blk Type":"a case item of","Src Start Line":"1974","Score":"0","All Average Grd":"0%","Enclosing Entity":"uvmt_cv32_tb.dut_wrap.cv32e40p_wrapper_i.core_i.id_stage_i.decoder_i","Source":"      OPCODE_OP_FNMADD : begin"}
,{"expanded":false,"Exclusion Rule Type":"None","UNR":"none","Index":"574","Blk Type":"false part of","Src Start Line":"2088","Score":"0","All Average Grd":"0%","Enclosing Entity":"uvmt_cv32_tb.dut_wrap.cv32e40p_wrapper_i.core_i.id_stage_i.decoder_i","Source":"        else begin"}
,{"expanded":false,"Exclusion Rule Type":"None","UNR":"none","Index":"575","Blk Type":"a case item of","Src Start Line":"2093","Score":"0","All Average Grd":"0%","Enclosing Entity":"uvmt_cv32_tb.dut_wrap.cv32e40p_wrapper_i.core_i.id_stage_i.decoder_i","Source":"      OPCODE_STORE_FP: begin"}
,{"expanded":false,"Exclusion Rule Type":"None","UNR":"none","Index":"593","Blk Type":"false part of","Src Start Line":"2134","Score":"0","All Average Grd":"0%","Enclosing Entity":"uvmt_cv32_tb.dut_wrap.cv32e40p_wrapper_i.core_i.id_stage_i.decoder_i","Source":"          illegal_insn_o = 1'b1;"}
,{"expanded":false,"Exclusion Rule Type":"None","UNR":"none","Index":"594","Blk Type":"a case item of","Src Start Line":"2137","Score":"0","All Average Grd":"0%","Enclosing Entity":"uvmt_cv32_tb.dut_wrap.cv32e40p_wrapper_i.core_i.id_stage_i.decoder_i","Source":"      OPCODE_LOAD_FP: begin"}
,{"expanded":false,"Exclusion Rule Type":"None","UNR":"none","Index":"609","Blk Type":"false part of","Src Start Line":"2171","Score":"0","All Average Grd":"0%","Enclosing Entity":"uvmt_cv32_tb.dut_wrap.cv32e40p_wrapper_i.core_i.id_stage_i.decoder_i","Source":"          illegal_insn_o = 1'b1;"}
,{"expanded":false,"Exclusion Rule Type":"None","UNR":"none","Index":"610","Blk Type":"a case item of","Src Start Line":"2174","Score":"0","All Average Grd":"0%","Enclosing Entity":"uvmt_cv32_tb.dut_wrap.cv32e40p_wrapper_i.core_i.id_stage_i.decoder_i","Source":"      OPCODE_PULP_OP: begin  // PULP specific ALU instructions with three source operands"}
,{"expanded":false,"Exclusion Rule Type":"None","UNR":"none","Index":"642","Blk Type":"false part of","Src Start Line":"2280","Score":"0","All Average Grd":"0%","Enclosing Entity":"uvmt_cv32_tb.dut_wrap.cv32e40p_wrapper_i.core_i.id_stage_i.decoder_i","Source":"        end else begin"}
,{"expanded":false,"Exclusion Rule Type":"None","UNR":"none","Index":"643","Blk Type":"a case item of","Src Start Line":"2285","Score":"0","All Average Grd":"0%","Enclosing Entity":"uvmt_cv32_tb.dut_wrap.cv32e40p_wrapper_i.core_i.id_stage_i.decoder_i","Source":"      OPCODE_VECOP: begin"}
,{"expanded":false,"Exclusion Rule Type":"None","UNR":"none","Index":"703","Blk Type":"false part of","Src Start Line":"2505","Score":"0","All Average Grd":"0%","Enclosing Entity":"uvmt_cv32_tb.dut_wrap.cv32e40p_wrapper_i.core_i.id_stage_i.decoder_i","Source":"        end else begin"}
,{"expanded":false,"Exclusion Rule Type":"None","UNR":"none","Index":"707","Blk Type":"a case item of","Src Start Line":"2531","Score":"0","All Average Grd":"0%","Enclosing Entity":"uvmt_cv32_tb.dut_wrap.cv32e40p_wrapper_i.core_i.id_stage_i.decoder_i","Source":"          default: begin"}
,{"expanded":false,"Exclusion Rule Type":"None","UNR":"none","Index":"714","Blk Type":"a case item of","Src Start Line":"2564","Score":"0","All Average Grd":"0%","Enclosing Entity":"uvmt_cv32_tb.dut_wrap.cv32e40p_wrapper_i.core_i.id_stage_i.decoder_i","Source":"              begin"}
,{"expanded":false,"Exclusion Rule Type":"None","UNR":"none","Index":"719","Blk Type":"a case item of","Src Start Line":"2593","Score":"0","All Average Grd":"0%","Enclosing Entity":"uvmt_cv32_tb.dut_wrap.cv32e40p_wrapper_i.core_i.id_stage_i.decoder_i","Source":"              begin"}
,{"expanded":false,"Exclusion Rule Type":"None","UNR":"none","Index":"720","Blk Type":"false part of","Src Start Line":"2597","Score":"0","All Average Grd":"0%","Enclosing Entity":"uvmt_cv32_tb.dut_wrap.cv32e40p_wrapper_i.core_i.id_stage_i.decoder_i","Source":"          end else illegal_insn_o = 1'b1;"}
,{"expanded":false,"Exclusion Rule Type":"None","UNR":"none","Index":"728","Blk Type":"a case item of","Src Start Line":"2623","Score":"0","All Average Grd":"0%","Enclosing Entity":"uvmt_cv32_tb.dut_wrap.cv32e40p_wrapper_i.core_i.id_stage_i.decoder_i","Source":"            default: csr_illegal = 1'b1;"}
,{"expanded":false,"Exclusion Rule Type":"None","UNR":"none","Index":"733","Blk Type":"a case item of","Src Start Line":"2637","Score":"0","All Average Grd":"0%","Enclosing Entity":"uvmt_cv32_tb.dut_wrap.cv32e40p_wrapper_i.core_i.id_stage_i.decoder_i","Source":"                if(!FPU) csr_illegal = 1'b1;"}
,{"expanded":false,"Exclusion Rule Type":"None","UNR":"none","Index":"734","Blk Type":"true part of","Src Start Line":"2637","Score":"0","All Average Grd":"0%","Enclosing Entity":"uvmt_cv32_tb.dut_wrap.cv32e40p_wrapper_i.core_i.id_stage_i.decoder_i","Source":"                if(!FPU) csr_illegal = 1'b1;"}
,{"expanded":false,"Exclusion Rule Type":"None","UNR":"none","Index":"736","Blk Type":"a case item of","Src Start Line":"2641","Score":"0","All Average Grd":"0%","Enclosing Entity":"uvmt_cv32_tb.dut_wrap.cv32e40p_wrapper_i.core_i.id_stage_i.decoder_i","Source":"                if(!(FPU && PULP_XPULP)) csr_illegal = 1'b1;"}
,{"expanded":false,"Exclusion Rule Type":"None","UNR":"none","Index":"737","Blk Type":"true part of","Src Start Line":"2641","Score":"0","All Average Grd":"0%","Enclosing Entity":"uvmt_cv32_tb.dut_wrap.cv32e40p_wrapper_i.core_i.id_stage_i.decoder_i","Source":"                if(!(FPU && PULP_XPULP)) csr_illegal = 1'b1;"}
,{"expanded":false,"Exclusion Rule Type":"None","UNR":"none","Index":"740","Blk Type":"true part of","Src Start Line":"2648","Score":"0","All Average Grd":"0%","Enclosing Entity":"uvmt_cv32_tb.dut_wrap.cv32e40p_wrapper_i.core_i.id_stage_i.decoder_i","Source":"                if(csr_op != CSR_OP_READ) csr_illegal = 1'b1;"}
,{"expanded":false,"Exclusion Rule Type":"None","UNR":"none","Index":"745","Blk Type":"a case item of","Src Start Line":"2721","Score":"0","All Average Grd":"0%","Enclosing Entity":"uvmt_cv32_tb.dut_wrap.cv32e40p_wrapper_i.core_i.id_stage_i.decoder_i","Source":"                if((csr_op != CSR_OP_READ) || (PULP_SECURE && (current_priv_lvl_i != PRIV_LVL_M) && !mcounteren_i[instr_rdata_i[24:20]])) begin"}
,{"expanded":false,"Exclusion Rule Type":"None","UNR":"none","Index":"746","Blk Type":"true part of","Src Start Line":"2721","Score":"0","All Average Grd":"0%","Enclosing Entity":"uvmt_cv32_tb.dut_wrap.cv32e40p_wrapper_i.core_i.id_stage_i.decoder_i","Source":"                if((csr_op != CSR_OP_READ) || (PULP_SECURE && (current_priv_lvl_i != PRIV_LVL_M) && !mcounteren_i[instr_rdata_i[24:20]])) begin"}
,{"expanded":false,"Exclusion Rule Type":"None","UNR":"none","Index":"747","Blk Type":"false part of","Src Start Line":"2723","Score":"0","All Average Grd":"0%","Enclosing Entity":"uvmt_cv32_tb.dut_wrap.cv32e40p_wrapper_i.core_i.id_stage_i.decoder_i","Source":"                end else begin"}
,{"expanded":false,"Exclusion Rule Type":"None","UNR":"none","Index":"748","Blk Type":"a case item of","Src Start Line":"2729","Score":"0","All Average Grd":"0%","Enclosing Entity":"uvmt_cv32_tb.dut_wrap.cv32e40p_wrapper_i.core_i.id_stage_i.decoder_i","Source":"              if(!PULP_SECURE) begin"}
,{"expanded":false,"Exclusion Rule Type":"None","UNR":"none","Index":"749","Blk Type":"true part of","Src Start Line":"2729","Score":"0","All Average Grd":"0%","Enclosing Entity":"uvmt_cv32_tb.dut_wrap.cv32e40p_wrapper_i.core_i.id_stage_i.decoder_i","Source":"              if(!PULP_SECURE) begin"}
,{"expanded":false,"Exclusion Rule Type":"None","UNR":"none","Index":"757","Blk Type":"a case item of","Src Start Line":"2765","Score":"0","All Average Grd":"0%","Enclosing Entity":"uvmt_cv32_tb.dut_wrap.cv32e40p_wrapper_i.core_i.id_stage_i.decoder_i","Source":"                if(!PULP_XPULP) csr_illegal = 1'b1;"}
,{"expanded":false,"Exclusion Rule Type":"None","UNR":"none","Index":"758","Blk Type":"true part of","Src Start Line":"2765","Score":"0","All Average Grd":"0%","Enclosing Entity":"uvmt_cv32_tb.dut_wrap.cv32e40p_wrapper_i.core_i.id_stage_i.decoder_i","Source":"                if(!PULP_XPULP) csr_illegal = 1'b1;"}
,{"expanded":false,"Exclusion Rule Type":"None","UNR":"none","Index":"760","Blk Type":"a case item of","Src Start Line":"2769","Score":"0","All Average Grd":"0%","Enclosing Entity":"uvmt_cv32_tb.dut_wrap.cv32e40p_wrapper_i.core_i.id_stage_i.decoder_i","Source":"              if(!PULP_XPULP) begin"}
,{"expanded":false,"Exclusion Rule Type":"None","UNR":"none","Index":"761","Blk Type":"true part of","Src Start Line":"2769","Score":"0","All Average Grd":"0%","Enclosing Entity":"uvmt_cv32_tb.dut_wrap.cv32e40p_wrapper_i.core_i.id_stage_i.decoder_i","Source":"              if(!PULP_XPULP) begin"}
,{"expanded":false,"Exclusion Rule Type":"None","UNR":"none","Index":"763","Blk Type":"a case item of","Src Start Line":"2796","Score":"0","All Average Grd":"0%","Enclosing Entity":"uvmt_cv32_tb.dut_wrap.cv32e40p_wrapper_i.core_i.id_stage_i.decoder_i","Source":"                if(!USE_PMP) csr_illegal = 1'b1;"}
,{"expanded":false,"Exclusion Rule Type":"None","UNR":"none","Index":"764","Blk Type":"true part of","Src Start Line":"2796","Score":"0","All Average Grd":"0%","Enclosing Entity":"uvmt_cv32_tb.dut_wrap.cv32e40p_wrapper_i.core_i.id_stage_i.decoder_i","Source":"                if(!USE_PMP) csr_illegal = 1'b1;"}
,{"expanded":false,"Exclusion Rule Type":"None","UNR":"none","Index":"766","Blk Type":"a case item of","Src Start Line":"2803","Score":"0","All Average Grd":"0%","Enclosing Entity":"uvmt_cv32_tb.dut_wrap.cv32e40p_wrapper_i.core_i.id_stage_i.decoder_i","Source":"                if (!PULP_SECURE) begin"}
,{"expanded":false,"Exclusion Rule Type":"None","UNR":"none","Index":"767","Blk Type":"true part of","Src Start Line":"2803","Score":"0","All Average Grd":"0%","Enclosing Entity":"uvmt_cv32_tb.dut_wrap.cv32e40p_wrapper_i.core_i.id_stage_i.decoder_i","Source":"                if (!PULP_SECURE) begin"}
,{"expanded":false,"Exclusion Rule Type":"None","UNR":"none","Index":"771","Blk Type":"a case item of","Src Start Line":"2829","Score":"0","All Average Grd":"0%","Enclosing Entity":"uvmt_cv32_tb.dut_wrap.cv32e40p_wrapper_i.core_i.id_stage_i.decoder_i","Source":"      OPCODE_HWLOOP: begin"}
,{"expanded":false,"Exclusion Rule Type":"None","UNR":"none","Index":"780","Blk Type":"false part of","Src Start Line":"2881","Score":"0","All Average Grd":"0%","Enclosing Entity":"uvmt_cv32_tb.dut_wrap.cv32e40p_wrapper_i.core_i.id_stage_i.decoder_i","Source":"        end else begin // block: HWLOOP_FEATURE_ENABLED"}
]
,"expression_items":[{"expanded":false,"expanded":false,"Exclusion Rule Type":"None","Index":"1","All Average Grd":"50%","All Cov":"1 / 2 (50%)","Src Start Line":"405","Enclosing Entity":"uvmt_cv32_tb.dut_wrap.cv32e40p_wrapper_i.core_i.id_stage_i.decoder_i","Source":"        if (PULP_XPULP || (instr_rdata_i[6:0] == OPCODE_STORE)) begin"
,"subitems":[{"expanded":false,"expanded":false,"Exclusion Rule Type":"None","Index":"1","All Average Grd":"50%","All Cov":"1 / 2 (50%)","Source":"        if (PULP_XPULP || (instr_rdata_i[6:0] == OPCODE_STORE)) begin","table_type":"cov"
,"subitems":[{"title":"1;-","expanded":false,"Exclusion Rule Type":"Simulation-Const","UNR":"none","Score":"0","Out":"n/a","excluded":"1"}
,{"title":"-;1","expanded":false,"Exclusion Rule Type":"None","UNR":"none","Score":"1","Out":"n/a"}
,{"title":"0;0","expanded":false,"Exclusion Rule Type":"None","UNR":"none","Score":"0","Out":"n/a"}
],"cov_table_title":"Coverage Table","header":"PULP_XPULP || (instr_rdata_i[6:0] == OPCODE_STORE)","columns":"PULP_XPULP;(instr_rdata_i[6:0] == OPCODE_STORE)"}
]}
,{"expanded":false,"expanded":false,"Exclusion Rule Type":"None","Index":"2","All Average Grd":"50%","All Cov":"1 / 2 (50%)","Src Start Line":"454","Enclosing Entity":"uvmt_cv32_tb.dut_wrap.cv32e40p_wrapper_i.core_i.id_stage_i.decoder_i","Source":"        if (PULP_XPULP || (instr_rdata_i[6:0] == OPCODE_LOAD)) begin"
,"subitems":[{"expanded":false,"expanded":false,"Exclusion Rule Type":"None","Index":"1","All Average Grd":"50%","All Cov":"1 / 2 (50%)","Source":"        if (PULP_XPULP || (instr_rdata_i[6:0] == OPCODE_LOAD)) begin","table_type":"cov"
,"subitems":[{"title":"1;-","expanded":false,"Exclusion Rule Type":"Simulation-Const","UNR":"none","Score":"0","Out":"n/a","excluded":"1"}
,{"title":"-;1","expanded":false,"Exclusion Rule Type":"None","UNR":"none","Score":"1","Out":"n/a"}
,{"title":"0;0","expanded":false,"Exclusion Rule Type":"None","UNR":"none","Score":"0","Out":"n/a"}
],"cov_table_title":"Coverage Table","header":"PULP_XPULP || (instr_rdata_i[6:0] == OPCODE_LOAD)","columns":"PULP_XPULP;(instr_rdata_i[6:0] == OPCODE_LOAD)"}
]}
,{"expanded":false,"expanded":false,"Exclusion Rule Type":"None","Index":"27","All Average Grd":"0%","All Cov":"0 / 2 (0%)","Src Start Line":"2641","Enclosing Entity":"uvmt_cv32_tb.dut_wrap.cv32e40p_wrapper_i.core_i.id_stage_i.decoder_i","Source":"                if(!(FPU && PULP_XPULP)) csr_illegal = 1'b1;"
,"subitems":[{"expanded":false,"expanded":false,"Exclusion Rule Type":"None","Index":"1","All Average Grd":"0%","All Cov":"0 / 2 (0%)","Source":"                if(!(FPU && PULP_XPULP)) csr_illegal = 1'b1;","table_type":"cov"
,"subitems":[{"title":"0;-","expanded":false,"Exclusion Rule Type":"None","UNR":"none","Score":"0","Out":"n/a"}
,{"title":"-;0","expanded":false,"Exclusion Rule Type":"None","UNR":"none","Score":"0","Out":"n/a"}
,{"title":"1;1","expanded":false,"Exclusion Rule Type":"Simulation-Const","UNR":"none","Score":"0","Out":"n/a","excluded":"1"}
],"cov_table_title":"Coverage Table","header":"(FPU && PULP_XPULP)","columns":"FPU;PULP_XPULP"}
]}
,{"expanded":false,"expanded":false,"Exclusion Rule Type":"None","Index":"28","All Average Grd":"0%","All Cov":"0 / 3 (0%)","Src Start Line":"2721","Enclosing Entity":"uvmt_cv32_tb.dut_wrap.cv32e40p_wrapper_i.core_i.id_stage_i.decoder_i","Source":"                if((csr_op != CSR_OP_READ) || (PULP_SECURE && (current_priv_lvl_i != PRIV_LVL_M) && !mcounteren_i[instr_rdata_i[24:20]])) begin"
,"subitems":[{"expanded":false,"expanded":false,"Exclusion Rule Type":"None","Index":"1","All Average Grd":"0%","All Cov":"0 / 3 (0%)","Source":"                if((csr_op != CSR_OP_READ) || (PULP_SECURE && (current_priv_lvl_i != PRIV_LVL_M) && !mcounteren_i[instr_rdata_i[24:20]])) begin","table_type":"cov"
,"subitems":[{"title":"-;1;1;0","expanded":false,"Exclusion Rule Type":"Simulation-Const","UNR":"none","Score":"0","Out":"1","excluded":"1"}
,{"title":"1;-;-;-","expanded":false,"Exclusion Rule Type":"None","UNR":"none","Score":"0","Out":"1"}
,{"title":"0;-;-;1","expanded":false,"Exclusion Rule Type":"Analysis Time","UNR":"none","Score":"0","Out":"0","excluded":"1"}
,{"title":"0;-;0;-","expanded":false,"Exclusion Rule Type":"None","UNR":"none","Score":"0","Out":"0"}
,{"title":"0;0;-;-","expanded":false,"Exclusion Rule Type":"None","UNR":"none","Score":"0","Out":"0"}
],"cov_table_title":"Coverage Table with Output","header":"(csr_op != CSR_OP_READ) || ((PULP_SECURE && (current_priv_lvl_i != PRIV_LVL_M)) && (! mcounteren_i[instr_rdata_i[24:20]]))","columns":"(csr_op != CSR_OP_READ);PULP_SECURE;(current_priv_lvl_i != PRIV_LVL_M);mcounteren_i[instr_rdata_i[24:20]]"}
]}
]}
