{
"block_items":[{"expanded":false,"Exclusion Rule Type":"None","UNR":"none","Index":"12","Blk Type":"implicit else","Src Start Line":"374","Score":"0","All Average Grd":"0%","Enclosing Entity":"cv32e40p_controller","Source":"        if (id_ready_i == 1'b1) begin"}
,{"expanded":false,"Exclusion Rule Type":"None","UNR":"none","Index":"15","Blk Type":"true part of","Src Start Line":"399","Score":"0","All Average Grd":"0%","Enclosing Entity":"cv32e40p_controller","Source":"            trap_addr_mux_o  = TRAP_MACHINE;"}
,{"expanded":false,"Exclusion Rule Type":"None","UNR":"none","Index":"22","Blk Type":"true part of","Src Start Line":"430","Score":"0","All Average Grd":"0%","Enclosing Entity":"cv32e40p_controller","Source":"          begin //data error"}
,{"expanded":false,"Exclusion Rule Type":"None","UNR":"none","Index":"24","Blk Type":"true part of","Src Start Line":"447","Score":"0","All Average Grd":"0%","Enclosing Entity":"cv32e40p_controller","Source":"          begin"}
,{"expanded":false,"Exclusion Rule Type":"None","UNR":"none","Index":"30","Blk Type":"true part of","Src Start Line":"500","Score":"0","All Average Grd":"0%","Enclosing Entity":"cv32e40p_controller","Source":"                  trap_addr_mux_o  = TRAP_MACHINE;"}
,{"expanded":false,"Exclusion Rule Type":"None","UNR":"none","Index":"49","Blk Type":"a case item of","Src Start Line":"586","Score":"0","All Average Grd":"0%","Enclosing Entity":"cv32e40p_controller","Source":"                    data_load_event_i: begin"}
,{"expanded":false,"Exclusion Rule Type":"None","UNR":"none","Index":"51","Blk Type":"true part of","Src Start Line":"593","Score":"0","All Average Grd":"0%","Enclosing Entity":"cv32e40p_controller","Source":"                      if(is_hwlp_body) begin"}
,{"expanded":false,"Exclusion Rule Type":"None","UNR":"none","Index":"52","Blk Type":"true part of","Src Start Line":"603","Score":"0","All Average Grd":"0%","Enclosing Entity":"cv32e40p_controller","Source":"                        if(hwlp_end0_eq_pc && hwlp_counter0_gt_1) begin"}
,{"expanded":false,"Exclusion Rule Type":"None","UNR":"none","Index":"53","Blk Type":"true part of","Src Start Line":"605","Score":"0","All Average Grd":"0%","Enclosing Entity":"cv32e40p_controller","Source":"                            if (~jump_done_q) begin"}
,{"expanded":false,"Exclusion Rule Type":"None","UNR":"none","Index":"54","Blk Type":"implicit else","Src Start Line":"605","Score":"0","All Average Grd":"0%","Enclosing Entity":"cv32e40p_controller","Source":"                            if (~jump_done_q) begin"}
,{"expanded":false,"Exclusion Rule Type":"None","UNR":"none","Index":"55","Blk Type":"implicit else","Src Start Line":"603","Score":"0","All Average Grd":"0%","Enclosing Entity":"cv32e40p_controller","Source":"                        if(hwlp_end0_eq_pc && hwlp_counter0_gt_1) begin"}
,{"expanded":false,"Exclusion Rule Type":"None","UNR":"none","Index":"56","Blk Type":"code block","Src Start Line":"613","Score":"0","All Average Grd":"0%","Enclosing Entity":"cv32e40p_controller","Source":"                         if(hwlp_end1_eq_pc && hwlp_counter1_gt_1) begin"}
,{"expanded":false,"Exclusion Rule Type":"None","UNR":"none","Index":"57","Blk Type":"true part of","Src Start Line":"613","Score":"0","All Average Grd":"0%","Enclosing Entity":"cv32e40p_controller","Source":"                         if(hwlp_end1_eq_pc && hwlp_counter1_gt_1) begin"}
,{"expanded":false,"Exclusion Rule Type":"None","UNR":"none","Index":"58","Blk Type":"true part of","Src Start Line":"615","Score":"0","All Average Grd":"0%","Enclosing Entity":"cv32e40p_controller","Source":"                            if (~jump_done_q) begin"}
,{"expanded":false,"Exclusion Rule Type":"None","UNR":"none","Index":"59","Blk Type":"implicit else","Src Start Line":"615","Score":"0","All Average Grd":"0%","Enclosing Entity":"cv32e40p_controller","Source":"                            if (~jump_done_q) begin"}
,{"expanded":false,"Exclusion Rule Type":"None","UNR":"none","Index":"60","Blk Type":"implicit else","Src Start Line":"613","Score":"0","All Average Grd":"0%","Enclosing Entity":"cv32e40p_controller","Source":"                         if(hwlp_end1_eq_pc && hwlp_counter1_gt_1) begin"}
,{"expanded":false,"Exclusion Rule Type":"None","UNR":"none","Index":"66","Blk Type":"a case item of","Src Start Line":"650","Score":"0","All Average Grd":"0%","Enclosing Entity":"cv32e40p_controller","Source":"                        begin"}
,{"expanded":false,"Exclusion Rule Type":"None","UNR":"none","Index":"70","Blk Type":"implicit else","Src Start Line":"640","Score":"0","All Average Grd":"0%","Enclosing Entity":"cv32e40p_controller","Source":"                    if (id_ready_i) begin"}
,{"expanded":false,"Exclusion Rule Type":"None","UNR":"none","Index":"73","Blk Type":"a case item of","Src Start Line":"681","Score":"0","All Average Grd":"0%","Enclosing Entity":"cv32e40p_controller","Source":"      begin"}
,{"expanded":false,"Exclusion Rule Type":"None","UNR":"none","Index":"74","Blk Type":"true part of","Src Start Line":"682","Score":"0","All Average Grd":"0%","Enclosing Entity":"cv32e40p_controller","Source":"        if (PULP_XPULP) begin"}
,{"expanded":false,"Exclusion Rule Type":"None","UNR":"none","Index":"75","Blk Type":"true part of","Src Start Line":"684","Score":"0","All Average Grd":"0%","Enclosing Entity":"cv32e40p_controller","Source":"          begin // now analyze the current instruction in the ID stage"}
,{"expanded":false,"Exclusion Rule Type":"None","UNR":"none","Index":"76","Blk Type":"true part of","Src Start Line":"689","Score":"0","All Average Grd":"0%","Enclosing Entity":"cv32e40p_controller","Source":"              begin"}
,{"expanded":false,"Exclusion Rule Type":"None","UNR":"none","Index":"77","Blk Type":"false part of","Src Start Line":"695","Score":"0","All Average Grd":"0%","Enclosing Entity":"cv32e40p_controller","Source":"            else if (irq_req_ctrl_i && ~debug_mode_q)"}
,{"expanded":false,"Exclusion Rule Type":"None","UNR":"none","Index":"78","Blk Type":"true part of","Src Start Line":"696","Score":"0","All Average Grd":"0%","Enclosing Entity":"cv32e40p_controller","Source":"              begin"}
,{"expanded":false,"Exclusion Rule Type":"None","UNR":"none","Index":"79","Blk Type":"true part of","Src Start Line":"715","Score":"0","All Average Grd":"0%","Enclosing Entity":"cv32e40p_controller","Source":"                  trap_addr_mux_o  = TRAP_MACHINE;"}
,{"expanded":false,"Exclusion Rule Type":"None","UNR":"none","Index":"80","Blk Type":"false part of","Src Start Line":"717","Score":"0","All Average Grd":"0%","Enclosing Entity":"cv32e40p_controller","Source":"                  trap_addr_mux_o  = current_priv_lvl_i == PRIV_LVL_U ? TRAP_USER : TRAP_MACHINE;"}
,{"expanded":false,"Exclusion Rule Type":"None","UNR":"none","Index":"81","Blk Type":"code block","Src Start Line":"719","Score":"0","All Average Grd":"0%","Enclosing Entity":"cv32e40p_controller","Source":"                csr_save_cause_o  = 1'b1;"}
,{"expanded":false,"Exclusion Rule Type":"None","UNR":"none","Index":"82","Blk Type":"false part of","Src Start Line":"726","Score":"0","All Average Grd":"0%","Enclosing Entity":"cv32e40p_controller","Source":"              begin"}
,{"expanded":false,"Exclusion Rule Type":"None","UNR":"none","Index":"83","Blk Type":"true part of","Src Start Line":"730","Score":"0","All Average Grd":"0%","Enclosing Entity":"cv32e40p_controller","Source":"                if(illegal_insn_i || is_hwlp_illegal) begin"}
,{"expanded":false,"Exclusion Rule Type":"None","UNR":"none","Index":"84","Blk Type":"false part of","Src Start Line":"737","Score":"0","All Average Grd":"0%","Enclosing Entity":"cv32e40p_controller","Source":"                end else begin"}
,{"expanded":false,"Exclusion Rule Type":"None","UNR":"none","Index":"85","Blk Type":"a case item of","Src Start Line":"742","Score":"0","All Average Grd":"0%","Enclosing Entity":"cv32e40p_controller","Source":"                    ebrk_insn_i: begin"}
,{"expanded":false,"Exclusion Rule Type":"None","UNR":"none","Index":"86","Blk Type":"true part of","Src Start Line":"748","Score":"0","All Average Grd":"0%","Enclosing Entity":"cv32e40p_controller","Source":"                        ctrl_fsm_ns = DBG_FLUSH;"}
,{"expanded":false,"Exclusion Rule Type":"None","UNR":"none","Index":"87","Blk Type":"false part of","Src Start Line":"750","Score":"0","All Average Grd":"0%","Enclosing Entity":"cv32e40p_controller","Source":"                      else if (ebrk_force_debug_mode)"}
,{"expanded":false,"Exclusion Rule Type":"None","UNR":"none","Index":"88","Blk Type":"true part of","Src Start Line":"752","Score":"0","All Average Grd":"0%","Enclosing Entity":"cv32e40p_controller","Source":"                        ctrl_fsm_ns  = DBG_FLUSH;"}
,{"expanded":false,"Exclusion Rule Type":"None","UNR":"none","Index":"89","Blk Type":"false part of","Src Start Line":"754","Score":"0","All Average Grd":"0%","Enclosing Entity":"cv32e40p_controller","Source":"                      else begin"}
,{"expanded":false,"Exclusion Rule Type":"None","UNR":"none","Index":"90","Blk Type":"a case item of","Src Start Line":"761","Score":"0","All Average Grd":"0%","Enclosing Entity":"cv32e40p_controller","Source":"                    ecall_insn_i: begin"}
,{"expanded":false,"Exclusion Rule Type":"None","UNR":"none","Index":"91","Blk Type":"a case item of","Src Start Line":"767","Score":"0","All Average Grd":"0%","Enclosing Entity":"cv32e40p_controller","Source":"                    csr_status_i: begin"}
,{"expanded":false,"Exclusion Rule Type":"None","UNR":"none","Index":"92","Blk Type":"a case item of","Src Start Line":"772","Score":"0","All Average Grd":"0%","Enclosing Entity":"cv32e40p_controller","Source":"                    data_load_event_i: begin"}
,{"expanded":false,"Exclusion Rule Type":"None","UNR":"none","Index":"93","Blk Type":"a case item of","Src Start Line":"777","Score":"0","All Average Grd":"0%","Enclosing Entity":"cv32e40p_controller","Source":"                    default: begin"}
,{"expanded":false,"Exclusion Rule Type":"None","UNR":"none","Index":"94","Blk Type":"true part of","Src Start Line":"780","Score":"0","All Average Grd":"0%","Enclosing Entity":"cv32e40p_controller","Source":"                      if(hwlp_end1_eq_pc_plus4) begin"}
,{"expanded":false,"Exclusion Rule Type":"None","UNR":"none","Index":"95","Blk Type":"true part of","Src Start Line":"781","Score":"0","All Average Grd":"0%","Enclosing Entity":"cv32e40p_controller","Source":"                          if(hwlp_counter1_gt_1) begin"}
,{"expanded":false,"Exclusion Rule Type":"None","UNR":"none","Index":"96","Blk Type":"false part of","Src Start Line":"786","Score":"0","All Average Grd":"0%","Enclosing Entity":"cv32e40p_controller","Source":"                            ctrl_fsm_ns      = is_hwlp_body ? DECODE_HWLOOP : DECODE;"}
,{"expanded":false,"Exclusion Rule Type":"None","UNR":"none","Index":"97","Blk Type":"implicit else","Src Start Line":"780","Score":"0","All Average Grd":"0%","Enclosing Entity":"cv32e40p_controller","Source":"                      if(hwlp_end1_eq_pc_plus4) begin"}
,{"expanded":false,"Exclusion Rule Type":"None","UNR":"none","Index":"98","Blk Type":"code block","Src Start Line":"789","Score":"0","All Average Grd":"0%","Enclosing Entity":"cv32e40p_controller","Source":"                      if(hwlp_end0_eq_pc_plus4) begin"}
,{"expanded":false,"Exclusion Rule Type":"None","UNR":"none","Index":"99","Blk Type":"true part of","Src Start Line":"789","Score":"0","All Average Grd":"0%","Enclosing Entity":"cv32e40p_controller","Source":"                      if(hwlp_end0_eq_pc_plus4) begin"}
,{"expanded":false,"Exclusion Rule Type":"None","UNR":"none","Index":"100","Blk Type":"true part of","Src Start Line":"790","Score":"0","All Average Grd":"0%","Enclosing Entity":"cv32e40p_controller","Source":"                          if(hwlp_counter0_gt_1) begin"}
,{"expanded":false,"Exclusion Rule Type":"None","UNR":"none","Index":"101","Blk Type":"false part of","Src Start Line":"795","Score":"0","All Average Grd":"0%","Enclosing Entity":"cv32e40p_controller","Source":"                            ctrl_fsm_ns      = is_hwlp_body ? DECODE_HWLOOP : DECODE;"}
,{"expanded":false,"Exclusion Rule Type":"None","UNR":"none","Index":"102","Blk Type":"implicit else","Src Start Line":"789","Score":"0","All Average Grd":"0%","Enclosing Entity":"cv32e40p_controller","Source":"                      if(hwlp_end0_eq_pc_plus4) begin"}
,{"expanded":false,"Exclusion Rule Type":"None","UNR":"none","Index":"103","Blk Type":"code block","Src Start Line":"798","Score":"0","All Average Grd":"0%","Enclosing Entity":"cv32e40p_controller","Source":"                      hwlp_dec_cnt_o[0] = hwlp_end0_eq_pc;"}
,{"expanded":false,"Exclusion Rule Type":"None","UNR":"none","Index":"104","Blk Type":"code block","Src Start Line":"805","Score":"0","All Average Grd":"0%","Enclosing Entity":"cv32e40p_controller","Source":"                if (debug_single_step_i & ~debug_mode_q) begin"}
,{"expanded":false,"Exclusion Rule Type":"None","UNR":"none","Index":"105","Blk Type":"true part of","Src Start Line":"805","Score":"0","All Average Grd":"0%","Enclosing Entity":"cv32e40p_controller","Source":"                if (debug_single_step_i & ~debug_mode_q) begin"}
,{"expanded":false,"Exclusion Rule Type":"None","UNR":"none","Index":"106","Blk Type":"true part of","Src Start Line":"816","Score":"0","All Average Grd":"0%","Enclosing Entity":"cv32e40p_controller","Source":"                    if (id_ready_i) begin"}
,{"expanded":false,"Exclusion Rule Type":"None","UNR":"none","Index":"107","Blk Type":"a case item of","Src Start Line":"821","Score":"0","All Average Grd":"0%","Enclosing Entity":"cv32e40p_controller","Source":"                        begin"}
,{"expanded":false,"Exclusion Rule Type":"None","UNR":"none","Index":"108","Blk Type":"a case item of","Src Start Line":"826","Score":"0","All Average Grd":"0%","Enclosing Entity":"cv32e40p_controller","Source":"                        begin"}
,{"expanded":false,"Exclusion Rule Type":"None","UNR":"none","Index":"109","Blk Type":"a case item of","Src Start Line":"831","Score":"0","All Average Grd":"0%","Enclosing Entity":"cv32e40p_controller","Source":"                        begin"}
,{"expanded":false,"Exclusion Rule Type":"None","UNR":"none","Index":"110","Blk Type":"a case item of","Src Start Line":"836","Score":"0","All Average Grd":"0%","Enclosing Entity":"cv32e40p_controller","Source":"                        begin"}
,{"expanded":false,"Exclusion Rule Type":"None","UNR":"none","Index":"111","Blk Type":"a case item of","Src Start Line":"842","Score":"0","All Average Grd":"0%","Enclosing Entity":"cv32e40p_controller","Source":"                            ctrl_fsm_ns = DBG_FLUSH;"}
,{"expanded":false,"Exclusion Rule Type":"None","UNR":"none","Index":"112","Blk Type":"implicit else","Src Start Line":"816","Score":"0","All Average Grd":"0%","Enclosing Entity":"cv32e40p_controller","Source":"                    if (id_ready_i) begin"}
,{"expanded":false,"Exclusion Rule Type":"None","UNR":"none","Index":"113","Blk Type":"implicit else","Src Start Line":"805","Score":"0","All Average Grd":"0%","Enclosing Entity":"cv32e40p_controller","Source":"                if (debug_single_step_i & ~debug_mode_q) begin"}
,{"expanded":false,"Exclusion Rule Type":"None","UNR":"none","Index":"114","Blk Type":"false part of","Src Start Line":"850","Score":"0","All Average Grd":"0%","Enclosing Entity":"cv32e40p_controller","Source":"          else begin"}
,{"expanded":false,"Exclusion Rule Type":"None","UNR":"none","Index":"115","Blk Type":"implicit else","Src Start Line":"682","Score":"0","All Average Grd":"0%","Enclosing Entity":"cv32e40p_controller","Source":"        if (PULP_XPULP) begin"}
,{"expanded":false,"Exclusion Rule Type":"None","UNR":"none","Index":"117","Blk Type":"true part of","Src Start Line":"866","Score":"0","All Average Grd":"0%","Enclosing Entity":"cv32e40p_controller","Source":"        begin //data error"}
,{"expanded":false,"Exclusion Rule Type":"None","UNR":"none","Index":"126","Blk Type":"a case item of","Src Start Line":"906","Score":"0","All Average Grd":"0%","Enclosing Entity":"cv32e40p_controller","Source":"      begin"}
,{"expanded":false,"Exclusion Rule Type":"None","UNR":"none","Index":"127","Blk Type":"true part of","Src Start Line":"907","Score":"0","All Average Grd":"0%","Enclosing Entity":"cv32e40p_controller","Source":"        if (PULP_CLUSTER == 1'b1) begin"}
,{"expanded":false,"Exclusion Rule Type":"None","UNR":"none","Index":"128","Blk Type":"true part of","Src Start Line":"917","Score":"0","All Average Grd":"0%","Enclosing Entity":"cv32e40p_controller","Source":"          if (irq_req_ctrl_i && ~(debug_req_pending || debug_mode_q)) begin"}
,{"expanded":false,"Exclusion Rule Type":"None","UNR":"none","Index":"129","Blk Type":"true part of","Src Start Line":"934","Score":"0","All Average Grd":"0%","Enclosing Entity":"cv32e40p_controller","Source":"              trap_addr_mux_o  = TRAP_MACHINE;"}
,{"expanded":false,"Exclusion Rule Type":"None","UNR":"none","Index":"130","Blk Type":"false part of","Src Start Line":"936","Score":"0","All Average Grd":"0%","Enclosing Entity":"cv32e40p_controller","Source":"              trap_addr_mux_o  = current_priv_lvl_i == PRIV_LVL_U ? TRAP_USER : TRAP_MACHINE;"}
,{"expanded":false,"Exclusion Rule Type":"None","UNR":"none","Index":"131","Blk Type":"code block","Src Start Line":"938","Score":"0","All Average Grd":"0%","Enclosing Entity":"cv32e40p_controller","Source":"            csr_save_cause_o  = 1'b1;"}
,{"expanded":false,"Exclusion Rule Type":"None","UNR":"none","Index":"132","Blk Type":"implicit else","Src Start Line":"917","Score":"0","All Average Grd":"0%","Enclosing Entity":"cv32e40p_controller","Source":"          if (irq_req_ctrl_i && ~(debug_req_pending || debug_mode_q)) begin"}
,{"expanded":false,"Exclusion Rule Type":"None","UNR":"none","Index":"133","Blk Type":"implicit else","Src Start Line":"907","Score":"0","All Average Grd":"0%","Enclosing Entity":"cv32e40p_controller","Source":"        if (PULP_CLUSTER == 1'b1) begin"}
,{"expanded":false,"Exclusion Rule Type":"None","UNR":"none","Index":"134","Blk Type":"a case item of","Src Start Line":"946","Score":"0","All Average Grd":"0%","Enclosing Entity":"cv32e40p_controller","Source":"      begin"}
,{"expanded":false,"Exclusion Rule Type":"None","UNR":"none","Index":"135","Blk Type":"true part of","Src Start Line":"947","Score":"0","All Average Grd":"0%","Enclosing Entity":"cv32e40p_controller","Source":"        if (PULP_CLUSTER == 1'b1) begin"}
,{"expanded":false,"Exclusion Rule Type":"None","UNR":"none","Index":"136","Blk Type":"true part of","Src Start Line":"959","Score":"0","All Average Grd":"0%","Enclosing Entity":"cv32e40p_controller","Source":"            ctrl_fsm_ns = ((debug_req_pending || trigger_match_i) & ~debug_mode_q) ? DBG_FLUSH : IRQ_FLUSH_ELW;"}
,{"expanded":false,"Exclusion Rule Type":"None","UNR":"none","Index":"137","Blk Type":"false part of","Src Start Line":"963","Score":"0","All Average Grd":"0%","Enclosing Entity":"cv32e40p_controller","Source":"            ctrl_fsm_ns = ELW_EXE;"}
,{"expanded":false,"Exclusion Rule Type":"None","UNR":"none","Index":"138","Blk Type":"code block","Src Start Line":"965","Score":"0","All Average Grd":"0%","Enclosing Entity":"cv32e40p_controller","Source":"          perf_pipeline_stall_o = data_load_event_i;"}
,{"expanded":false,"Exclusion Rule Type":"None","UNR":"none","Index":"139","Blk Type":"implicit else","Src Start Line":"947","Score":"0","All Average Grd":"0%","Enclosing Entity":"cv32e40p_controller","Source":"        if (PULP_CLUSTER == 1'b1) begin"}
,{"expanded":false,"Exclusion Rule Type":"None","UNR":"none","Index":"141","Blk Type":"true part of","Src Start Line":"979","Score":"0","All Average Grd":"0%","Enclosing Entity":"cv32e40p_controller","Source":"        if(data_err_q) begin"}
,{"expanded":false,"Exclusion Rule Type":"None","UNR":"none","Index":"143","Blk Type":"true part of","Src Start Line":"989","Score":"0","All Average Grd":"0%","Enclosing Entity":"cv32e40p_controller","Source":"        else if (is_fetch_failed_i) begin"}
,{"expanded":false,"Exclusion Rule Type":"None","UNR":"none","Index":"150","Blk Type":"true part of","Src Start Line":"1018","Score":"0","All Average Grd":"0%","Enclosing Entity":"cv32e40p_controller","Source":"                      ctrl_fsm_ns = DBG_TAKEN_IF;"}
,{"expanded":false,"Exclusion Rule Type":"None","UNR":"none","Index":"153","Blk Type":"true part of","Src Start Line":"1028","Score":"0","All Average Grd":"0%","Enclosing Entity":"cv32e40p_controller","Source":"                      ctrl_fsm_ns = DBG_TAKEN_IF;"}
,{"expanded":false,"Exclusion Rule Type":"None","UNR":"none","Index":"156","Blk Type":"a case item of","Src Start Line":"1035","Score":"0","All Average Grd":"0%","Enclosing Entity":"cv32e40p_controller","Source":"              uret_insn_i: begin"}
,{"expanded":false,"Exclusion Rule Type":"None","UNR":"none","Index":"159","Blk Type":"true part of","Src Start Line":"1046","Score":"0","All Average Grd":"0%","Enclosing Entity":"cv32e40p_controller","Source":"                if(hwlp_end0_eq_pc && hwlp_counter0_gt_1) begin"}
,{"expanded":false,"Exclusion Rule Type":"None","UNR":"none","Index":"162","Blk Type":"true part of","Src Start Line":"1051","Score":"0","All Average Grd":"0%","Enclosing Entity":"cv32e40p_controller","Source":"                if(hwlp_end1_eq_pc && hwlp_counter1_gt_1) begin"}
,{"expanded":false,"Exclusion Rule Type":"None","UNR":"none","Index":"165","Blk Type":"true part of","Src Start Line":"1058","Score":"0","All Average Grd":"0%","Enclosing Entity":"cv32e40p_controller","Source":"                    ctrl_fsm_ns = DBG_TAKEN_IF;"}
,{"expanded":false,"Exclusion Rule Type":"None","UNR":"none","Index":"172","Blk Type":"a case item of","Src Start Line":"1089","Score":"0","All Average Grd":"0%","Enclosing Entity":"cv32e40p_controller","Source":"          uret_dec_i: begin"}
,{"expanded":false,"Exclusion Rule Type":"None","UNR":"none","Index":"174","Blk Type":"a case item of","Src Start Line":"1102","Score":"0","All Average Grd":"0%","Enclosing Entity":"cv32e40p_controller","Source":"          default:;"}
,{"expanded":false,"Exclusion Rule Type":"None","UNR":"none","Index":"189","Blk Type":"implicit else","Src Start Line":"1151","Score":"0","All Average Grd":"0%","Enclosing Entity":"cv32e40p_controller","Source":"            else if (debug_req_pending)"}
,{"expanded":false,"Exclusion Rule Type":"None","UNR":"none","Index":"194","Blk Type":"implicit else","Src Start Line":"1169","Score":"0","All Average Grd":"0%","Enclosing Entity":"cv32e40p_controller","Source":"        if (debug_single_step_i)"}
,{"expanded":false,"Exclusion Rule Type":"None","UNR":"none","Index":"197","Blk Type":"true part of","Src Start Line":"1187","Score":"0","All Average Grd":"0%","Enclosing Entity":"cv32e40p_controller","Source":"        begin //data error"}
,{"expanded":false,"Exclusion Rule Type":"None","UNR":"none","Index":"205","Blk Type":"true part of","Src Start Line":"1204","Score":"0","All Average Grd":"0%","Enclosing Entity":"cv32e40p_controller","Source":"          end else if(data_load_event_i) begin"}
],"assertion_items"
:[]
,"expression_items":[{"expanded":false,"expanded":false,"Exclusion Rule Type":"None","Index":"1","All Average Grd":"40%","All Cov":"2 / 5 (40%)","Src Start Line":"316","Enclosing Entity":"cv32e40p_controller","Source":"    hwlp_targ_addr_o        = ((hwlp_start1_leq_pc && hwlp_end1_geq_pc) && !(hwlp_start0_leq_pc && hwlp_end0_geq_pc)) ? hwlp_start_addr_i[1] : hwlp_start_addr_i[0];"
,"subitems":[{"expanded":false,"expanded":false,"Exclusion Rule Type":"None","Index":"1","All Average Grd":"40%","All Cov":"2 / 5 (40%)","Source":"    hwlp_targ_addr_o        = ((hwlp_start1_leq_pc && hwlp_end1_geq_pc) && !(hwlp_start0_leq_pc && hwlp_end0_geq_pc)) ? hwlp_start_addr_i[1] : hwlp_start_addr_i[0];","table_type":"cov"
,"subitems":[{"title":"1;1;-;0","expanded":false,"Exclusion Rule Type":"None","UNR":"none","Score":"0","Out":"1"}
,{"title":"1;1;0;-","expanded":false,"Exclusion Rule Type":"None","UNR":"none","Score":"0","Out":"1"}
,{"title":"-;-;1;1","expanded":false,"Exclusion Rule Type":"None","UNR":"none","Score":"0","Out":"0"}
,{"title":"-;0;-;-","expanded":false,"Exclusion Rule Type":"None","UNR":"none","Score":"1","Out":"0"}
,{"title":"0;-;-;-","expanded":false,"Exclusion Rule Type":"None","UNR":"none","Score":"1","Out":"0"}
],"cov_table_title":"Coverage Table with Output","header":"((hwlp_start1_leq_pc && hwlp_end1_geq_pc) && (! (hwlp_start0_leq_pc && hwlp_end0_geq_pc)))","columns":"hwlp_start1_leq_pc;hwlp_end1_geq_pc;hwlp_start0_leq_pc;hwlp_end0_geq_pc"}
]}
,{"expanded":false,"expanded":false,"Exclusion Rule Type":"None","Index":"2","All Average Grd":"75%","All Cov":"3 / 4 (75%)","Src Start Line":"379","Enclosing Entity":"cv32e40p_controller","Source":"        if (irq_req_ctrl_i && ~(debug_req_pending || debug_mode_q)) begin"
,"subitems":[{"expanded":false,"expanded":false,"Exclusion Rule Type":"None","Index":"1","All Average Grd":"75%","All Cov":"3 / 4 (75%)","Source":"        if (irq_req_ctrl_i && ~(debug_req_pending || debug_mode_q)) begin","table_type":"cov"
,"subitems":[{"title":"1;0;0","expanded":false,"Exclusion Rule Type":"None","UNR":"none","Score":"1","Out":"1"}
,{"title":"-;-;1","expanded":false,"Exclusion Rule Type":"None","UNR":"none","Score":"0","Out":"0"}
,{"title":"-;1;-","expanded":false,"Exclusion Rule Type":"None","UNR":"none","Score":"1","Out":"0"}
,{"title":"0;-;-","expanded":false,"Exclusion Rule Type":"None","UNR":"none","Score":"1","Out":"0"}
],"cov_table_title":"Coverage Table with Output","header":"irq_req_ctrl_i && (~ (debug_req_pending || debug_mode_q))","columns":"irq_req_ctrl_i;debug_req_pending;debug_mode_q"}
]}
,{"expanded":false,"expanded":false,"Exclusion Rule Type":"None","Index":"5","All Average Grd":"66.67%","All Cov":"2 / 3 (66.67%)","Src Start Line":"513","Enclosing Entity":"cv32e40p_controller","Source":"                if(illegal_insn_i || is_hwlp_illegal) begin"
,"subitems":[{"expanded":false,"expanded":false,"Exclusion Rule Type":"None","Index":"1","All Average Grd":"66.67%","All Cov":"2 / 3 (66.67%)","Source":"                if(illegal_insn_i || is_hwlp_illegal) begin","table_type":"cov"
,"subitems":[{"title":"1;-","expanded":false,"Exclusion Rule Type":"None","UNR":"none","Score":"1","Out":"n/a"}
,{"title":"-;1","expanded":false,"Exclusion Rule Type":"None","UNR":"none","Score":"0","Out":"n/a"}
,{"title":"0;0","expanded":false,"Exclusion Rule Type":"None","UNR":"none","Score":"1","Out":"n/a"}
],"cov_table_title":"Coverage Table","header":"illegal_insn_i || is_hwlp_illegal","columns":"illegal_insn_i;is_hwlp_illegal"}
]}
,{"expanded":false,"expanded":false,"Exclusion Rule Type":"None","Index":"7","All Average Grd":"0%","All Cov":"0 / 3 (0%)","Src Start Line":"600","Enclosing Entity":"cv32e40p_controller","Source":"                        ctrl_fsm_ns  = hwlp_end0_eq_pc_plus4 || hwlp_end1_eq_pc_plus4 ? DECODE : DECODE_HWLOOP;"
,"subitems":[{"expanded":false,"expanded":false,"Exclusion Rule Type":"None","Index":"1","All Average Grd":"0%","All Cov":"0 / 3 (0%)","Source":"                        ctrl_fsm_ns  = hwlp_end0_eq_pc_plus4 || hwlp_end1_eq_pc_plus4 ? DECODE : DECODE_HWLOOP;","table_type":"cov"
,"subitems":[{"title":"1;-","expanded":false,"Exclusion Rule Type":"None","UNR":"none","Score":"0","Out":"n/a"}
,{"title":"-;1","expanded":false,"Exclusion Rule Type":"None","UNR":"none","Score":"0","Out":"n/a"}
,{"title":"0;0","expanded":false,"Exclusion Rule Type":"None","UNR":"none","Score":"0","Out":"n/a"}
],"cov_table_title":"Coverage Table","header":"(hwlp_end0_eq_pc_plus4 || hwlp_end1_eq_pc_plus4)","columns":"hwlp_end0_eq_pc_plus4;hwlp_end1_eq_pc_plus4"}
]}
,{"expanded":false,"expanded":false,"Exclusion Rule Type":"None","Index":"8","All Average Grd":"0%","All Cov":"0 / 3 (0%)","Src Start Line":"603","Enclosing Entity":"cv32e40p_controller","Source":"                        if(hwlp_end0_eq_pc && hwlp_counter0_gt_1) begin"
,"subitems":[{"expanded":false,"expanded":false,"Exclusion Rule Type":"None","Index":"1","All Average Grd":"0%","All Cov":"0 / 3 (0%)","Source":"                        if(hwlp_end0_eq_pc && hwlp_counter0_gt_1) begin","table_type":"cov"
,"subitems":[{"title":"0;-","expanded":false,"Exclusion Rule Type":"None","UNR":"none","Score":"0","Out":"n/a"}
,{"title":"-;0","expanded":false,"Exclusion Rule Type":"None","UNR":"none","Score":"0","Out":"n/a"}
,{"title":"1;1","expanded":false,"Exclusion Rule Type":"None","UNR":"none","Score":"0","Out":"n/a"}
],"cov_table_title":"Coverage Table","header":"hwlp_end0_eq_pc && hwlp_counter0_gt_1","columns":"hwlp_end0_eq_pc;hwlp_counter0_gt_1"}
]}
,{"expanded":false,"expanded":false,"Exclusion Rule Type":"None","Index":"9","All Average Grd":"0%","All Cov":"0 / 3 (0%)","Src Start Line":"613","Enclosing Entity":"cv32e40p_controller","Source":"                         if(hwlp_end1_eq_pc && hwlp_counter1_gt_1) begin"
,"subitems":[{"expanded":false,"expanded":false,"Exclusion Rule Type":"None","Index":"1","All Average Grd":"0%","All Cov":"0 / 3 (0%)","Source":"                         if(hwlp_end1_eq_pc && hwlp_counter1_gt_1) begin","table_type":"cov"
,"subitems":[{"title":"0;-","expanded":false,"Exclusion Rule Type":"None","UNR":"none","Score":"0","Out":"n/a"}
,{"title":"-;0","expanded":false,"Exclusion Rule Type":"None","UNR":"none","Score":"0","Out":"n/a"}
,{"title":"1;1","expanded":false,"Exclusion Rule Type":"None","UNR":"none","Score":"0","Out":"n/a"}
],"cov_table_title":"Coverage Table","header":"hwlp_end1_eq_pc && hwlp_counter1_gt_1","columns":"hwlp_end1_eq_pc;hwlp_counter1_gt_1"}
]}
,{"expanded":false,"expanded":false,"Exclusion Rule Type":"None","Index":"10","All Average Grd":"0%","All Cov":"0 / 3 (0%)","Src Start Line":"688","Enclosing Entity":"cv32e40p_controller","Source":"            if ( (debug_req_pending || trigger_match_i) & ~debug_mode_q )"
,"subitems":[{"expanded":false,"expanded":false,"Exclusion Rule Type":"None","Index":"1","All Average Grd":"0%","All Cov":"0 / 3 (0%)","Source":"            if ( (debug_req_pending || trigger_match_i) & ~debug_mode_q )","table_type":"cov"
,"subitems":[{"title":"1;-","expanded":false,"Exclusion Rule Type":"None","UNR":"none","Score":"0","Out":"n/a"}
,{"title":"-;1","expanded":false,"Exclusion Rule Type":"None","UNR":"none","Score":"0","Out":"n/a"}
,{"title":"0;0","expanded":false,"Exclusion Rule Type":"None","UNR":"none","Score":"0","Out":"n/a"}
],"cov_table_title":"Coverage Table","header":"(debug_req_pending || trigger_match_i)","columns":"debug_req_pending;trigger_match_i"}
]}
,{"expanded":false,"expanded":false,"Exclusion Rule Type":"None","Index":"11","All Average Grd":"0%","All Cov":"0 / 3 (0%)","Src Start Line":"695","Enclosing Entity":"cv32e40p_controller","Source":"            else if (irq_req_ctrl_i && ~debug_mode_q)"
,"subitems":[{"expanded":false,"expanded":false,"Exclusion Rule Type":"None","Index":"1","All Average Grd":"0%","All Cov":"0 / 3 (0%)","Source":"            else if (irq_req_ctrl_i && ~debug_mode_q)","table_type":"cov"
,"subitems":[{"title":"1;0","expanded":false,"Exclusion Rule Type":"None","UNR":"none","Score":"0","Out":"1"}
,{"title":"-;1","expanded":false,"Exclusion Rule Type":"None","UNR":"none","Score":"0","Out":"0"}
,{"title":"0;-","expanded":false,"Exclusion Rule Type":"None","UNR":"none","Score":"0","Out":"0"}
],"cov_table_title":"Coverage Table with Output","header":"irq_req_ctrl_i && (~ debug_mode_q)","columns":"irq_req_ctrl_i;debug_mode_q"}
]}
,{"expanded":false,"expanded":false,"Exclusion Rule Type":"None","Index":"12","All Average Grd":"0%","All Cov":"0 / 3 (0%)","Src Start Line":"730","Enclosing Entity":"cv32e40p_controller","Source":"                if(illegal_insn_i || is_hwlp_illegal) begin"
,"subitems":[{"expanded":false,"expanded":false,"Exclusion Rule Type":"None","Index":"1","All Average Grd":"0%","All Cov":"0 / 3 (0%)","Source":"                if(illegal_insn_i || is_hwlp_illegal) begin","table_type":"cov"
,"subitems":[{"title":"1;-","expanded":false,"Exclusion Rule Type":"None","UNR":"none","Score":"0","Out":"n/a"}
,{"title":"-;1","expanded":false,"Exclusion Rule Type":"None","UNR":"none","Score":"0","Out":"n/a"}
,{"title":"0;0","expanded":false,"Exclusion Rule Type":"None","UNR":"none","Score":"0","Out":"n/a"}
],"cov_table_title":"Coverage Table","header":"illegal_insn_i || is_hwlp_illegal","columns":"illegal_insn_i;is_hwlp_illegal"}
]}
,{"expanded":false,"expanded":false,"Exclusion Rule Type":"None","Index":"13","All Average Grd":"0%","All Cov":"0 / 4 (0%)","Src Start Line":"917","Enclosing Entity":"cv32e40p_controller","Source":"          if (irq_req_ctrl_i && ~(debug_req_pending || debug_mode_q)) begin"
,"subitems":[{"expanded":false,"expanded":false,"Exclusion Rule Type":"None","Index":"1","All Average Grd":"0%","All Cov":"0 / 4 (0%)","Source":"          if (irq_req_ctrl_i && ~(debug_req_pending || debug_mode_q)) begin","table_type":"cov"
,"subitems":[{"title":"1;0;0","expanded":false,"Exclusion Rule Type":"None","UNR":"none","Score":"0","Out":"1"}
,{"title":"-;-;1","expanded":false,"Exclusion Rule Type":"None","UNR":"none","Score":"0","Out":"0"}
,{"title":"-;1;-","expanded":false,"Exclusion Rule Type":"None","UNR":"none","Score":"0","Out":"0"}
,{"title":"0;-;-","expanded":false,"Exclusion Rule Type":"None","UNR":"none","Score":"0","Out":"0"}
],"cov_table_title":"Coverage Table with Output","header":"irq_req_ctrl_i && (~ (debug_req_pending || debug_mode_q))","columns":"irq_req_ctrl_i;debug_req_pending;debug_mode_q"}
]}
,{"expanded":false,"expanded":false,"Exclusion Rule Type":"None","Index":"14","All Average Grd":"0%","All Cov":"0 / 3 (0%)","Src Start Line":"959","Enclosing Entity":"cv32e40p_controller","Source":"            ctrl_fsm_ns = ((debug_req_pending || trigger_match_i) & ~debug_mode_q) ? DBG_FLUSH : IRQ_FLUSH_ELW;"
,"subitems":[{"expanded":false,"expanded":false,"Exclusion Rule Type":"None","Index":"1","All Average Grd":"0%","All Cov":"0 / 3 (0%)","Source":"            ctrl_fsm_ns = ((debug_req_pending || trigger_match_i) & ~debug_mode_q) ? DBG_FLUSH : IRQ_FLUSH_ELW;","table_type":"cov"
,"subitems":[{"title":"1;-","expanded":false,"Exclusion Rule Type":"None","UNR":"none","Score":"0","Out":"n/a"}
,{"title":"-;1","expanded":false,"Exclusion Rule Type":"None","UNR":"none","Score":"0","Out":"n/a"}
,{"title":"0;0","expanded":false,"Exclusion Rule Type":"None","UNR":"none","Score":"0","Out":"n/a"}
],"cov_table_title":"Coverage Table","header":"(debug_req_pending || trigger_match_i)","columns":"debug_req_pending;trigger_match_i"}
]}
,{"expanded":false,"expanded":false,"Exclusion Rule Type":"None","Index":"16","All Average Grd":"33.33%","All Cov":"1 / 3 (33.33%)","Src Start Line":"1017","Enclosing Entity":"cv32e40p_controller","Source":"                  if (debug_single_step_i && ~debug_mode_q)"
,"subitems":[{"expanded":false,"expanded":false,"Exclusion Rule Type":"None","Index":"1","All Average Grd":"33.33%","All Cov":"1 / 3 (33.33%)","Source":"                  if (debug_single_step_i && ~debug_mode_q)","table_type":"cov"
,"subitems":[{"title":"1;0","expanded":false,"Exclusion Rule Type":"None","UNR":"none","Score":"0","Out":"1"}
,{"title":"-;1","expanded":false,"Exclusion Rule Type":"None","UNR":"none","Score":"0","Out":"0"}
,{"title":"0;-","expanded":false,"Exclusion Rule Type":"None","UNR":"none","Score":"1","Out":"0"}
],"cov_table_title":"Coverage Table with Output","header":"debug_single_step_i && (~ debug_mode_q)","columns":"debug_single_step_i;debug_mode_q"}
]}
,{"expanded":false,"expanded":false,"Exclusion Rule Type":"None","Index":"17","All Average Grd":"66.67%","All Cov":"2 / 3 (66.67%)","Src Start Line":"1027","Enclosing Entity":"cv32e40p_controller","Source":"                  if (debug_single_step_i && ~debug_mode_q)"
,"subitems":[{"expanded":false,"expanded":false,"Exclusion Rule Type":"None","Index":"1","All Average Grd":"66.67%","All Cov":"2 / 3 (66.67%)","Source":"                  if (debug_single_step_i && ~debug_mode_q)","table_type":"cov"
,"subitems":[{"title":"1;0","expanded":false,"Exclusion Rule Type":"None","UNR":"none","Score":"0","Out":"1"}
,{"title":"-;1","expanded":false,"Exclusion Rule Type":"None","UNR":"none","Score":"1","Out":"0"}
,{"title":"0;-","expanded":false,"Exclusion Rule Type":"None","UNR":"none","Score":"1","Out":"0"}
],"cov_table_title":"Coverage Table with Output","header":"debug_single_step_i && (~ debug_mode_q)","columns":"debug_single_step_i;debug_mode_q"}
]}
,{"expanded":false,"expanded":false,"Exclusion Rule Type":"None","Index":"18","All Average Grd":"66.67%","All Cov":"2 / 3 (66.67%)","Src Start Line":"1046","Enclosing Entity":"cv32e40p_controller","Source":"                if(hwlp_end0_eq_pc && hwlp_counter0_gt_1) begin"
,"subitems":[{"expanded":false,"expanded":false,"Exclusion Rule Type":"None","Index":"1","All Average Grd":"66.67%","All Cov":"2 / 3 (66.67%)","Source":"                if(hwlp_end0_eq_pc && hwlp_counter0_gt_1) begin","table_type":"cov"
,"subitems":[{"title":"0;-","expanded":false,"Exclusion Rule Type":"None","UNR":"none","Score":"1","Out":"n/a"}
,{"title":"-;0","expanded":false,"Exclusion Rule Type":"None","UNR":"none","Score":"1","Out":"n/a"}
,{"title":"1;1","expanded":false,"Exclusion Rule Type":"None","UNR":"none","Score":"0","Out":"n/a"}
],"cov_table_title":"Coverage Table","header":"hwlp_end0_eq_pc && hwlp_counter0_gt_1","columns":"hwlp_end0_eq_pc;hwlp_counter0_gt_1"}
]}
,{"expanded":false,"expanded":false,"Exclusion Rule Type":"None","Index":"19","All Average Grd":"66.67%","All Cov":"2 / 3 (66.67%)","Src Start Line":"1051","Enclosing Entity":"cv32e40p_controller","Source":"                if(hwlp_end1_eq_pc && hwlp_counter1_gt_1) begin"
,"subitems":[{"expanded":false,"expanded":false,"Exclusion Rule Type":"None","Index":"1","All Average Grd":"66.67%","All Cov":"2 / 3 (66.67%)","Source":"                if(hwlp_end1_eq_pc && hwlp_counter1_gt_1) begin","table_type":"cov"
,"subitems":[{"title":"0;-","expanded":false,"Exclusion Rule Type":"None","UNR":"none","Score":"1","Out":"n/a"}
,{"title":"-;0","expanded":false,"Exclusion Rule Type":"None","UNR":"none","Score":"1","Out":"n/a"}
,{"title":"1;1","expanded":false,"Exclusion Rule Type":"None","UNR":"none","Score":"0","Out":"n/a"}
],"cov_table_title":"Coverage Table","header":"hwlp_end1_eq_pc && hwlp_counter1_gt_1","columns":"hwlp_end1_eq_pc;hwlp_counter1_gt_1"}
]}
,{"expanded":false,"expanded":false,"Exclusion Rule Type":"None","Index":"20","All Average Grd":"66.67%","All Cov":"2 / 3 (66.67%)","Src Start Line":"1057","Enclosing Entity":"cv32e40p_controller","Source":"                 if (debug_single_step_i && ~debug_mode_q)"
,"subitems":[{"expanded":false,"expanded":false,"Exclusion Rule Type":"None","Index":"1","All Average Grd":"66.67%","All Cov":"2 / 3 (66.67%)","Source":"                 if (debug_single_step_i && ~debug_mode_q)","table_type":"cov"
,"subitems":[{"title":"1;0","expanded":false,"Exclusion Rule Type":"None","UNR":"none","Score":"0","Out":"1"}
,{"title":"-;1","expanded":false,"Exclusion Rule Type":"None","UNR":"none","Score":"1","Out":"0"}
,{"title":"0;-","expanded":false,"Exclusion Rule Type":"None","UNR":"none","Score":"1","Out":"0"}
],"cov_table_title":"Coverage Table with Output","header":"debug_single_step_i && (~ debug_mode_q)","columns":"debug_single_step_i;debug_mode_q"}
]}
],"fsm_items"
:[{"expanded":false,"Exclusion Rule Type":"None","UNR":"none","title":"ctrl_fsm_cs","State Average Grd":"81.25%","Trans Average Grd":"62.5%","Arc Average Grd":"n/a","All Average Grd":"71.88%","Enclosing Entity":"cv32e40p_controller","Source":"  ctrl_state_e ctrl_fsm_cs, ctrl_fsm_ns;"
,"subitems":[{"expanded":false,"Exclusion Rule Type":"None","UNR":"none","title":"DECODE_HWLOOP","Encoding":"01111","Score":"0","Is Reset State":"false","All Average Grd":"0%","Source":"      DECODE_HWLOOP:"}
,{"expanded":false,"Exclusion Rule Type":"None","UNR":"none","title":"IRQ_FLUSH_ELW","Encoding":"00110","Score":"0","Is Reset State":"false","All Average Grd":"0%","Source":"      IRQ_FLUSH_ELW:"}
,{"expanded":false,"Exclusion Rule Type":"None","UNR":"none","title":"ELW_EXE","Encoding":"00111","Score":"0","Is Reset State":"false","All Average Grd":"0%","Source":"      ELW_EXE:"}
]
,"subitems1":[{"expanded":false,"Exclusion Rule Type":"None","UNR":"none","Index":"5","From State title":"DECODE","To State title":"FLUSH_WB","Score":"0","Is Reset Trans":"false","All Average Grd":"0%"
,"subitems":[]}
,{"expanded":false,"Exclusion Rule Type":"None","UNR":"none","Index":"8","From State title":"DECODE","To State title":"ELW_EXE","Score":"0","Is Reset Trans":"false","All Average Grd":"0%"
,"subitems":[]}
,{"expanded":false,"Exclusion Rule Type":"None","UNR":"none","Index":"9","From State title":"DECODE","To State title":"DECODE_HWLOOP","Score":"0","Is Reset Trans":"false","All Average Grd":"0%"
,"subitems":[]}
,{"expanded":false,"Exclusion Rule Type":"None","UNR":"none","Index":"11","From State title":"DECODE_HWLOOP","To State title":"DBG_FLUSH","Score":"0","Is Reset Trans":"false","All Average Grd":"0%"
,"subitems":[]}
,{"expanded":false,"Exclusion Rule Type":"None","UNR":"none","Index":"12","From State title":"DECODE_HWLOOP","To State title":"DECODE","Score":"0","Is Reset Trans":"false","All Average Grd":"0%"
,"subitems":[]}
,{"expanded":false,"Exclusion Rule Type":"None","UNR":"none","Index":"13","From State title":"DECODE_HWLOOP","To State title":"FLUSH_EX","Score":"0","Is Reset Trans":"false","All Average Grd":"0%"
,"subitems":[]}
,{"expanded":false,"Exclusion Rule Type":"None","UNR":"none","Index":"14","From State title":"DECODE_HWLOOP","To State title":"ELW_EXE","Score":"0","Is Reset Trans":"false","All Average Grd":"0%"
,"subitems":[]}
,{"expanded":false,"Exclusion Rule Type":"None","UNR":"none","Index":"15","From State title":"DECODE_HWLOOP","To State title":"DBG_WAIT_BRANCH","Score":"0","Is Reset Trans":"false","All Average Grd":"0%"
,"subitems":[]}
,{"expanded":false,"Exclusion Rule Type":"None","UNR":"none","Index":"17","From State title":"IRQ_FLUSH_ELW","To State title":"DECODE","Score":"0","Is Reset Trans":"false","All Average Grd":"0%"
,"subitems":[]}
,{"expanded":false,"Exclusion Rule Type":"None","UNR":"none","Index":"18","From State title":"ELW_EXE","To State title":"DBG_FLUSH","Score":"0","Is Reset Trans":"false","All Average Grd":"0%"
,"subitems":[]}
,{"expanded":false,"Exclusion Rule Type":"None","UNR":"none","Index":"19","From State title":"ELW_EXE","To State title":"IRQ_FLUSH_ELW","Score":"0","Is Reset Trans":"false","All Average Grd":"0%"
,"subitems":[]}
,{"expanded":false,"Exclusion Rule Type":"None","UNR":"none","Index":"29","From State title":"DBG_FLUSH","To State title":"FLUSH_WB","Score":"0","Is Reset Trans":"false","All Average Grd":"0%"
,"subitems":[]}
]}
]}
