{
"block_items":[{"expanded":false,"Exclusion Rule Type":"None","UNR":"none","Index":"37","Blk Type":"true part of","Src Start Line":"112","Score":"0","All Average Grd":"0%","Enclosing Entity":"cv32e40p_int_controller","Source":"    else if (irq_local_qual[15]) irq_id_ctrl_o = 5'd15;                         // Reserved  (default masked out with IRQ_MASK)"}
,{"expanded":false,"Exclusion Rule Type":"None","UNR":"none","Index":"39","Blk Type":"true part of","Src Start Line":"113","Score":"0","All Average Grd":"0%","Enclosing Entity":"cv32e40p_int_controller","Source":"    else if (irq_local_qual[14]) irq_id_ctrl_o = 5'd14;                         // Reserved  (default masked out with IRQ_MASK)"}
,{"expanded":false,"Exclusion Rule Type":"None","UNR":"none","Index":"41","Blk Type":"true part of","Src Start Line":"114","Score":"0","All Average Grd":"0%","Enclosing Entity":"cv32e40p_int_controller","Source":"    else if (irq_local_qual[13]) irq_id_ctrl_o = 5'd13;                         // Reserved  (default masked out with IRQ_MASK)"}
,{"expanded":false,"Exclusion Rule Type":"None","UNR":"none","Index":"43","Blk Type":"true part of","Src Start Line":"115","Score":"0","All Average Grd":"0%","Enclosing Entity":"cv32e40p_int_controller","Source":"    else if (irq_local_qual[12]) irq_id_ctrl_o = 5'd12;                         // Reserved  (default masked out with IRQ_MASK)"}
,{"expanded":false,"Exclusion Rule Type":"None","UNR":"none","Index":"51","Blk Type":"true part of","Src Start Line":"121","Score":"0","All Average Grd":"0%","Enclosing Entity":"cv32e40p_int_controller","Source":"    else if (irq_local_qual[10]) irq_id_ctrl_o = 5'd10;                         // Reserved (for now assuming EI, SI, TI priority) (default masked out with IRQ_MASK)"}
,{"expanded":false,"Exclusion Rule Type":"None","UNR":"none","Index":"53","Blk Type":"true part of","Src Start Line":"122","Score":"0","All Average Grd":"0%","Enclosing Entity":"cv32e40p_int_controller","Source":"    else if (irq_local_qual[ 2]) irq_id_ctrl_o = 5'd2;                          // Reserved (for now assuming EI, SI, TI priority) (default masked out with IRQ_MASK)"}
,{"expanded":false,"Exclusion Rule Type":"None","UNR":"none","Index":"55","Blk Type":"true part of","Src Start Line":"123","Score":"0","All Average Grd":"0%","Enclosing Entity":"cv32e40p_int_controller","Source":"    else if (irq_local_qual[ 6]) irq_id_ctrl_o = 5'd6;                          // Reserved (for now assuming EI, SI, TI priority) (default masked out with IRQ_MASK)"}
,{"expanded":false,"Exclusion Rule Type":"None","UNR":"none","Index":"57","Blk Type":"true part of","Src Start Line":"125","Score":"0","All Average Grd":"0%","Enclosing Entity":"cv32e40p_int_controller","Source":"    else if (irq_local_qual[ 9]) irq_id_ctrl_o = 5'd9;                          // Reserved: SEI (default masked out with IRQ_MASK)"}
,{"expanded":false,"Exclusion Rule Type":"None","UNR":"none","Index":"59","Blk Type":"true part of","Src Start Line":"126","Score":"0","All Average Grd":"0%","Enclosing Entity":"cv32e40p_int_controller","Source":"    else if (irq_local_qual[ 1]) irq_id_ctrl_o = 5'd1;                          // Reserved: SSI (default masked out with IRQ_MASK)"}
,{"expanded":false,"Exclusion Rule Type":"None","UNR":"none","Index":"61","Blk Type":"true part of","Src Start Line":"127","Score":"0","All Average Grd":"0%","Enclosing Entity":"cv32e40p_int_controller","Source":"    else if (irq_local_qual[ 5]) irq_id_ctrl_o = 5'd5;                          // Reserved: STI (default masked out with IRQ_MASK)"}
,{"expanded":false,"Exclusion Rule Type":"None","UNR":"none","Index":"63","Blk Type":"true part of","Src Start Line":"129","Score":"0","All Average Grd":"0%","Enclosing Entity":"cv32e40p_int_controller","Source":"    else if (irq_local_qual[ 8]) irq_id_ctrl_o = 5'd8;                          // Reserved: UEI (default masked out with IRQ_MASK)"}
,{"expanded":false,"Exclusion Rule Type":"None","UNR":"none","Index":"65","Blk Type":"true part of","Src Start Line":"130","Score":"0","All Average Grd":"0%","Enclosing Entity":"cv32e40p_int_controller","Source":"    else if (irq_local_qual[ 0]) irq_id_ctrl_o = 5'd0;                          // Reserved: USI (default masked out with IRQ_MASK)"}
,{"expanded":false,"Exclusion Rule Type":"None","UNR":"none","Index":"67","Blk Type":"true part of","Src Start Line":"131","Score":"0","All Average Grd":"0%","Enclosing Entity":"cv32e40p_int_controller","Source":"    else if (irq_local_qual[ 4]) irq_id_ctrl_o = 5'd4;                          // Reserved: UTI (default masked out with IRQ_MASK)"}
]}
