{
"block_items":[{"expanded":false,"Exclusion Rule Type":"None","UNR":"none","Index":"3","Blk Type":"a case item of","Src Start Line":"527","Score":"0","All Average Grd":"0%","Enclosing Entity":"cv32e40p_id_stage","Source":"      REGC_RD:    regfile_addr_rc_id = {fregfile_ena & regfile_fp_c, instr[REG_D_MSB:REG_D_LSB]};"}
,{"expanded":false,"Exclusion Rule Type":"None","UNR":"none","Index":"5","Blk Type":"a case item of","Src Start Line":"529","Score":"0","All Average Grd":"0%","Enclosing Entity":"cv32e40p_id_stage","Source":"      REGC_S4:    regfile_addr_rc_id = {fregfile_ena & regfile_fp_c, instr[REG_S4_MSB:REG_S4_LSB]};"}
,{"expanded":false,"Exclusion Rule Type":"None","UNR":"none","Index":"14","Blk Type":"a case item of","Src Start Line":"602","Score":"0","All Average Grd":"0%","Enclosing Entity":"cv32e40p_id_stage","Source":"      OP_A_REGC_OR_FWD:  alu_operand_a = operand_c_fw_id;"}
,{"expanded":false,"Exclusion Rule Type":"None","UNR":"none","Index":"33","Blk Type":"a case item of","Src Start Line":"642","Score":"0","All Average Grd":"0%","Enclosing Entity":"cv32e40p_id_stage","Source":"      IMMB_S2:     imm_b = imm_s2_type;"}
,{"expanded":false,"Exclusion Rule Type":"None","UNR":"none","Index":"34","Blk Type":"a case item of","Src Start Line":"643","Score":"0","All Average Grd":"0%","Enclosing Entity":"cv32e40p_id_stage","Source":"      IMMB_BI:     imm_b = imm_bi_type;"}
,{"expanded":false,"Exclusion Rule Type":"None","UNR":"none","Index":"35","Blk Type":"a case item of","Src Start Line":"644","Score":"0","All Average Grd":"0%","Enclosing Entity":"cv32e40p_id_stage","Source":"      IMMB_S3:     imm_b = imm_s3_type;"}
,{"expanded":false,"Exclusion Rule Type":"None","UNR":"none","Index":"36","Blk Type":"a case item of","Src Start Line":"645","Score":"0","All Average Grd":"0%","Enclosing Entity":"cv32e40p_id_stage","Source":"      IMMB_VS:     imm_b = imm_vs_type;"}
,{"expanded":false,"Exclusion Rule Type":"None","UNR":"none","Index":"37","Blk Type":"a case item of","Src Start Line":"646","Score":"0","All Average Grd":"0%","Enclosing Entity":"cv32e40p_id_stage","Source":"      IMMB_VU:     imm_b = imm_vu_type;"}
,{"expanded":false,"Exclusion Rule Type":"None","UNR":"none","Index":"38","Blk Type":"a case item of","Src Start Line":"647","Score":"0","All Average Grd":"0%","Enclosing Entity":"cv32e40p_id_stage","Source":"      IMMB_SHUF:   imm_b = imm_shuffle_type;"}
,{"expanded":false,"Exclusion Rule Type":"None","UNR":"none","Index":"39","Blk Type":"a case item of","Src Start Line":"648","Score":"0","All Average Grd":"0%","Enclosing Entity":"cv32e40p_id_stage","Source":"      IMMB_CLIP:   imm_b = {1'b0, imm_clip_type[31:1]};"}
,{"expanded":false,"Exclusion Rule Type":"None","UNR":"none","Index":"42","Blk Type":"a case item of","Src Start Line":"656","Score":"0","All Average Grd":"0%","Enclosing Entity":"cv32e40p_id_stage","Source":"      OP_B_REGA_OR_FWD:  operand_b = operand_a_fw_id;"}
,{"expanded":false,"Exclusion Rule Type":"None","UNR":"none","Index":"46","Blk Type":"a case item of","Src Start Line":"660","Score":"0","All Average Grd":"0%","Enclosing Entity":"cv32e40p_id_stage","Source":"      OP_B_BMASK:        operand_b = $unsigned(operand_b_fw_id[4:0]);"}
,{"expanded":false,"Exclusion Rule Type":"None","UNR":"none","Index":"49","Blk Type":"true part of","Src Start Line":"668","Score":"0","All Average Grd":"0%","Enclosing Entity":"cv32e40p_id_stage","Source":"    if (alu_vec_mode == VEC_MODE8) begin"}
,{"expanded":false,"Exclusion Rule Type":"None","UNR":"none","Index":"63","Blk Type":"true part of","Src Start Line":"714","Score":"0","All Average Grd":"0%","Enclosing Entity":"cv32e40p_id_stage","Source":"    if (alu_vec_mode == VEC_MODE8) begin"}
,{"expanded":false,"Exclusion Rule Type":"None","UNR":"none","Index":"73","Blk Type":"a case item of","Src Start Line":"748","Score":"0","All Average Grd":"0%","Enclosing Entity":"cv32e40p_id_stage","Source":"      BMASK_A_S3:   bmask_a_id_imm = imm_s3_type[4:0];"}
,{"expanded":false,"Exclusion Rule Type":"None","UNR":"none","Index":"76","Blk Type":"a case item of","Src Start Line":"754","Score":"0","All Average Grd":"0%","Enclosing Entity":"cv32e40p_id_stage","Source":"      BMASK_B_ONE:  bmask_b_id_imm = 5'd1;"}
,{"expanded":false,"Exclusion Rule Type":"None","UNR":"none","Index":"77","Blk Type":"a case item of","Src Start Line":"755","Score":"0","All Average Grd":"0%","Enclosing Entity":"cv32e40p_id_stage","Source":"      BMASK_B_S2:   bmask_b_id_imm = imm_s2_type[4:0];"}
,{"expanded":false,"Exclusion Rule Type":"None","UNR":"none","Index":"78","Blk Type":"a case item of","Src Start Line":"756","Score":"0","All Average Grd":"0%","Enclosing Entity":"cv32e40p_id_stage","Source":"      BMASK_B_S3:   bmask_b_id_imm = imm_s3_type[4:0];"}
,{"expanded":false,"Exclusion Rule Type":"None","UNR":"none","Index":"81","Blk Type":"a case item of","Src Start Line":"763","Score":"0","All Average Grd":"0%","Enclosing Entity":"cv32e40p_id_stage","Source":"      BMASK_A_REG: bmask_a_id = operand_b_fw_id[9:5];"}
,{"expanded":false,"Exclusion Rule Type":"None","UNR":"none","Index":"84","Blk Type":"a case item of","Src Start Line":"769","Score":"0","All Average Grd":"0%","Enclosing Entity":"cv32e40p_id_stage","Source":"      BMASK_B_REG: bmask_b_id = operand_b_fw_id[4:0];"}
,{"expanded":false,"Exclusion Rule Type":"None","UNR":"none","Index":"87","Blk Type":"a case item of","Src Start Line":"779","Score":"0","All Average Grd":"0%","Enclosing Entity":"cv32e40p_id_stage","Source":"      MIMM_S3:   mult_imm_id = imm_s3_type[4:0];"}
,{"expanded":false,"Exclusion Rule Type":"None","UNR":"none","Index":"94","Blk Type":"implicit else","Src Start Line":"1522","Score":"0","All Average Grd":"0%","Enclosing Entity":"cv32e40p_id_stage","Source":"        if (prepost_useincr_ex_o == 1'b1)"}
,{"expanded":false,"Exclusion Rule Type":"None","UNR":"none","Index":"96","Blk Type":"implicit else","Src Start Line":"1516","Score":"0","All Average Grd":"0%","Enclosing Entity":"cv32e40p_id_stage","Source":"      if (ex_ready_i)"}
,{"expanded":false,"Exclusion Rule Type":"None","UNR":"none","Index":"107","Blk Type":"true part of","Src Start Line":"1567","Score":"0","All Average Grd":"0%","Enclosing Entity":"cv32e40p_id_stage","Source":"        if (mult_dot_en) begin"}
,{"expanded":false,"Exclusion Rule Type":"None","UNR":"none","Index":"110","Blk Type":"true part of","Src Start Line":"1580","Score":"0","All Average Grd":"0%","Enclosing Entity":"cv32e40p_id_stage","Source":"        if (apu_en) begin"}
,{"expanded":false,"Exclusion Rule Type":"None","UNR":"none","Index":"128","Blk Type":"true part of","Src Start Line":"1650","Score":"0","All Average Grd":"0%","Enclosing Entity":"cv32e40p_id_stage","Source":"      end else if (csr_access_ex_o) begin"}
,{"expanded":false,"Exclusion Rule Type":"None","UNR":"none","Index":"131","Blk Type":"true part of","Src Start Line":"1672","Score":"0","All Average Grd":"0%","Enclosing Entity":"cv32e40p_id_stage","Source":"      if (FPU==1 && SHARED_FP!=1) begin"}
],"assertion_items"
:[{"expanded":false,"Exclusion Rule Type":"None","UNR":"none","title":"__assert_1","All Average Grd":"0%","Assertion Status Grd":"0%","Enclosing Entity":"cv32e40p_id_stage","Source":"        assert (APU_NDSFLAGS_CPU >= C_RM+2*C_FPNEW_FMTBITS+C_FPNEW_IFMTBITS)"}
]
,"expression_items":[]}
