{
"block_items":[{"expanded":false,"Exclusion Rule Type":"None","UNR":"none","Index":"16","Blk Type":"true part of","Src Start Line":"360","Score":"0","All Average Grd":"0%","Enclosing Entity":"uvmt_cv32_tb","Source":"     if (!clknrst_if.reset_n) begin"}
,{"expanded":false,"Exclusion Rule Type":"None","UNR":"none","Index":"21","Blk Type":"true part of","Src Start Line":"371","Score":"0","All Average Grd":"0%","Enclosing Entity":"uvmt_cv32_tb","Source":"       if (vp_status_if.tests_failed) begin"}
]}
