{
"block_items":[{"expanded":false,"Exclusion Rule Type":"None","UNR":"none","Index":"19","Blk Type":"true part of","Src Start Line":"140","Score":"0","All Average Grd":"0%","Enclosing Entity":"riscv_random_stall","Source":"         if(stall_mode_i == STANDARD) begin  //FIXED NUMBER OF STALLS MODE"}
,{"expanded":false,"Exclusion Rule Type":"None","UNR":"none","Index":"21","Blk Type":"true part of","Src Start Line":"142","Score":"0","All Average Grd":"0%","Enclosing Entity":"riscv_random_stall","Source":"         end else if(stall_mode_i == RANDOM) begin"}
,{"expanded":false,"Exclusion Rule Type":"None","UNR":"none","Index":"24","Blk Type":"code block","Src Start Line":"155","Score":"0","All Average Grd":"0%","Enclosing Entity":"riscv_random_stall","Source":"         while(stalls != 0) begin"}
,{"expanded":false,"Exclusion Rule Type":"None","UNR":"none","Index":"25","Blk Type":"code block","Src Start Line":"156","Score":"0","All Average Grd":"0%","Enclosing Entity":"riscv_random_stall","Source":"            @(negedge clk_i);"}
,{"expanded":false,"Exclusion Rule Type":"None","UNR":"none","Index":"28","Blk Type":"implicit else","Src Start Line":"161","Score":"0","All Average Grd":"0%","Enclosing Entity":"riscv_random_stall","Source":"         if(req_per_q == 1'b1) begin"}
,{"expanded":false,"Exclusion Rule Type":"None","UNR":"none","Index":"33","Blk Type":"true part of","Src Start Line":"191","Score":"0","All Average Grd":"0%","Enclosing Entity":"riscv_random_stall","Source":"         if(stall_mode_i == STANDARD) begin  //FIXED NUMBER OF STALLS MODE"}
,{"expanded":false,"Exclusion Rule Type":"None","UNR":"none","Index":"35","Blk Type":"true part of","Src Start Line":"193","Score":"0","All Average Grd":"0%","Enclosing Entity":"riscv_random_stall","Source":"         end else if(stall_mode_i == RANDOM) begin"}
,{"expanded":false,"Exclusion Rule Type":"None","UNR":"none","Index":"38","Blk Type":"code block","Src Start Line":"207","Score":"0","All Average Grd":"0%","Enclosing Entity":"riscv_random_stall","Source":"         while(stalls != 0) begin"}
,{"expanded":false,"Exclusion Rule Type":"None","UNR":"none","Index":"39","Blk Type":"code block","Src Start Line":"208","Score":"0","All Average Grd":"0%","Enclosing Entity":"riscv_random_stall","Source":"             @(negedge clk_i);"}
]}
