{
"block_items":[{"expanded":false,"Exclusion Rule Type":"None","UNR":"none","Index":"2","Blk Type":"true part of","Src Start Line":"976","Score":"0","All Average Grd":"0%","Enclosing Entity":"cv32e40p_cs_registers.genblk2_F","Source":"    if (FPU == 1) if (fflags_we_i) fflags_n = fflags_i | fflags_q;"}
,{"expanded":false,"Exclusion Rule Type":"None","UNR":"none","Index":"3","Blk Type":"true part of","Src Start Line":"976","Score":"0","All Average Grd":"0%","Enclosing Entity":"cv32e40p_cs_registers.genblk2_F","Source":"    if (FPU == 1) if (fflags_we_i) fflags_n = fflags_i | fflags_q;"}
,{"expanded":false,"Exclusion Rule Type":"None","UNR":"none","Index":"4","Blk Type":"implicit else","Src Start Line":"976","Score":"0","All Average Grd":"0%","Enclosing Entity":"cv32e40p_cs_registers.genblk2_F","Source":"    if (FPU == 1) if (fflags_we_i) fflags_n = fflags_i | fflags_q;"}
,{"expanded":false,"Exclusion Rule Type":"None","UNR":"none","Index":"8","Blk Type":"true part of","Src Start Line":"980","Score":"0","All Average Grd":"0%","Enclosing Entity":"cv32e40p_cs_registers.genblk2_F","Source":"      CSR_FFLAGS : if (csr_we_int) fflags_n = (FPU == 1) ? csr_wdata_int[C_FFLAG-1:0] : '0;"}
,{"expanded":false,"Exclusion Rule Type":"None","UNR":"none","Index":"11","Blk Type":"true part of","Src Start Line":"981","Score":"0","All Average Grd":"0%","Enclosing Entity":"cv32e40p_cs_registers.genblk2_F","Source":"      CSR_FRM    : if (csr_we_int) frm_n    = (FPU == 1) ? csr_wdata_int[C_RM-1:0]    : '0;"}
,{"expanded":false,"Exclusion Rule Type":"None","UNR":"none","Index":"14","Blk Type":"true part of","Src Start Line":"982","Score":"0","All Average Grd":"0%","Enclosing Entity":"cv32e40p_cs_registers.genblk2_F","Source":"      CSR_FCSR   : if (csr_we_int) begin"}
,{"expanded":false,"Exclusion Rule Type":"None","UNR":"none","Index":"17","Blk Type":"true part of","Src Start Line":"986","Score":"0","All Average Grd":"0%","Enclosing Entity":"cv32e40p_cs_registers.genblk2_F","Source":"      CSR_FPREC  : if (csr_we_int) fprec_n = ((FPU == 1) && (PULP_XPULP == 1)) ? csr_wdata_int[C_PC-1:0] : '0;"}
,{"expanded":false,"Exclusion Rule Type":"None","UNR":"none","Index":"35","Blk Type":"true part of","Src Start Line":"1017","Score":"0","All Average Grd":"0%","Enclosing Entity":"cv32e40p_cs_registers.genblk2_F","Source":"      CSR_MCAUSE: if (csr_we_int) mcause_n = {csr_wdata_int[31], csr_wdata_int[4:0]};"}
,{"expanded":false,"Exclusion Rule Type":"None","UNR":"none","Index":"50","Blk Type":"true part of","Src Start Line":"1058","Score":"0","All Average Grd":"0%","Enclosing Entity":"cv32e40p_cs_registers.genblk2_F","Source":"      CSR_LPSTART0 : if (PULP_XPULP && csr_we_int) begin hwlp_we_o = 3'b001; hwlp_regid_o = 1'b0; end"}
,{"expanded":false,"Exclusion Rule Type":"None","UNR":"none","Index":"53","Blk Type":"true part of","Src Start Line":"1059","Score":"0","All Average Grd":"0%","Enclosing Entity":"cv32e40p_cs_registers.genblk2_F","Source":"      CSR_LPEND0   : if (PULP_XPULP && csr_we_int) begin hwlp_we_o = 3'b010; hwlp_regid_o = 1'b0; end"}
,{"expanded":false,"Exclusion Rule Type":"None","UNR":"none","Index":"56","Blk Type":"true part of","Src Start Line":"1060","Score":"0","All Average Grd":"0%","Enclosing Entity":"cv32e40p_cs_registers.genblk2_F","Source":"      CSR_LPCOUNT0 : if (PULP_XPULP && csr_we_int) begin hwlp_we_o = 3'b100; hwlp_regid_o = 1'b0; end"}
,{"expanded":false,"Exclusion Rule Type":"None","UNR":"none","Index":"59","Blk Type":"true part of","Src Start Line":"1061","Score":"0","All Average Grd":"0%","Enclosing Entity":"cv32e40p_cs_registers.genblk2_F","Source":"      CSR_LPSTART1 : if (PULP_XPULP && csr_we_int) begin hwlp_we_o = 3'b001; hwlp_regid_o = 1'b1; end"}
,{"expanded":false,"Exclusion Rule Type":"None","UNR":"none","Index":"62","Blk Type":"true part of","Src Start Line":"1062","Score":"0","All Average Grd":"0%","Enclosing Entity":"cv32e40p_cs_registers.genblk2_F","Source":"      CSR_LPEND1   : if (PULP_XPULP && csr_we_int) begin hwlp_we_o = 3'b010; hwlp_regid_o = 1'b1; end"}
,{"expanded":false,"Exclusion Rule Type":"None","UNR":"none","Index":"65","Blk Type":"true part of","Src Start Line":"1063","Score":"0","All Average Grd":"0%","Enclosing Entity":"cv32e40p_cs_registers.genblk2_F","Source":"      CSR_LPCOUNT1 : if (PULP_XPULP && csr_we_int) begin hwlp_we_o = 3'b100; hwlp_regid_o = 1'b1; end"}
,{"expanded":false,"Exclusion Rule Type":"None","UNR":"none","Index":"72","Blk Type":"a case item of","Src Start Line":"1076","Score":"0","All Average Grd":"0%","Enclosing Entity":"cv32e40p_cs_registers.genblk2_F","Source":"            exception_pc = pc_ex_i;"}
,{"expanded":false,"Exclusion Rule Type":"None","UNR":"none","Index":"73","Blk Type":"a case item of","Src Start Line":"1077","Score":"0","All Average Grd":"0%","Enclosing Entity":"cv32e40p_cs_registers.genblk2_F","Source":"          default:;"}
]
,"expression_items":[{"expanded":false,"expanded":false,"Exclusion Rule Type":"None","Index":"1","All Average Grd":"0%","All Cov":"0 / 2 (0%)","Src Start Line":"986","Enclosing Entity":"cv32e40p_cs_registers.genblk2_F","Source":"      CSR_FPREC  : if (csr_we_int) fprec_n = ((FPU == 1) && (PULP_XPULP == 1)) ? csr_wdata_int[C_PC-1:0] : '0;"
,"subitems":[{"expanded":false,"expanded":false,"Exclusion Rule Type":"None","Index":"1","All Average Grd":"0%","All Cov":"0 / 2 (0%)","Source":"      CSR_FPREC  : if (csr_we_int) fprec_n = ((FPU == 1) && (PULP_XPULP == 1)) ? csr_wdata_int[C_PC-1:0] : '0;","table_type":"cov"
,"subitems":[{"title":"0;-","expanded":false,"Exclusion Rule Type":"None","UNR":"none","Score":"0","Out":"n/a"}
,{"title":"-;0","expanded":false,"Exclusion Rule Type":"None","UNR":"none","Score":"0","Out":"n/a"}
,{"title":"1;1","expanded":false,"Exclusion Rule Type":"Simulation-Const","UNR":"none","Score":"0","Out":"n/a","excluded":"1"}
],"cov_table_title":"Coverage Table","header":"((FPU == 1) && (PULP_XPULP == 1))","columns":"(FPU == 1);(PULP_XPULP == 1)"}
]}
]}
