{
"block_items":[{"expanded":false,"Exclusion Rule Type":"None","UNR":"none","Index":"4","Blk Type":"true part of","Src Start Line":"1521","Score":"0","All Average Grd":"0%","Enclosing Entity":"uvmt_cv32_tb.dut_wrap.cv32e40p_wrapper_i.core_i.cs_registers_i.g_mhpmcounter[2].g_implemented","Source":"                if (mhpmcounter_write_lower[cnt_gidx]) begin"}
,{"expanded":false,"Exclusion Rule Type":"None","UNR":"none","Index":"6","Blk Type":"true part of","Src Start Line":"1523","Score":"0","All Average Grd":"0%","Enclosing Entity":"uvmt_cv32_tb.dut_wrap.cv32e40p_wrapper_i.core_i.cs_registers_i.g_mhpmcounter[2].g_implemented","Source":"                end else if (mhpmcounter_write_upper[cnt_gidx]) begin"}
]}
