{
"block_items":[],"assertion_items"
:[{"expanded":false,"Exclusion Rule Type":"None","UNR":"none","title":"a_ebreak_during_debug_mode","All Average Grd":"0%","Assertion Status Grd":"0%","Enclosing Entity":"uvmt_cv32_tb.u_debug_assert","Source":"    a_ebreak_during_debug_mode: assert property(p_ebreak_during_debug_mode)"}
,{"expanded":false,"Exclusion Rule Type":"None","UNR":"none","title":"a_ebreak_debug_mode","All Average Grd":"0%","Assertion Status Grd":"0%","Enclosing Entity":"uvmt_cv32_tb.u_debug_assert","Source":"    a_ebreak_debug_mode: assert property(p_ebreak_debug_mode)"}
]
,"expression_items":[{"expanded":false,"expanded":false,"Exclusion Rule Type":"None","Index":"1","All Average Grd":"66.67%","All Cov":"2 / 3 (66.67%)","Src Start Line":"301","Enclosing Entity":"uvmt_cv32_tb.u_debug_assert","Source":"            if(cov_assert_if.is_ebreak || cov_assert_if.is_cebreak ) begin"
,"subitems":[{"expanded":false,"expanded":false,"Exclusion Rule Type":"None","Index":"1","All Average Grd":"66.67%","All Cov":"2 / 3 (66.67%)","Source":"            if(cov_assert_if.is_ebreak || cov_assert_if.is_cebreak ) begin","table_type":"cov"
,"subitems":[{"title":"1;-","expanded":false,"Exclusion Rule Type":"None","UNR":"none","Score":"0","Out":"n/a"}
,{"title":"-;1","expanded":false,"Exclusion Rule Type":"None","UNR":"none","Score":"1","Out":"n/a"}
,{"title":"0;0","expanded":false,"Exclusion Rule Type":"None","UNR":"none","Score":"1","Out":"n/a"}
],"cov_table_title":"Coverage Table","header":"cov_assert_if.is_ebreak || cov_assert_if.is_cebreak","columns":"cov_assert_if.is_ebreak;cov_assert_if.is_cebreak"}
]}
]}
