{
"block_items":[{"expanded":false,"Exclusion Rule Type":"None","UNR":"none","Index":"2","Blk Type":"true part of","Src Start Line":"1178","Score":"0","All Average Grd":"0%","Enclosing Entity":"cv32e40p_core","Source":"    if (PULP_XPULP) begin"}
,{"expanded":false,"Exclusion Rule Type":"None","UNR":"none","Index":"5","Blk Type":"true part of","Src Start Line":"1181","Score":"0","All Average Grd":"0%","Enclosing Entity":"cv32e40p_core","Source":"    if (PULP_CLUSTER) begin"}
,{"expanded":false,"Exclusion Rule Type":"None","UNR":"none","Index":"8","Blk Type":"true part of","Src Start Line":"1184","Score":"0","All Average Grd":"0%","Enclosing Entity":"cv32e40p_core","Source":"    if (FPU) begin"}
,{"expanded":false,"Exclusion Rule Type":"None","UNR":"none","Index":"11","Blk Type":"true part of","Src Start Line":"1187","Score":"0","All Average Grd":"0%","Enclosing Entity":"cv32e40p_core","Source":"    if (PULP_ZFINX) begin"}
]}
