{
"block_items":[{"expanded":false,"Exclusion Rule Type":"None","UNR":"none","Index":"6","Blk Type":"true part of","Src Start Line":"177","Score":"0","All Average Grd":"0%","Enclosing Entity":"cv32e40p_prefetch_controller","Source":"          end else if (hwlp_jump_i) begin"}
,{"expanded":false,"Exclusion Rule Type":"None","UNR":"none","Index":"11","Blk Type":"a case item of","Src Start Line":"190","Score":"0","All Average Grd":"0%","Enclosing Entity":"cv32e40p_prefetch_controller","Source":"      begin"}
,{"expanded":false,"Exclusion Rule Type":"None","UNR":"none","Index":"12","Blk Type":"true part of","Src Start Line":"195","Score":"0","All Average Grd":"0%","Enclosing Entity":"cv32e40p_prefetch_controller","Source":"        if (trans_valid_o && trans_ready_i) begin"}
,{"expanded":false,"Exclusion Rule Type":"None","UNR":"none","Index":"13","Blk Type":"implicit else","Src Start Line":"195","Score":"0","All Average Grd":"0%","Enclosing Entity":"cv32e40p_prefetch_controller","Source":"        if (trans_valid_o && trans_ready_i) begin"}
,{"expanded":false,"Exclusion Rule Type":"None","UNR":"none","Index":"26","Blk Type":"true part of","Src Start Line":"333","Score":"0","All Average Grd":"0%","Enclosing Entity":"cv32e40p_prefetch_controller","Source":"    end else if (hwlp_flush_resp_delayed) begin"}
,{"expanded":false,"Exclusion Rule Type":"None","UNR":"none","Index":"28","Blk Type":"true part of","Src Start Line":"338","Score":"0","All Average Grd":"0%","Enclosing Entity":"cv32e40p_prefetch_controller","Source":"    end else if (resp_valid_i && (flush_cnt_q > 0)) begin"}
]
,"expression_items":[{"expanded":false,"expanded":false,"Exclusion Rule Type":"None","Index":"1","All Average Grd":"66.67%","All Cov":"2 / 3 (66.67%)","Src Start Line":"160","Enclosing Entity":"cv32e40p_prefetch_controller","Source":"  assign fifo_cnt_masked = (branch_i || hwlp_jump_i) ? '0 : fifo_cnt_i;"
,"subitems":[{"expanded":false,"expanded":false,"Exclusion Rule Type":"None","Index":"1","All Average Grd":"66.67%","All Cov":"2 / 3 (66.67%)","Source":"  assign fifo_cnt_masked = (branch_i || hwlp_jump_i) ? '0 : fifo_cnt_i;","table_type":"cov"
,"subitems":[{"title":"1;-","expanded":false,"Exclusion Rule Type":"None","UNR":"none","Score":"1","Out":"n/a"}
,{"title":"-;1","expanded":false,"Exclusion Rule Type":"None","UNR":"none","Score":"0","Out":"n/a"}
,{"title":"0;0","expanded":false,"Exclusion Rule Type":"None","UNR":"none","Score":"1","Out":"n/a"}
],"cov_table_title":"Coverage Table","header":"(branch_i || hwlp_jump_i)","columns":"branch_i;hwlp_jump_i"}
]}
,{"expanded":false,"expanded":false,"Exclusion Rule Type":"None","Index":"2","All Average Grd":"50%","All Cov":"3 / 6 (50%)","Src Start Line":"183","Enclosing Entity":"cv32e40p_prefetch_controller","Source":"        if ((branch_i || hwlp_jump_i) && !(trans_valid_o && trans_ready_i)) begin"
,"subitems":[{"expanded":false,"expanded":false,"Exclusion Rule Type":"None","Index":"1","All Average Grd":"50%","All Cov":"3 / 6 (50%)","Source":"        if ((branch_i || hwlp_jump_i) && !(trans_valid_o && trans_ready_i)) begin","table_type":"cov"
,"subitems":[{"title":"-;1;-;0","expanded":false,"Exclusion Rule Type":"None","UNR":"none","Score":"0","Out":"1"}
,{"title":"1;-;-;0","expanded":false,"Exclusion Rule Type":"None","UNR":"none","Score":"0","Out":"1"}
,{"title":"-;1;0;-","expanded":false,"Exclusion Rule Type":"None","UNR":"none","Score":"0","Out":"1"}
,{"title":"1;-;0;-","expanded":false,"Exclusion Rule Type":"None","UNR":"none","Score":"1","Out":"1"}
,{"title":"-;-;1;1","expanded":false,"Exclusion Rule Type":"None","UNR":"none","Score":"1","Out":"0"}
,{"title":"0;0;-;-","expanded":false,"Exclusion Rule Type":"None","UNR":"none","Score":"1","Out":"0"}
],"cov_table_title":"Coverage Table with Output","header":"(branch_i || hwlp_jump_i) && (! (trans_valid_o && trans_ready_i))","columns":"branch_i;hwlp_jump_i;trans_valid_o;trans_ready_i"}
]}
,{"expanded":false,"expanded":false,"Exclusion Rule Type":"None","Index":"3","All Average Grd":"0%","All Cov":"0 / 3 (0%)","Src Start Line":"195","Enclosing Entity":"cv32e40p_prefetch_controller","Source":"        if (trans_valid_o && trans_ready_i) begin"
,"subitems":[{"expanded":false,"expanded":false,"Exclusion Rule Type":"None","Index":"1","All Average Grd":"0%","All Cov":"0 / 3 (0%)","Source":"        if (trans_valid_o && trans_ready_i) begin","table_type":"cov"
,"subitems":[{"title":"0;-","expanded":false,"Exclusion Rule Type":"None","UNR":"none","Score":"0","Out":"n/a"}
,{"title":"-;0","expanded":false,"Exclusion Rule Type":"None","UNR":"none","Score":"0","Out":"n/a"}
,{"title":"1;1","expanded":false,"Exclusion Rule Type":"None","UNR":"none","Score":"0","Out":"n/a"}
],"cov_table_title":"Coverage Table","header":"trans_valid_o && trans_ready_i","columns":"trans_valid_o;trans_ready_i"}
]}
,{"expanded":false,"expanded":false,"Exclusion Rule Type":"None","Index":"4","All Average Grd":"66.67%","All Cov":"2 / 3 (66.67%)","Src Start Line":"328","Enclosing Entity":"cv32e40p_prefetch_controller","Source":"    if (branch_i || hwlp_flush_resp) begin"
,"subitems":[{"expanded":false,"expanded":false,"Exclusion Rule Type":"None","Index":"1","All Average Grd":"66.67%","All Cov":"2 / 3 (66.67%)","Source":"    if (branch_i || hwlp_flush_resp) begin","table_type":"cov"
,"subitems":[{"title":"1;-","expanded":false,"Exclusion Rule Type":"None","UNR":"none","Score":"1","Out":"n/a"}
,{"title":"-;1","expanded":false,"Exclusion Rule Type":"None","UNR":"none","Score":"0","Out":"n/a"}
,{"title":"0;0","expanded":false,"Exclusion Rule Type":"None","UNR":"none","Score":"1","Out":"n/a"}
],"cov_table_title":"Coverage Table","header":"branch_i || hwlp_flush_resp","columns":"branch_i;hwlp_flush_resp"}
]}
,{"expanded":false,"expanded":false,"Exclusion Rule Type":"None","Index":"6","All Average Grd":"66.67%","All Cov":"2 / 3 (66.67%)","Src Start Line":"338","Enclosing Entity":"cv32e40p_prefetch_controller","Source":"    end else if (resp_valid_i && (flush_cnt_q > 0)) begin"
,"subitems":[{"expanded":false,"expanded":false,"Exclusion Rule Type":"None","Index":"1","All Average Grd":"66.67%","All Cov":"2 / 3 (66.67%)","Source":"    end else if (resp_valid_i && (flush_cnt_q > 0)) begin","table_type":"cov"
,"subitems":[{"title":"0;-","expanded":false,"Exclusion Rule Type":"None","UNR":"none","Score":"1","Out":"n/a"}
,{"title":"-;0","expanded":false,"Exclusion Rule Type":"None","UNR":"none","Score":"1","Out":"n/a"}
,{"title":"1;1","expanded":false,"Exclusion Rule Type":"None","UNR":"none","Score":"0","Out":"n/a"}
],"cov_table_title":"Coverage Table","header":"resp_valid_i && (flush_cnt_q > 0)","columns":"resp_valid_i;(flush_cnt_q > 0)"}
]}
,{"expanded":false,"expanded":false,"Exclusion Rule Type":"None","Index":"7","All Average Grd":"60%","All Cov":"3 / 5 (60%)","Src Start Line":"361","Enclosing Entity":"cv32e40p_prefetch_controller","Source":"      if (branch_i || hwlp_jump_i || (trans_valid_o && trans_ready_i)) begin"
,"subitems":[{"expanded":false,"expanded":false,"Exclusion Rule Type":"None","Index":"1","All Average Grd":"60%","All Cov":"3 / 5 (60%)","Source":"      if (branch_i || hwlp_jump_i || (trans_valid_o && trans_ready_i)) begin","table_type":"cov"
,"subitems":[{"title":"-;-;1;1","expanded":false,"Exclusion Rule Type":"None","UNR":"none","Score":"1","Out":"1"}
,{"title":"-;1;-;-","expanded":false,"Exclusion Rule Type":"None","UNR":"none","Score":"0","Out":"1"}
,{"title":"1;-;-;-","expanded":false,"Exclusion Rule Type":"None","UNR":"none","Score":"1","Out":"1"}
,{"title":"0;0;-;0","expanded":false,"Exclusion Rule Type":"None","UNR":"none","Score":"0","Out":"0"}
,{"title":"0;0;0;-","expanded":false,"Exclusion Rule Type":"None","UNR":"none","Score":"1","Out":"0"}
],"cov_table_title":"Coverage Table with Output","header":"(branch_i || hwlp_jump_i) || (trans_valid_o && trans_ready_i)","columns":"branch_i;hwlp_jump_i;trans_valid_o;trans_ready_i"}
]}
],"fsm_items"
:[{"expanded":false,"Exclusion Rule Type":"None","UNR":"none","title":"state_q","State Average Grd":"50%","Trans Average Grd":"0%","Arc Average Grd":"n/a","All Average Grd":"25%","Enclosing Entity":"cv32e40p_prefetch_controller","Source":"  enum logic {IDLE, BRANCH_WAIT} state_q, next_state;"
,"subitems":[{"expanded":false,"Exclusion Rule Type":"None","UNR":"none","title":"BRANCH_WAIT","Encoding":"1","Score":"0","Is Reset State":"false","All Average Grd":"0%","Source":"      BRANCH_WAIT:"}
]
,"subitems1":[{"expanded":false,"Exclusion Rule Type":"None","UNR":"none","Index":"0","From State title":"IDLE","To State title":"BRANCH_WAIT","Score":"0","Is Reset Trans":"false","All Average Grd":"0%"
,"subitems":[]}
,{"expanded":false,"Exclusion Rule Type":"None","UNR":"none","Index":"1","From State title":"BRANCH_WAIT","To State title":"IDLE","Score":"0","Is Reset Trans":"false","All Average Grd":"0%"
,"subitems":[]}
]}
]}
