{
"block_items":[{"expanded":false,"Exclusion Rule Type":"None","UNR":"none","Index":"1","Blk Type":"code block","Src Start Line":"274","Score":"0","All Average Grd":"0%","Enclosing Entity":"uvmt_cv32_step_compare_if","Source":"      if (num_pc_checks > 0) begin"}
,{"expanded":false,"Exclusion Rule Type":"None","UNR":"none","Index":"2","Blk Type":"true part of","Src Start Line":"274","Score":"0","All Average Grd":"0%","Enclosing Entity":"uvmt_cv32_step_compare_if","Source":"      if (num_pc_checks > 0) begin"}
,{"expanded":false,"Exclusion Rule Type":"None","UNR":"none","Index":"3","Blk Type":"code block","Src Start Line":"275","Score":"0","All Average Grd":"0%","Enclosing Entity":"uvmt_cv32_step_compare_if","Source":"         `uvm_info(\"step_compare\", $sformatf(\"Checked PC 0d%0d times\", num_pc_checks), UVM_LOW);"}
,{"expanded":false,"Exclusion Rule Type":"None","UNR":"none","Index":"4","Blk Type":"true part of","Src Start Line":"275","Score":"0","All Average Grd":"0%","Enclosing Entity":"uvmt_cv32_step_compare_if","Source":"         `uvm_info(\"step_compare\", $sformatf(\"Checked PC 0d%0d times\", num_pc_checks), UVM_LOW);"}
,{"expanded":false,"Exclusion Rule Type":"None","UNR":"none","Index":"5","Blk Type":"implicit else","Src Start Line":"275","Score":"0","All Average Grd":"0%","Enclosing Entity":"uvmt_cv32_step_compare_if","Source":"         `uvm_info(\"step_compare\", $sformatf(\"Checked PC 0d%0d times\", num_pc_checks), UVM_LOW);"}
,{"expanded":false,"Exclusion Rule Type":"None","UNR":"none","Index":"6","Blk Type":"code block","Src Start Line":"275","Score":"0","All Average Grd":"0%","Enclosing Entity":"uvmt_cv32_step_compare_if","Source":"         `uvm_info(\"step_compare\", $sformatf(\"Checked PC 0d%0d times\", num_pc_checks), UVM_LOW);"}
,{"expanded":false,"Exclusion Rule Type":"None","UNR":"none","Index":"7","Blk Type":"false part of","Src Start Line":"277","Score":"0","All Average Grd":"0%","Enclosing Entity":"uvmt_cv32_step_compare_if","Source":"      else begin"}
,{"expanded":false,"Exclusion Rule Type":"None","UNR":"none","Index":"8","Blk Type":"code block","Src Start Line":"278","Score":"0","All Average Grd":"0%","Enclosing Entity":"uvmt_cv32_step_compare_if","Source":"         `uvm_error(\"step_compare\", \"PC was checked 0 times!\");"}
,{"expanded":false,"Exclusion Rule Type":"None","UNR":"none","Index":"9","Blk Type":"true part of","Src Start Line":"278","Score":"0","All Average Grd":"0%","Enclosing Entity":"uvmt_cv32_step_compare_if","Source":"         `uvm_error(\"step_compare\", \"PC was checked 0 times!\");"}
,{"expanded":false,"Exclusion Rule Type":"None","UNR":"none","Index":"10","Blk Type":"implicit else","Src Start Line":"278","Score":"0","All Average Grd":"0%","Enclosing Entity":"uvmt_cv32_step_compare_if","Source":"         `uvm_error(\"step_compare\", \"PC was checked 0 times!\");"}
,{"expanded":false,"Exclusion Rule Type":"None","UNR":"none","Index":"11","Blk Type":"code block","Src Start Line":"278","Score":"0","All Average Grd":"0%","Enclosing Entity":"uvmt_cv32_step_compare_if","Source":"         `uvm_error(\"step_compare\", \"PC was checked 0 times!\");"}
,{"expanded":false,"Exclusion Rule Type":"None","UNR":"none","Index":"12","Blk Type":"code block","Src Start Line":"280","Score":"0","All Average Grd":"0%","Enclosing Entity":"uvmt_cv32_step_compare_if","Source":"      if (num_gpr_checks > 0) begin"}
,{"expanded":false,"Exclusion Rule Type":"None","UNR":"none","Index":"13","Blk Type":"true part of","Src Start Line":"280","Score":"0","All Average Grd":"0%","Enclosing Entity":"uvmt_cv32_step_compare_if","Source":"      if (num_gpr_checks > 0) begin"}
,{"expanded":false,"Exclusion Rule Type":"None","UNR":"none","Index":"14","Blk Type":"code block","Src Start Line":"281","Score":"0","All Average Grd":"0%","Enclosing Entity":"uvmt_cv32_step_compare_if","Source":"         `uvm_info(\"step_compare\", $sformatf(\"Checked GPR 0d%0d times\", num_gpr_checks), UVM_LOW);"}
,{"expanded":false,"Exclusion Rule Type":"None","UNR":"none","Index":"15","Blk Type":"true part of","Src Start Line":"281","Score":"0","All Average Grd":"0%","Enclosing Entity":"uvmt_cv32_step_compare_if","Source":"         `uvm_info(\"step_compare\", $sformatf(\"Checked GPR 0d%0d times\", num_gpr_checks), UVM_LOW);"}
,{"expanded":false,"Exclusion Rule Type":"None","UNR":"none","Index":"16","Blk Type":"implicit else","Src Start Line":"281","Score":"0","All Average Grd":"0%","Enclosing Entity":"uvmt_cv32_step_compare_if","Source":"         `uvm_info(\"step_compare\", $sformatf(\"Checked GPR 0d%0d times\", num_gpr_checks), UVM_LOW);"}
,{"expanded":false,"Exclusion Rule Type":"None","UNR":"none","Index":"17","Blk Type":"code block","Src Start Line":"281","Score":"0","All Average Grd":"0%","Enclosing Entity":"uvmt_cv32_step_compare_if","Source":"         `uvm_info(\"step_compare\", $sformatf(\"Checked GPR 0d%0d times\", num_gpr_checks), UVM_LOW);"}
,{"expanded":false,"Exclusion Rule Type":"None","UNR":"none","Index":"18","Blk Type":"false part of","Src Start Line":"283","Score":"0","All Average Grd":"0%","Enclosing Entity":"uvmt_cv32_step_compare_if","Source":"      else begin"}
,{"expanded":false,"Exclusion Rule Type":"None","UNR":"none","Index":"19","Blk Type":"code block","Src Start Line":"284","Score":"0","All Average Grd":"0%","Enclosing Entity":"uvmt_cv32_step_compare_if","Source":"         `uvm_error(\"step_compare\", \"GPR was checked 0 times!\");"}
,{"expanded":false,"Exclusion Rule Type":"None","UNR":"none","Index":"20","Blk Type":"true part of","Src Start Line":"284","Score":"0","All Average Grd":"0%","Enclosing Entity":"uvmt_cv32_step_compare_if","Source":"         `uvm_error(\"step_compare\", \"GPR was checked 0 times!\");"}
,{"expanded":false,"Exclusion Rule Type":"None","UNR":"none","Index":"21","Blk Type":"implicit else","Src Start Line":"284","Score":"0","All Average Grd":"0%","Enclosing Entity":"uvmt_cv32_step_compare_if","Source":"         `uvm_error(\"step_compare\", \"GPR was checked 0 times!\");"}
,{"expanded":false,"Exclusion Rule Type":"None","UNR":"none","Index":"22","Blk Type":"code block","Src Start Line":"284","Score":"0","All Average Grd":"0%","Enclosing Entity":"uvmt_cv32_step_compare_if","Source":"         `uvm_error(\"step_compare\", \"GPR was checked 0 times!\");"}
,{"expanded":false,"Exclusion Rule Type":"None","UNR":"none","Index":"23","Blk Type":"code block","Src Start Line":"286","Score":"0","All Average Grd":"0%","Enclosing Entity":"uvmt_cv32_step_compare_if","Source":"      if (num_csr_checks > 0) begin"}
,{"expanded":false,"Exclusion Rule Type":"None","UNR":"none","Index":"24","Blk Type":"true part of","Src Start Line":"286","Score":"0","All Average Grd":"0%","Enclosing Entity":"uvmt_cv32_step_compare_if","Source":"      if (num_csr_checks > 0) begin"}
,{"expanded":false,"Exclusion Rule Type":"None","UNR":"none","Index":"25","Blk Type":"code block","Src Start Line":"287","Score":"0","All Average Grd":"0%","Enclosing Entity":"uvmt_cv32_step_compare_if","Source":"         `uvm_info(\"step_compare\", $sformatf(\"Checked CSR 0d%0d times\", num_csr_checks), UVM_LOW);"}
,{"expanded":false,"Exclusion Rule Type":"None","UNR":"none","Index":"26","Blk Type":"true part of","Src Start Line":"287","Score":"0","All Average Grd":"0%","Enclosing Entity":"uvmt_cv32_step_compare_if","Source":"         `uvm_info(\"step_compare\", $sformatf(\"Checked CSR 0d%0d times\", num_csr_checks), UVM_LOW);"}
,{"expanded":false,"Exclusion Rule Type":"None","UNR":"none","Index":"27","Blk Type":"implicit else","Src Start Line":"287","Score":"0","All Average Grd":"0%","Enclosing Entity":"uvmt_cv32_step_compare_if","Source":"         `uvm_info(\"step_compare\", $sformatf(\"Checked CSR 0d%0d times\", num_csr_checks), UVM_LOW);"}
,{"expanded":false,"Exclusion Rule Type":"None","UNR":"none","Index":"28","Blk Type":"code block","Src Start Line":"287","Score":"0","All Average Grd":"0%","Enclosing Entity":"uvmt_cv32_step_compare_if","Source":"         `uvm_info(\"step_compare\", $sformatf(\"Checked CSR 0d%0d times\", num_csr_checks), UVM_LOW);"}
,{"expanded":false,"Exclusion Rule Type":"None","UNR":"none","Index":"29","Blk Type":"false part of","Src Start Line":"289","Score":"0","All Average Grd":"0%","Enclosing Entity":"uvmt_cv32_step_compare_if","Source":"      else begin"}
,{"expanded":false,"Exclusion Rule Type":"None","UNR":"none","Index":"30","Blk Type":"code block","Src Start Line":"290","Score":"0","All Average Grd":"0%","Enclosing Entity":"uvmt_cv32_step_compare_if","Source":"         `uvm_error(\"step_compare\", \"CSR was checked 0 times!\");"}
,{"expanded":false,"Exclusion Rule Type":"None","UNR":"none","Index":"31","Blk Type":"true part of","Src Start Line":"290","Score":"0","All Average Grd":"0%","Enclosing Entity":"uvmt_cv32_step_compare_if","Source":"         `uvm_error(\"step_compare\", \"CSR was checked 0 times!\");"}
,{"expanded":false,"Exclusion Rule Type":"None","UNR":"none","Index":"32","Blk Type":"implicit else","Src Start Line":"290","Score":"0","All Average Grd":"0%","Enclosing Entity":"uvmt_cv32_step_compare_if","Source":"         `uvm_error(\"step_compare\", \"CSR was checked 0 times!\");"}
,{"expanded":false,"Exclusion Rule Type":"None","UNR":"none","Index":"33","Blk Type":"code block","Src Start Line":"290","Score":"0","All Average Grd":"0%","Enclosing Entity":"uvmt_cv32_step_compare_if","Source":"         `uvm_error(\"step_compare\", \"CSR was checked 0 times!\");"}
]}
