{
"block_items":[{"expanded":false,"Exclusion Rule Type":"None","UNR":"none","Index":"16","Blk Type":"true part of","Src Start Line":"1260","Score":"0","All Average Grd":"0%","Enclosing Entity":"cv32e40p_cs_registers","Source":"      if(FPU == 1) begin"}
,{"expanded":false,"Exclusion Rule Type":"None","UNR":"none","Index":"19","Blk Type":"true part of","Src Start Line":"1267","Score":"0","All Average Grd":"0%","Enclosing Entity":"cv32e40p_cs_registers","Source":"      if((FPU == 1) && (PULP_XPULP == 1)) begin"}
,{"expanded":false,"Exclusion Rule Type":"None","UNR":"none","Index":"22","Blk Type":"true part of","Src Start Line":"1272","Score":"0","All Average Grd":"0%","Enclosing Entity":"cv32e40p_cs_registers","Source":"      if (PULP_SECURE == 1) begin"}
,{"expanded":false,"Exclusion Rule Type":"None","UNR":"none","Index":"29","Blk Type":"true part of","Src Start Line":"1463","Score":"0","All Average Grd":"0%","Enclosing Entity":"cv32e40p_cs_registers","Source":"        mcounteren_n = csr_wdata_int;"}
,{"expanded":false,"Exclusion Rule Type":"None","UNR":"none","Index":"35","Blk Type":"true part of","Src Start Line":"1471","Score":"0","All Average Grd":"0%","Enclosing Entity":"cv32e40p_cs_registers","Source":"        mhpmevent_n[csr_addr_i[4:0]] = csr_wdata_int;"}
,{"expanded":false,"Exclusion Rule Type":"None","UNR":"none","Index":"39","Blk Type":"true part of","Src Start Line":"1478","Score":"0","All Average Grd":"0%","Enclosing Entity":"cv32e40p_cs_registers","Source":"          mhpmcounter_write_lower[cnt_idx] = 1'b1;"}
,{"expanded":false,"Exclusion Rule Type":"None","UNR":"none","Index":"41","Blk Type":"true part of","Src Start Line":"1482","Score":"0","All Average Grd":"0%","Enclosing Entity":"cv32e40p_cs_registers","Source":"          mhpmcounter_write_upper[cnt_idx] = 1'b1;"}
,{"expanded":false,"Exclusion Rule Type":"None","UNR":"none","Index":"48","Blk Type":"true part of","Src Start Line":"1498","Score":"0","All Average Grd":"0%","Enclosing Entity":"cv32e40p_cs_registers","Source":"              mhpmcounter_write_increment[cnt_idx] = |(hpm_events & mhpmevent_q[cnt_idx][NUM_HPM_EVENTS-1:0]);"}
],"assertion_items"
:[]
,"expression_items":[{"expanded":false,"expanded":false,"Exclusion Rule Type":"None","Index":"5","All Average Grd":"66.67%","All Cov":"2 / 3 (66.67%)","Src Start Line":"1476","Enclosing Entity":"cv32e40p_cs_registers","Source":"        if( csr_we_int && ( csr_addr_i == (CSR_MCYCLE + cnt_idx) ) )"
,"subitems":[{"expanded":false,"expanded":false,"Exclusion Rule Type":"None","Index":"1","All Average Grd":"66.67%","All Cov":"2 / 3 (66.67%)","Source":"        if( csr_we_int && ( csr_addr_i == (CSR_MCYCLE + cnt_idx) ) )","table_type":"cov"
,"subitems":[{"title":"0;-","expanded":false,"Exclusion Rule Type":"None","UNR":"none","Score":"1","Out":"n/a"}
,{"title":"-;0","expanded":false,"Exclusion Rule Type":"None","UNR":"none","Score":"1","Out":"n/a"}
,{"title":"1;1","expanded":false,"Exclusion Rule Type":"None","UNR":"none","Score":"0","Out":"n/a"}
],"cov_table_title":"Coverage Table","header":"csr_we_int && (csr_addr_i == (CSR_MCYCLE + cnt_idx))","columns":"csr_we_int;(csr_addr_i == (CSR_MCYCLE + cnt_idx))"}
]}
,{"expanded":false,"expanded":false,"Exclusion Rule Type":"None","Index":"6","All Average Grd":"66.67%","All Cov":"2 / 3 (66.67%)","Src Start Line":"1480","Enclosing Entity":"cv32e40p_cs_registers","Source":"        else if( csr_we_int && ( csr_addr_i == (CSR_MCYCLEH + cnt_idx) ) )"
,"subitems":[{"expanded":false,"expanded":false,"Exclusion Rule Type":"None","Index":"1","All Average Grd":"66.67%","All Cov":"2 / 3 (66.67%)","Source":"        else if( csr_we_int && ( csr_addr_i == (CSR_MCYCLEH + cnt_idx) ) )","table_type":"cov"
,"subitems":[{"title":"0;-","expanded":false,"Exclusion Rule Type":"None","UNR":"none","Score":"1","Out":"n/a"}
,{"title":"-;0","expanded":false,"Exclusion Rule Type":"None","UNR":"none","Score":"1","Out":"n/a"}
,{"title":"1;1","expanded":false,"Exclusion Rule Type":"None","UNR":"none","Score":"0","Out":"n/a"}
],"cov_table_title":"Coverage Table","header":"csr_we_int && (csr_addr_i == (CSR_MCYCLEH + cnt_idx))","columns":"csr_we_int;(csr_addr_i == (CSR_MCYCLEH + cnt_idx))"}
]}
,{"expanded":false,"expanded":false,"Exclusion Rule Type":"None","Index":"7","All Average Grd":"66.67%","All Cov":"2 / 3 (66.67%)","Src Start Line":"1496","Enclosing Entity":"cv32e40p_cs_registers","Source":"            else if( (cnt_idx>2) && (cnt_idx<(NUM_MHPMCOUNTERS+3)))"
,"subitems":[{"expanded":false,"expanded":false,"Exclusion Rule Type":"None","Index":"1","All Average Grd":"66.67%","All Cov":"2 / 3 (66.67%)","Source":"            else if( (cnt_idx>2) && (cnt_idx<(NUM_MHPMCOUNTERS+3)))","table_type":"cov"
,"subitems":[{"title":"0;-","expanded":false,"Exclusion Rule Type":"None","UNR":"none","Score":"1","Out":"n/a"}
,{"title":"-;0","expanded":false,"Exclusion Rule Type":"None","UNR":"none","Score":"1","Out":"n/a"}
,{"title":"1;1","expanded":false,"Exclusion Rule Type":"None","UNR":"none","Score":"0","Out":"n/a"}
],"cov_table_title":"Coverage Table","header":"(cnt_idx > 2) && (cnt_idx < (NUM_MHPMCOUNTERS + 3))","columns":"(cnt_idx > 2);(cnt_idx < (NUM_MHPMCOUNTERS + 3))"}
]}
]}
