{
"block_items":[{"expanded":false,"Exclusion Rule Type":"None","UNR":"none","Index":"15","Blk Type":"implicit default","Src Start Line":"136","Score":"0","All Average Grd":"0%","Enclosing Entity":"cv32e40p_load_store_unit","Source":"          case (data_addr_int[1:0])"}
,{"expanded":false,"Exclusion Rule Type":"None","UNR":"none","Index":"23","Blk Type":"implicit default","Src Start Line":"149","Score":"0","All Average Grd":"0%","Enclosing Entity":"cv32e40p_load_store_unit","Source":"          case (data_addr_int[1:0])"}
,{"expanded":false,"Exclusion Rule Type":"None","UNR":"none","Index":"31","Blk Type":"implicit default","Src Start Line":"164","Score":"0","All Average Grd":"0%","Enclosing Entity":"cv32e40p_load_store_unit","Source":"        case (data_addr_int[1:0])"}
,{"expanded":false,"Exclusion Rule Type":"None","UNR":"none","Index":"57","Blk Type":"true part of","Src Start Line":"249","Score":"0","All Average Grd":"0%","Enclosing Entity":"cv32e40p_load_store_unit","Source":"          rdata_h_ext = {16'hffff, resp_rdata[15:0]};"}
,{"expanded":false,"Exclusion Rule Type":"None","UNR":"none","Index":"62","Blk Type":"true part of","Src Start Line":"259","Score":"0","All Average Grd":"0%","Enclosing Entity":"cv32e40p_load_store_unit","Source":"          rdata_h_ext = {16'hffff, resp_rdata[23:8]};"}
,{"expanded":false,"Exclusion Rule Type":"None","UNR":"none","Index":"67","Blk Type":"true part of","Src Start Line":"269","Score":"0","All Average Grd":"0%","Enclosing Entity":"cv32e40p_load_store_unit","Source":"          rdata_h_ext = {16'hffff, resp_rdata[31:16]};"}
,{"expanded":false,"Exclusion Rule Type":"None","UNR":"none","Index":"72","Blk Type":"true part of","Src Start Line":"279","Score":"0","All Average Grd":"0%","Enclosing Entity":"cv32e40p_load_store_unit","Source":"          rdata_h_ext = {16'hffff, resp_rdata[7:0], rdata_q[31:24]};"}
,{"expanded":false,"Exclusion Rule Type":"None","UNR":"none","Index":"79","Blk Type":"true part of","Src Start Line":"295","Score":"0","All Average Grd":"0%","Enclosing Entity":"cv32e40p_load_store_unit","Source":"          rdata_b_ext = {24'hff_ffff, resp_rdata[7:0]};"}
,{"expanded":false,"Exclusion Rule Type":"None","UNR":"none","Index":"84","Blk Type":"true part of","Src Start Line":"304","Score":"0","All Average Grd":"0%","Enclosing Entity":"cv32e40p_load_store_unit","Source":"          rdata_b_ext = {24'hff_ffff, resp_rdata[15:8]};"}
,{"expanded":false,"Exclusion Rule Type":"None","UNR":"none","Index":"89","Blk Type":"true part of","Src Start Line":"314","Score":"0","All Average Grd":"0%","Enclosing Entity":"cv32e40p_load_store_unit","Source":"          rdata_b_ext = {24'hff_ffff, resp_rdata[23:16]};"}
,{"expanded":false,"Exclusion Rule Type":"None","UNR":"none","Index":"94","Blk Type":"true part of","Src Start Line":"324","Score":"0","All Average Grd":"0%","Enclosing Entity":"cv32e40p_load_store_unit","Source":"          rdata_b_ext = {24'hff_ffff, resp_rdata[31:24]};"}
],"assertion_items"
:[{"expanded":false,"Exclusion Rule Type":"None","UNR":"none","title":"a_no_transaction_count_overflow_1","All Average Grd":"0%","Assertion Status Grd":"0%","Enclosing Entity":"cv32e40p_load_store_unit","Source":"  a_no_transaction_count_overflow_1 : assert property(p_no_transaction_count_overflow_1);"}
]
,"expression_items":[]}
