{
"block_items":[{"expanded":false,"Exclusion Rule Type":"None","UNR":"none","Index":"7","Blk Type":"true part of","Src Start Line":"68","Score":"0","All Average Grd":"0%","Enclosing Entity":"cv32e40p_compressed_decoder","Source":"            instr_o = {4'b0, instr_i[6:5], instr_i[12:10], 3'b000, 2'b01, instr_i[9:7], 3'b011, 2'b01, instr_i[4:2], OPCODE_LOAD_FP};"}
,{"expanded":false,"Exclusion Rule Type":"None","UNR":"none","Index":"11","Blk Type":"true part of","Src Start Line":"81","Score":"0","All Average Grd":"0%","Enclosing Entity":"cv32e40p_compressed_decoder","Source":"               instr_o = {5'b0, instr_i[5], instr_i[12:10], instr_i[6], 2'b00, 2'b01, instr_i[9:7], 3'b010, 2'b01, instr_i[4:2], OPCODE_LOAD_FP};"}
,{"expanded":false,"Exclusion Rule Type":"None","UNR":"none","Index":"14","Blk Type":"true part of","Src Start Line":"89","Score":"0","All Average Grd":"0%","Enclosing Entity":"cv32e40p_compressed_decoder","Source":"              instr_o = {4'b0, instr_i[6:5], instr_i[12], 2'b01, instr_i[4:2], 2'b01, instr_i[9:7], 3'b011, instr_i[11:10], 3'b000, OPCODE_STORE_FP};"}
,{"expanded":false,"Exclusion Rule Type":"None","UNR":"none","Index":"18","Blk Type":"true part of","Src Start Line":"102","Score":"0","All Average Grd":"0%","Enclosing Entity":"cv32e40p_compressed_decoder","Source":"               instr_o = {5'b0, instr_i[5], instr_i[12], 2'b01, instr_i[4:2], 2'b01, instr_i[9:7], 3'b010, instr_i[11:10], instr_i[6], 2'b00, OPCODE_STORE_FP};"}
,{"expanded":false,"Exclusion Rule Type":"None","UNR":"none","Index":"55","Blk Type":"true part of","Src Start Line":"245","Score":"0","All Average Grd":"0%","Enclosing Entity":"cv32e40p_compressed_decoder","Source":"               instr_o = {3'b0, instr_i[4:2], instr_i[12], instr_i[6:5], 3'b000, 5'h02, 3'b011, instr_i[11:7], OPCODE_LOAD_FP};"}
,{"expanded":false,"Exclusion Rule Type":"None","UNR":"none","Index":"61","Blk Type":"true part of","Src Start Line":"259","Score":"0","All Average Grd":"0%","Enclosing Entity":"cv32e40p_compressed_decoder","Source":"               instr_o = {4'b0, instr_i[3:2], instr_i[12], instr_i[6:4], 2'b00, 5'h02, 3'b010, instr_i[11:7], OPCODE_LOAD_FP};"}
,{"expanded":false,"Exclusion Rule Type":"None","UNR":"none","Index":"79","Blk Type":"true part of","Src Start Line":"304","Score":"0","All Average Grd":"0%","Enclosing Entity":"cv32e40p_compressed_decoder","Source":"               instr_o = {3'b0, instr_i[9:7], instr_i[12], instr_i[6:2], 5'h02, 3'b011, instr_i[11:10], 3'b000, OPCODE_STORE_FP};"}
,{"expanded":false,"Exclusion Rule Type":"None","UNR":"none","Index":"83","Blk Type":"true part of","Src Start Line":"316","Score":"0","All Average Grd":"0%","Enclosing Entity":"cv32e40p_compressed_decoder","Source":"               instr_o = {4'b0, instr_i[8:7], instr_i[12], instr_i[6:2], 5'h02, 3'b010, instr_i[11:9], 2'b00, OPCODE_STORE_FP};"}
]
,"expression_items":[]}
