{
"block_items":[{"expanded":false,"Exclusion Rule Type":"None","UNR":"none","Index":"2","Blk Type":"true part of","Src Start Line":"976","Score":"0","All Average Grd":"0%","Enclosing Entity":"uvmt_cv32_tb.dut_wrap.cv32e40p_wrapper_i.core_i.cs_registers_i.genblk2","Source":"    if (FPU == 1) if (fflags_we_i) fflags_n = fflags_i | fflags_q;"}
,{"expanded":false,"Exclusion Rule Type":"None","UNR":"none","Index":"3","Blk Type":"true part of","Src Start Line":"976","Score":"0","All Average Grd":"0%","Enclosing Entity":"uvmt_cv32_tb.dut_wrap.cv32e40p_wrapper_i.core_i.cs_registers_i.genblk2","Source":"    if (FPU == 1) if (fflags_we_i) fflags_n = fflags_i | fflags_q;"}
,{"expanded":false,"Exclusion Rule Type":"None","UNR":"none","Index":"4","Blk Type":"implicit else","Src Start Line":"976","Score":"0","All Average Grd":"0%","Enclosing Entity":"uvmt_cv32_tb.dut_wrap.cv32e40p_wrapper_i.core_i.cs_registers_i.genblk2","Source":"    if (FPU == 1) if (fflags_we_i) fflags_n = fflags_i | fflags_q;"}
,{"expanded":false,"Exclusion Rule Type":"None","UNR":"none","Index":"35","Blk Type":"true part of","Src Start Line":"1017","Score":"0","All Average Grd":"0%","Enclosing Entity":"uvmt_cv32_tb.dut_wrap.cv32e40p_wrapper_i.core_i.cs_registers_i.genblk2","Source":"      CSR_MCAUSE: if (csr_we_int) mcause_n = {csr_wdata_int[31], csr_wdata_int[4:0]};"}
]
,"expression_items":[]}
