{
"block_items":[{"expanded":false,"Exclusion Rule Type":"None","UNR":"none","Index":"3","Blk Type":"true part of","Src Start Line":"104","Score":"0","All Average Grd":"0%","Enclosing Entity":"uvmt_cv32_dut_wrap","Source":"      `uvm_info(\"DUT_WRAP\", \"waiting for load_instr_mem to be asserted.\", UVM_DEBUG)"}
,{"expanded":false,"Exclusion Rule Type":"None","UNR":"none","Index":"11","Blk Type":"implicit else","Src Start Line":"107","Score":"0","All Average Grd":"0%","Enclosing Entity":"uvmt_cv32_dut_wrap","Source":"        `uvm_info(\"DUT_WRAP\", \"load_instr_mem asserted!\", UVM_NONE)"}
,{"expanded":false,"Exclusion Rule Type":"None","UNR":"none","Index":"15","Blk Type":"true part of","Src Start Line":"113","Score":"0","All Average Grd":"0%","Enclosing Entity":"uvmt_cv32_dut_wrap","Source":"          if (fd)  `uvm_info (\"DUT_WRAP\", $sformatf(\"%s was opened successfully : (fd=%0d)\", firmware, fd), UVM_DEBUG)"}
,{"expanded":false,"Exclusion Rule Type":"None","UNR":"none","Index":"17","Blk Type":"false part of","Src Start Line":"114","Score":"0","All Average Grd":"0%","Enclosing Entity":"uvmt_cv32_dut_wrap","Source":"          else     `uvm_fatal(\"DUT_WRAP\", $sformatf(\"%s was NOT opened successfully : (fd=%0d)\", firmware, fd))"}
,{"expanded":false,"Exclusion Rule Type":"None","UNR":"none","Index":"18","Blk Type":"true part of","Src Start Line":"114","Score":"0","All Average Grd":"0%","Enclosing Entity":"uvmt_cv32_dut_wrap","Source":"          else     `uvm_fatal(\"DUT_WRAP\", $sformatf(\"%s was NOT opened successfully : (fd=%0d)\", firmware, fd))"}
,{"expanded":false,"Exclusion Rule Type":"None","UNR":"none","Index":"19","Blk Type":"implicit else","Src Start Line":"114","Score":"0","All Average Grd":"0%","Enclosing Entity":"uvmt_cv32_dut_wrap","Source":"          else     `uvm_fatal(\"DUT_WRAP\", $sformatf(\"%s was NOT opened successfully : (fd=%0d)\", firmware, fd))"}
,{"expanded":false,"Exclusion Rule Type":"None","UNR":"none","Index":"23","Blk Type":"implicit else","Src Start Line":"117","Score":"0","All Average Grd":"0%","Enclosing Entity":"uvmt_cv32_dut_wrap","Source":"          `uvm_info(\"DUT_WRAP\", $sformatf(\"loading firmware %0s\", firmware), UVM_NONE)"}
,{"expanded":false,"Exclusion Rule Type":"None","UNR":"none","Index":"25","Blk Type":"false part of","Src Start Line":"133","Score":"0","All Average Grd":"0%","Enclosing Entity":"uvmt_cv32_dut_wrap","Source":"        else begin"}
,{"expanded":false,"Exclusion Rule Type":"None","UNR":"none","Index":"26","Blk Type":"code block","Src Start Line":"134","Score":"0","All Average Grd":"0%","Enclosing Entity":"uvmt_cv32_dut_wrap","Source":"          `uvm_error(\"DUT_WRAP\", \"No firmware specified!\")"}
,{"expanded":false,"Exclusion Rule Type":"None","UNR":"none","Index":"27","Blk Type":"true part of","Src Start Line":"134","Score":"0","All Average Grd":"0%","Enclosing Entity":"uvmt_cv32_dut_wrap","Source":"          `uvm_error(\"DUT_WRAP\", \"No firmware specified!\")"}
,{"expanded":false,"Exclusion Rule Type":"None","UNR":"none","Index":"28","Blk Type":"implicit else","Src Start Line":"134","Score":"0","All Average Grd":"0%","Enclosing Entity":"uvmt_cv32_dut_wrap","Source":"          `uvm_error(\"DUT_WRAP\", \"No firmware specified!\")"}
,{"expanded":false,"Exclusion Rule Type":"None","UNR":"none","Index":"29","Blk Type":"false part of","Src Start Line":"137","Score":"0","All Average Grd":"0%","Enclosing Entity":"uvmt_cv32_dut_wrap","Source":"      else begin"}
,{"expanded":false,"Exclusion Rule Type":"None","UNR":"none","Index":"30","Blk Type":"code block","Src Start Line":"138","Score":"0","All Average Grd":"0%","Enclosing Entity":"uvmt_cv32_dut_wrap","Source":"        `uvm_info(\"DUT_WRAP\", \"NO TEST PROGRAM\", UVM_NONE)"}
,{"expanded":false,"Exclusion Rule Type":"None","UNR":"none","Index":"31","Blk Type":"true part of","Src Start Line":"138","Score":"0","All Average Grd":"0%","Enclosing Entity":"uvmt_cv32_dut_wrap","Source":"        `uvm_info(\"DUT_WRAP\", \"NO TEST PROGRAM\", UVM_NONE)"}
,{"expanded":false,"Exclusion Rule Type":"None","UNR":"none","Index":"32","Blk Type":"implicit else","Src Start Line":"138","Score":"0","All Average Grd":"0%","Enclosing Entity":"uvmt_cv32_dut_wrap","Source":"        `uvm_info(\"DUT_WRAP\", \"NO TEST PROGRAM\", UVM_NONE)"}
]}
