{
"block_items":[{"expanded":false,"Exclusion Rule Type":"None","UNR":"none","Index":"12","Blk Type":"implicit else","Src Start Line":"374","Score":"0","All Average Grd":"0%","Enclosing Entity":"uvmt_cv32_tb.dut_wrap.cv32e40p_wrapper_i.core_i.id_stage_i.controller_i","Source":"        if (id_ready_i == 1'b1) begin"}
,{"expanded":false,"Exclusion Rule Type":"None","UNR":"none","Index":"66","Blk Type":"a case item of","Src Start Line":"650","Score":"0","All Average Grd":"0%","Enclosing Entity":"uvmt_cv32_tb.dut_wrap.cv32e40p_wrapper_i.core_i.id_stage_i.controller_i","Source":"                        begin"}
,{"expanded":false,"Exclusion Rule Type":"None","UNR":"none","Index":"70","Blk Type":"implicit else","Src Start Line":"640","Score":"0","All Average Grd":"0%","Enclosing Entity":"uvmt_cv32_tb.dut_wrap.cv32e40p_wrapper_i.core_i.id_stage_i.controller_i","Source":"                    if (id_ready_i) begin"}
,{"expanded":false,"Exclusion Rule Type":"None","UNR":"none","Index":"150","Blk Type":"true part of","Src Start Line":"1018","Score":"0","All Average Grd":"0%","Enclosing Entity":"uvmt_cv32_tb.dut_wrap.cv32e40p_wrapper_i.core_i.id_stage_i.controller_i","Source":"                      ctrl_fsm_ns = DBG_TAKEN_IF;"}
,{"expanded":false,"Exclusion Rule Type":"None","UNR":"none","Index":"153","Blk Type":"true part of","Src Start Line":"1028","Score":"0","All Average Grd":"0%","Enclosing Entity":"uvmt_cv32_tb.dut_wrap.cv32e40p_wrapper_i.core_i.id_stage_i.controller_i","Source":"                      ctrl_fsm_ns = DBG_TAKEN_IF;"}
,{"expanded":false,"Exclusion Rule Type":"None","UNR":"none","Index":"165","Blk Type":"true part of","Src Start Line":"1058","Score":"0","All Average Grd":"0%","Enclosing Entity":"uvmt_cv32_tb.dut_wrap.cv32e40p_wrapper_i.core_i.id_stage_i.controller_i","Source":"                    ctrl_fsm_ns = DBG_TAKEN_IF;"}
,{"expanded":false,"Exclusion Rule Type":"None","UNR":"none","Index":"189","Blk Type":"implicit else","Src Start Line":"1151","Score":"0","All Average Grd":"0%","Enclosing Entity":"uvmt_cv32_tb.dut_wrap.cv32e40p_wrapper_i.core_i.id_stage_i.controller_i","Source":"            else if (debug_req_pending)"}
,{"expanded":false,"Exclusion Rule Type":"None","UNR":"none","Index":"194","Blk Type":"implicit else","Src Start Line":"1169","Score":"0","All Average Grd":"0%","Enclosing Entity":"uvmt_cv32_tb.dut_wrap.cv32e40p_wrapper_i.core_i.id_stage_i.controller_i","Source":"        if (debug_single_step_i)"}
],"assertion_items"
:[]
,"expression_items":[{"expanded":false,"expanded":false,"Exclusion Rule Type":"None","Index":"16","All Average Grd":"50%","All Cov":"1 / 2 (50%)","Src Start Line":"1017","Enclosing Entity":"uvmt_cv32_tb.dut_wrap.cv32e40p_wrapper_i.core_i.id_stage_i.controller_i","Source":"                  if (debug_single_step_i && ~debug_mode_q)"
,"subitems":[{"expanded":false,"expanded":false,"Exclusion Rule Type":"None","Index":"1","All Average Grd":"50%","All Cov":"1 / 2 (50%)","Source":"                  if (debug_single_step_i && ~debug_mode_q)","table_type":"cov"
,"subitems":[{"title":"1;0","expanded":false,"Exclusion Rule Type":"None","UNR":"none","Score":"0","Out":"1"}
,{"title":"-;1","expanded":false,"Exclusion Rule Type":"Analysis Time","UNR":"none","Score":"0","Out":"0","excluded":"1"}
,{"title":"0;-","expanded":false,"Exclusion Rule Type":"None","UNR":"none","Score":"1","Out":"0"}
],"cov_table_title":"Coverage Table with Output","header":"debug_single_step_i && (~ debug_mode_q)","columns":"debug_single_step_i;debug_mode_q"}
]}
,{"expanded":false,"expanded":false,"Exclusion Rule Type":"None","Index":"17","All Average Grd":"66.67%","All Cov":"2 / 3 (66.67%)","Src Start Line":"1027","Enclosing Entity":"uvmt_cv32_tb.dut_wrap.cv32e40p_wrapper_i.core_i.id_stage_i.controller_i","Source":"                  if (debug_single_step_i && ~debug_mode_q)"
,"subitems":[{"expanded":false,"expanded":false,"Exclusion Rule Type":"None","Index":"1","All Average Grd":"66.67%","All Cov":"2 / 3 (66.67%)","Source":"                  if (debug_single_step_i && ~debug_mode_q)","table_type":"cov"
,"subitems":[{"title":"1;0","expanded":false,"Exclusion Rule Type":"None","UNR":"none","Score":"0","Out":"1"}
,{"title":"-;1","expanded":false,"Exclusion Rule Type":"None","UNR":"none","Score":"1","Out":"0"}
,{"title":"0;-","expanded":false,"Exclusion Rule Type":"None","UNR":"none","Score":"1","Out":"0"}
],"cov_table_title":"Coverage Table with Output","header":"debug_single_step_i && (~ debug_mode_q)","columns":"debug_single_step_i;debug_mode_q"}
]}
,{"expanded":false,"expanded":false,"Exclusion Rule Type":"None","Index":"20","All Average Grd":"66.67%","All Cov":"2 / 3 (66.67%)","Src Start Line":"1057","Enclosing Entity":"uvmt_cv32_tb.dut_wrap.cv32e40p_wrapper_i.core_i.id_stage_i.controller_i","Source":"                 if (debug_single_step_i && ~debug_mode_q)"
,"subitems":[{"expanded":false,"expanded":false,"Exclusion Rule Type":"None","Index":"1","All Average Grd":"66.67%","All Cov":"2 / 3 (66.67%)","Source":"                 if (debug_single_step_i && ~debug_mode_q)","table_type":"cov"
,"subitems":[{"title":"1;0","expanded":false,"Exclusion Rule Type":"None","UNR":"none","Score":"0","Out":"1"}
,{"title":"-;1","expanded":false,"Exclusion Rule Type":"None","UNR":"none","Score":"1","Out":"0"}
,{"title":"0;-","expanded":false,"Exclusion Rule Type":"None","UNR":"none","Score":"1","Out":"0"}
],"cov_table_title":"Coverage Table with Output","header":"debug_single_step_i && (~ debug_mode_q)","columns":"debug_single_step_i;debug_mode_q"}
]}
],"fsm_items"
:[]}
