{
"block_items":[{"expanded":false,"Exclusion Rule Type":"None","UNR":"none","Index":"4","Blk Type":"true part of","Src Start Line":"1521","Score":"0","All Average Grd":"0%","Enclosing Entity":"cv32e40p_cs_registers.g_mhpmcounter.g_implemented_F","Source":"                if (mhpmcounter_write_lower[cnt_gidx]) begin"}
,{"expanded":false,"Exclusion Rule Type":"None","UNR":"none","Index":"6","Blk Type":"true part of","Src Start Line":"1523","Score":"0","All Average Grd":"0%","Enclosing Entity":"cv32e40p_cs_registers.g_mhpmcounter.g_implemented_F","Source":"                end else if (mhpmcounter_write_upper[cnt_gidx]) begin"}
]}
