{
"block_items":[{"expanded":false,"Exclusion Rule Type":"None","UNR":"none","Index":"1","Blk Type":"code block","Src Start Line":"945","Score":"1","Enclosing Entity":"uvmt_cv32_tb.dut_wrap.cv32e40p_wrapper_i.core_i.cs_registers_i.genblk2","Source":"  begin"}
,{"expanded":false,"Exclusion Rule Type":"None","UNR":"none","Index":"2","Blk Type":"true part of","Src Start Line":"976","Score":"0","Enclosing Entity":"uvmt_cv32_tb.dut_wrap.cv32e40p_wrapper_i.core_i.cs_registers_i.genblk2","Source":"    if (FPU == 1) if (fflags_we_i) fflags_n = fflags_i | fflags_q;"}
,{"expanded":false,"Exclusion Rule Type":"None","UNR":"none","Index":"3","Blk Type":"true part of","Src Start Line":"976","Score":"0","Enclosing Entity":"uvmt_cv32_tb.dut_wrap.cv32e40p_wrapper_i.core_i.cs_registers_i.genblk2","Source":"    if (FPU == 1) if (fflags_we_i) fflags_n = fflags_i | fflags_q;"}
,{"expanded":false,"Exclusion Rule Type":"None","UNR":"none","Index":"4","Blk Type":"implicit else","Src Start Line":"976","Score":"0","Enclosing Entity":"uvmt_cv32_tb.dut_wrap.cv32e40p_wrapper_i.core_i.cs_registers_i.genblk2","Source":"    if (FPU == 1) if (fflags_we_i) fflags_n = fflags_i | fflags_q;"}
,{"expanded":false,"Exclusion Rule Type":"None","UNR":"none","Index":"5","Blk Type":"implicit else","Src Start Line":"976","Score":"1","Enclosing Entity":"uvmt_cv32_tb.dut_wrap.cv32e40p_wrapper_i.core_i.cs_registers_i.genblk2","Source":"    if (FPU == 1) if (fflags_we_i) fflags_n = fflags_i | fflags_q;"}
,{"expanded":false,"Exclusion Rule Type":"None","UNR":"none","Index":"6","Blk Type":"code block","Src Start Line":"978","Score":"1","Enclosing Entity":"uvmt_cv32_tb.dut_wrap.cv32e40p_wrapper_i.core_i.cs_registers_i.genblk2","Source":"    case (csr_addr_i)"}
,{"expanded":false,"Exclusion Rule Type":"None","UNR":"none","Index":"7","Blk Type":"a case item of","Src Start Line":"980","Score":"1","Enclosing Entity":"uvmt_cv32_tb.dut_wrap.cv32e40p_wrapper_i.core_i.cs_registers_i.genblk2","Source":"      CSR_FFLAGS : if (csr_we_int) fflags_n = (FPU == 1) ? csr_wdata_int[C_FFLAG-1:0] : '0;"}
,{"expanded":false,"Exclusion Rule Type":"Analysis Time","UNR":"none","Index":"8","Blk Type":"true part of","Src Start Line":"980","Score":"0","Enclosing Entity":"uvmt_cv32_tb.dut_wrap.cv32e40p_wrapper_i.core_i.cs_registers_i.genblk2","Source":"      CSR_FFLAGS : if (csr_we_int) fflags_n = (FPU == 1) ? csr_wdata_int[C_FFLAG-1:0] : '0;","excluded":"1"}
,{"expanded":false,"Exclusion Rule Type":"None","UNR":"none","Index":"9","Blk Type":"implicit else","Src Start Line":"980","Score":"1","Enclosing Entity":"uvmt_cv32_tb.dut_wrap.cv32e40p_wrapper_i.core_i.cs_registers_i.genblk2","Source":"      CSR_FFLAGS : if (csr_we_int) fflags_n = (FPU == 1) ? csr_wdata_int[C_FFLAG-1:0] : '0;"}
,{"expanded":false,"Exclusion Rule Type":"None","UNR":"none","Index":"10","Blk Type":"a case item of","Src Start Line":"981","Score":"1","Enclosing Entity":"uvmt_cv32_tb.dut_wrap.cv32e40p_wrapper_i.core_i.cs_registers_i.genblk2","Source":"      CSR_FRM    : if (csr_we_int) frm_n    = (FPU == 1) ? csr_wdata_int[C_RM-1:0]    : '0;"}
,{"expanded":false,"Exclusion Rule Type":"Analysis Time","UNR":"none","Index":"11","Blk Type":"true part of","Src Start Line":"981","Score":"0","Enclosing Entity":"uvmt_cv32_tb.dut_wrap.cv32e40p_wrapper_i.core_i.cs_registers_i.genblk2","Source":"      CSR_FRM    : if (csr_we_int) frm_n    = (FPU == 1) ? csr_wdata_int[C_RM-1:0]    : '0;","excluded":"1"}
,{"expanded":false,"Exclusion Rule Type":"None","UNR":"none","Index":"12","Blk Type":"implicit else","Src Start Line":"981","Score":"1","Enclosing Entity":"uvmt_cv32_tb.dut_wrap.cv32e40p_wrapper_i.core_i.cs_registers_i.genblk2","Source":"      CSR_FRM    : if (csr_we_int) frm_n    = (FPU == 1) ? csr_wdata_int[C_RM-1:0]    : '0;"}
,{"expanded":false,"Exclusion Rule Type":"None","UNR":"none","Index":"13","Blk Type":"a case item of","Src Start Line":"982","Score":"1","Enclosing Entity":"uvmt_cv32_tb.dut_wrap.cv32e40p_wrapper_i.core_i.cs_registers_i.genblk2","Source":"      CSR_FCSR   : if (csr_we_int) begin"}
,{"expanded":false,"Exclusion Rule Type":"Analysis Time","UNR":"none","Index":"14","Blk Type":"true part of","Src Start Line":"982","Score":"0","Enclosing Entity":"uvmt_cv32_tb.dut_wrap.cv32e40p_wrapper_i.core_i.cs_registers_i.genblk2","Source":"      CSR_FCSR   : if (csr_we_int) begin","excluded":"1"}
,{"expanded":false,"Exclusion Rule Type":"None","UNR":"none","Index":"15","Blk Type":"implicit else","Src Start Line":"982","Score":"1","Enclosing Entity":"uvmt_cv32_tb.dut_wrap.cv32e40p_wrapper_i.core_i.cs_registers_i.genblk2","Source":"      CSR_FCSR   : if (csr_we_int) begin"}
,{"expanded":false,"Exclusion Rule Type":"None","UNR":"none","Index":"16","Blk Type":"a case item of","Src Start Line":"986","Score":"1","Enclosing Entity":"uvmt_cv32_tb.dut_wrap.cv32e40p_wrapper_i.core_i.cs_registers_i.genblk2","Source":"      CSR_FPREC  : if (csr_we_int) fprec_n = ((FPU == 1) && (PULP_XPULP == 1)) ? csr_wdata_int[C_PC-1:0] : '0;"}
,{"expanded":false,"Exclusion Rule Type":"Analysis Time","UNR":"none","Index":"17","Blk Type":"true part of","Src Start Line":"986","Score":"0","Enclosing Entity":"uvmt_cv32_tb.dut_wrap.cv32e40p_wrapper_i.core_i.cs_registers_i.genblk2","Source":"      CSR_FPREC  : if (csr_we_int) fprec_n = ((FPU == 1) && (PULP_XPULP == 1)) ? csr_wdata_int[C_PC-1:0] : '0;","excluded":"1"}
,{"expanded":false,"Exclusion Rule Type":"None","UNR":"none","Index":"18","Blk Type":"implicit else","Src Start Line":"986","Score":"1","Enclosing Entity":"uvmt_cv32_tb.dut_wrap.cv32e40p_wrapper_i.core_i.cs_registers_i.genblk2","Source":"      CSR_FPREC  : if (csr_we_int) fprec_n = ((FPU == 1) && (PULP_XPULP == 1)) ? csr_wdata_int[C_PC-1:0] : '0;"}
,{"expanded":false,"Exclusion Rule Type":"None","UNR":"none","Index":"19","Blk Type":"a case item of","Src Start Line":"989","Score":"1","Enclosing Entity":"uvmt_cv32_tb.dut_wrap.cv32e40p_wrapper_i.core_i.cs_registers_i.genblk2","Source":"      CSR_MSTATUS: if (csr_we_int) begin"}
,{"expanded":false,"Exclusion Rule Type":"None","UNR":"none","Index":"20","Blk Type":"true part of","Src Start Line":"989","Score":"1","Enclosing Entity":"uvmt_cv32_tb.dut_wrap.cv32e40p_wrapper_i.core_i.cs_registers_i.genblk2","Source":"      CSR_MSTATUS: if (csr_we_int) begin"}
,{"expanded":false,"Exclusion Rule Type":"None","UNR":"none","Index":"21","Blk Type":"implicit else","Src Start Line":"989","Score":"1","Enclosing Entity":"uvmt_cv32_tb.dut_wrap.cv32e40p_wrapper_i.core_i.cs_registers_i.genblk2","Source":"      CSR_MSTATUS: if (csr_we_int) begin"}
,{"expanded":false,"Exclusion Rule Type":"None","UNR":"none","Index":"22","Blk Type":"a case item of","Src Start Line":"1000","Score":"1","Enclosing Entity":"uvmt_cv32_tb.dut_wrap.cv32e40p_wrapper_i.core_i.cs_registers_i.genblk2","Source":"      CSR_MIE: if(csr_we_int) begin"}
,{"expanded":false,"Exclusion Rule Type":"None","UNR":"none","Index":"23","Blk Type":"true part of","Src Start Line":"1000","Score":"1","Enclosing Entity":"uvmt_cv32_tb.dut_wrap.cv32e40p_wrapper_i.core_i.cs_registers_i.genblk2","Source":"      CSR_MIE: if(csr_we_int) begin"}
,{"expanded":false,"Exclusion Rule Type":"None","UNR":"none","Index":"24","Blk Type":"implicit else","Src Start Line":"1000","Score":"1","Enclosing Entity":"uvmt_cv32_tb.dut_wrap.cv32e40p_wrapper_i.core_i.cs_registers_i.genblk2","Source":"      CSR_MIE: if(csr_we_int) begin"}
,{"expanded":false,"Exclusion Rule Type":"None","UNR":"none","Index":"25","Blk Type":"a case item of","Src Start Line":"1004","Score":"1","Enclosing Entity":"uvmt_cv32_tb.dut_wrap.cv32e40p_wrapper_i.core_i.cs_registers_i.genblk2","Source":"      CSR_MTVEC: if (csr_we_int) begin"}
,{"expanded":false,"Exclusion Rule Type":"None","UNR":"none","Index":"26","Blk Type":"true part of","Src Start Line":"1004","Score":"1","Enclosing Entity":"uvmt_cv32_tb.dut_wrap.cv32e40p_wrapper_i.core_i.cs_registers_i.genblk2","Source":"      CSR_MTVEC: if (csr_we_int) begin"}
,{"expanded":false,"Exclusion Rule Type":"None","UNR":"none","Index":"27","Blk Type":"implicit else","Src Start Line":"1004","Score":"1","Enclosing Entity":"uvmt_cv32_tb.dut_wrap.cv32e40p_wrapper_i.core_i.cs_registers_i.genblk2","Source":"      CSR_MTVEC: if (csr_we_int) begin"}
,{"expanded":false,"Exclusion Rule Type":"None","UNR":"none","Index":"28","Blk Type":"a case item of","Src Start Line":"1009","Score":"1","Enclosing Entity":"uvmt_cv32_tb.dut_wrap.cv32e40p_wrapper_i.core_i.cs_registers_i.genblk2","Source":"      CSR_MSCRATCH: if (csr_we_int) begin"}
,{"expanded":false,"Exclusion Rule Type":"None","UNR":"none","Index":"29","Blk Type":"true part of","Src Start Line":"1009","Score":"1","Enclosing Entity":"uvmt_cv32_tb.dut_wrap.cv32e40p_wrapper_i.core_i.cs_registers_i.genblk2","Source":"      CSR_MSCRATCH: if (csr_we_int) begin"}
,{"expanded":false,"Exclusion Rule Type":"None","UNR":"none","Index":"30","Blk Type":"implicit else","Src Start Line":"1009","Score":"1","Enclosing Entity":"uvmt_cv32_tb.dut_wrap.cv32e40p_wrapper_i.core_i.cs_registers_i.genblk2","Source":"      CSR_MSCRATCH: if (csr_we_int) begin"}
,{"expanded":false,"Exclusion Rule Type":"None","UNR":"none","Index":"31","Blk Type":"a case item of","Src Start Line":"1013","Score":"1","Enclosing Entity":"uvmt_cv32_tb.dut_wrap.cv32e40p_wrapper_i.core_i.cs_registers_i.genblk2","Source":"      CSR_MEPC: if (csr_we_int) begin"}
,{"expanded":false,"Exclusion Rule Type":"None","UNR":"none","Index":"32","Blk Type":"true part of","Src Start Line":"1013","Score":"1","Enclosing Entity":"uvmt_cv32_tb.dut_wrap.cv32e40p_wrapper_i.core_i.cs_registers_i.genblk2","Source":"      CSR_MEPC: if (csr_we_int) begin"}
,{"expanded":false,"Exclusion Rule Type":"None","UNR":"none","Index":"33","Blk Type":"implicit else","Src Start Line":"1013","Score":"1","Enclosing Entity":"uvmt_cv32_tb.dut_wrap.cv32e40p_wrapper_i.core_i.cs_registers_i.genblk2","Source":"      CSR_MEPC: if (csr_we_int) begin"}
,{"expanded":false,"Exclusion Rule Type":"None","UNR":"none","Index":"34","Blk Type":"a case item of","Src Start Line":"1017","Score":"1","Enclosing Entity":"uvmt_cv32_tb.dut_wrap.cv32e40p_wrapper_i.core_i.cs_registers_i.genblk2","Source":"      CSR_MCAUSE: if (csr_we_int) mcause_n = {csr_wdata_int[31], csr_wdata_int[4:0]};"}
,{"expanded":false,"Exclusion Rule Type":"None","UNR":"none","Index":"35","Blk Type":"true part of","Src Start Line":"1017","Score":"0","Enclosing Entity":"uvmt_cv32_tb.dut_wrap.cv32e40p_wrapper_i.core_i.cs_registers_i.genblk2","Source":"      CSR_MCAUSE: if (csr_we_int) mcause_n = {csr_wdata_int[31], csr_wdata_int[4:0]};"}
,{"expanded":false,"Exclusion Rule Type":"None","UNR":"none","Index":"36","Blk Type":"implicit else","Src Start Line":"1017","Score":"1","Enclosing Entity":"uvmt_cv32_tb.dut_wrap.cv32e40p_wrapper_i.core_i.cs_registers_i.genblk2","Source":"      CSR_MCAUSE: if (csr_we_int) mcause_n = {csr_wdata_int[31], csr_wdata_int[4:0]};"}
,{"expanded":false,"Exclusion Rule Type":"None","UNR":"none","Index":"37","Blk Type":"a case item of","Src Start Line":"1020","Score":"1","Enclosing Entity":"uvmt_cv32_tb.dut_wrap.cv32e40p_wrapper_i.core_i.cs_registers_i.genblk2","Source":"               if (csr_we_int)"}
,{"expanded":false,"Exclusion Rule Type":"None","UNR":"none","Index":"38","Blk Type":"true part of","Src Start Line":"1021","Score":"1","Enclosing Entity":"uvmt_cv32_tb.dut_wrap.cv32e40p_wrapper_i.core_i.cs_registers_i.genblk2","Source":"               begin"}
,{"expanded":false,"Exclusion Rule Type":"None","UNR":"none","Index":"39","Blk Type":"implicit else","Src Start Line":"1020","Score":"1","Enclosing Entity":"uvmt_cv32_tb.dut_wrap.cv32e40p_wrapper_i.core_i.cs_registers_i.genblk2","Source":"               if (csr_we_int)"}
,{"expanded":false,"Exclusion Rule Type":"None","UNR":"none","Index":"40","Blk Type":"a case item of","Src Start Line":"1040","Score":"1","Enclosing Entity":"uvmt_cv32_tb.dut_wrap.cv32e40p_wrapper_i.core_i.cs_registers_i.genblk2","Source":"               if (csr_we_int)"}
,{"expanded":false,"Exclusion Rule Type":"None","UNR":"none","Index":"41","Blk Type":"true part of","Src Start Line":"1041","Score":"1","Enclosing Entity":"uvmt_cv32_tb.dut_wrap.cv32e40p_wrapper_i.core_i.cs_registers_i.genblk2","Source":"               begin"}
,{"expanded":false,"Exclusion Rule Type":"None","UNR":"none","Index":"42","Blk Type":"implicit else","Src Start Line":"1040","Score":"1","Enclosing Entity":"uvmt_cv32_tb.dut_wrap.cv32e40p_wrapper_i.core_i.cs_registers_i.genblk2","Source":"               if (csr_we_int)"}
,{"expanded":false,"Exclusion Rule Type":"None","UNR":"none","Index":"43","Blk Type":"a case item of","Src Start Line":"1046","Score":"1","Enclosing Entity":"uvmt_cv32_tb.dut_wrap.cv32e40p_wrapper_i.core_i.cs_registers_i.genblk2","Source":"               if (csr_we_int)"}
,{"expanded":false,"Exclusion Rule Type":"None","UNR":"none","Index":"44","Blk Type":"true part of","Src Start Line":"1047","Score":"1","Enclosing Entity":"uvmt_cv32_tb.dut_wrap.cv32e40p_wrapper_i.core_i.cs_registers_i.genblk2","Source":"               begin"}
,{"expanded":false,"Exclusion Rule Type":"None","UNR":"none","Index":"45","Blk Type":"implicit else","Src Start Line":"1046","Score":"1","Enclosing Entity":"uvmt_cv32_tb.dut_wrap.cv32e40p_wrapper_i.core_i.cs_registers_i.genblk2","Source":"               if (csr_we_int)"}
,{"expanded":false,"Exclusion Rule Type":"None","UNR":"none","Index":"46","Blk Type":"a case item of","Src Start Line":"1052","Score":"1","Enclosing Entity":"uvmt_cv32_tb.dut_wrap.cv32e40p_wrapper_i.core_i.cs_registers_i.genblk2","Source":"               if (csr_we_int)"}
,{"expanded":false,"Exclusion Rule Type":"None","UNR":"none","Index":"47","Blk Type":"true part of","Src Start Line":"1053","Score":"1","Enclosing Entity":"uvmt_cv32_tb.dut_wrap.cv32e40p_wrapper_i.core_i.cs_registers_i.genblk2","Source":"               begin"}
,{"expanded":false,"Exclusion Rule Type":"None","UNR":"none","Index":"48","Blk Type":"implicit else","Src Start Line":"1052","Score":"1","Enclosing Entity":"uvmt_cv32_tb.dut_wrap.cv32e40p_wrapper_i.core_i.cs_registers_i.genblk2","Source":"               if (csr_we_int)"}
,{"expanded":false,"Exclusion Rule Type":"None","UNR":"none","Index":"49","Blk Type":"a case item of","Src Start Line":"1058","Score":"1","Enclosing Entity":"uvmt_cv32_tb.dut_wrap.cv32e40p_wrapper_i.core_i.cs_registers_i.genblk2","Source":"      CSR_LPSTART0 : if (PULP_XPULP && csr_we_int) begin hwlp_we_o = 3'b001; hwlp_regid_o = 1'b0; end"}
,{"expanded":false,"Exclusion Rule Type":"Analysis Time","UNR":"none","Index":"50","Blk Type":"true part of","Src Start Line":"1058","Score":"0","Enclosing Entity":"uvmt_cv32_tb.dut_wrap.cv32e40p_wrapper_i.core_i.cs_registers_i.genblk2","Source":"      CSR_LPSTART0 : if (PULP_XPULP && csr_we_int) begin hwlp_we_o = 3'b001; hwlp_regid_o = 1'b0; end","excluded":"1"}
,{"expanded":false,"Exclusion Rule Type":"None","UNR":"none","Index":"51","Blk Type":"implicit else","Src Start Line":"1058","Score":"1","Enclosing Entity":"uvmt_cv32_tb.dut_wrap.cv32e40p_wrapper_i.core_i.cs_registers_i.genblk2","Source":"      CSR_LPSTART0 : if (PULP_XPULP && csr_we_int) begin hwlp_we_o = 3'b001; hwlp_regid_o = 1'b0; end"}
,{"expanded":false,"Exclusion Rule Type":"None","UNR":"none","Index":"52","Blk Type":"a case item of","Src Start Line":"1059","Score":"1","Enclosing Entity":"uvmt_cv32_tb.dut_wrap.cv32e40p_wrapper_i.core_i.cs_registers_i.genblk2","Source":"      CSR_LPEND0   : if (PULP_XPULP && csr_we_int) begin hwlp_we_o = 3'b010; hwlp_regid_o = 1'b0; end"}
,{"expanded":false,"Exclusion Rule Type":"Analysis Time","UNR":"none","Index":"53","Blk Type":"true part of","Src Start Line":"1059","Score":"0","Enclosing Entity":"uvmt_cv32_tb.dut_wrap.cv32e40p_wrapper_i.core_i.cs_registers_i.genblk2","Source":"      CSR_LPEND0   : if (PULP_XPULP && csr_we_int) begin hwlp_we_o = 3'b010; hwlp_regid_o = 1'b0; end","excluded":"1"}
,{"expanded":false,"Exclusion Rule Type":"None","UNR":"none","Index":"54","Blk Type":"implicit else","Src Start Line":"1059","Score":"1","Enclosing Entity":"uvmt_cv32_tb.dut_wrap.cv32e40p_wrapper_i.core_i.cs_registers_i.genblk2","Source":"      CSR_LPEND0   : if (PULP_XPULP && csr_we_int) begin hwlp_we_o = 3'b010; hwlp_regid_o = 1'b0; end"}
,{"expanded":false,"Exclusion Rule Type":"None","UNR":"none","Index":"55","Blk Type":"a case item of","Src Start Line":"1060","Score":"1","Enclosing Entity":"uvmt_cv32_tb.dut_wrap.cv32e40p_wrapper_i.core_i.cs_registers_i.genblk2","Source":"      CSR_LPCOUNT0 : if (PULP_XPULP && csr_we_int) begin hwlp_we_o = 3'b100; hwlp_regid_o = 1'b0; end"}
,{"expanded":false,"Exclusion Rule Type":"Analysis Time","UNR":"none","Index":"56","Blk Type":"true part of","Src Start Line":"1060","Score":"0","Enclosing Entity":"uvmt_cv32_tb.dut_wrap.cv32e40p_wrapper_i.core_i.cs_registers_i.genblk2","Source":"      CSR_LPCOUNT0 : if (PULP_XPULP && csr_we_int) begin hwlp_we_o = 3'b100; hwlp_regid_o = 1'b0; end","excluded":"1"}
,{"expanded":false,"Exclusion Rule Type":"None","UNR":"none","Index":"57","Blk Type":"implicit else","Src Start Line":"1060","Score":"1","Enclosing Entity":"uvmt_cv32_tb.dut_wrap.cv32e40p_wrapper_i.core_i.cs_registers_i.genblk2","Source":"      CSR_LPCOUNT0 : if (PULP_XPULP && csr_we_int) begin hwlp_we_o = 3'b100; hwlp_regid_o = 1'b0; end"}
,{"expanded":false,"Exclusion Rule Type":"None","UNR":"none","Index":"58","Blk Type":"a case item of","Src Start Line":"1061","Score":"1","Enclosing Entity":"uvmt_cv32_tb.dut_wrap.cv32e40p_wrapper_i.core_i.cs_registers_i.genblk2","Source":"      CSR_LPSTART1 : if (PULP_XPULP && csr_we_int) begin hwlp_we_o = 3'b001; hwlp_regid_o = 1'b1; end"}
,{"expanded":false,"Exclusion Rule Type":"Analysis Time","UNR":"none","Index":"59","Blk Type":"true part of","Src Start Line":"1061","Score":"0","Enclosing Entity":"uvmt_cv32_tb.dut_wrap.cv32e40p_wrapper_i.core_i.cs_registers_i.genblk2","Source":"      CSR_LPSTART1 : if (PULP_XPULP && csr_we_int) begin hwlp_we_o = 3'b001; hwlp_regid_o = 1'b1; end","excluded":"1"}
,{"expanded":false,"Exclusion Rule Type":"None","UNR":"none","Index":"60","Blk Type":"implicit else","Src Start Line":"1061","Score":"1","Enclosing Entity":"uvmt_cv32_tb.dut_wrap.cv32e40p_wrapper_i.core_i.cs_registers_i.genblk2","Source":"      CSR_LPSTART1 : if (PULP_XPULP && csr_we_int) begin hwlp_we_o = 3'b001; hwlp_regid_o = 1'b1; end"}
,{"expanded":false,"Exclusion Rule Type":"None","UNR":"none","Index":"61","Blk Type":"a case item of","Src Start Line":"1062","Score":"1","Enclosing Entity":"uvmt_cv32_tb.dut_wrap.cv32e40p_wrapper_i.core_i.cs_registers_i.genblk2","Source":"      CSR_LPEND1   : if (PULP_XPULP && csr_we_int) begin hwlp_we_o = 3'b010; hwlp_regid_o = 1'b1; end"}
,{"expanded":false,"Exclusion Rule Type":"Analysis Time","UNR":"none","Index":"62","Blk Type":"true part of","Src Start Line":"1062","Score":"0","Enclosing Entity":"uvmt_cv32_tb.dut_wrap.cv32e40p_wrapper_i.core_i.cs_registers_i.genblk2","Source":"      CSR_LPEND1   : if (PULP_XPULP && csr_we_int) begin hwlp_we_o = 3'b010; hwlp_regid_o = 1'b1; end","excluded":"1"}
,{"expanded":false,"Exclusion Rule Type":"None","UNR":"none","Index":"63","Blk Type":"implicit else","Src Start Line":"1062","Score":"1","Enclosing Entity":"uvmt_cv32_tb.dut_wrap.cv32e40p_wrapper_i.core_i.cs_registers_i.genblk2","Source":"      CSR_LPEND1   : if (PULP_XPULP && csr_we_int) begin hwlp_we_o = 3'b010; hwlp_regid_o = 1'b1; end"}
,{"expanded":false,"Exclusion Rule Type":"None","UNR":"none","Index":"64","Blk Type":"a case item of","Src Start Line":"1063","Score":"1","Enclosing Entity":"uvmt_cv32_tb.dut_wrap.cv32e40p_wrapper_i.core_i.cs_registers_i.genblk2","Source":"      CSR_LPCOUNT1 : if (PULP_XPULP && csr_we_int) begin hwlp_we_o = 3'b100; hwlp_regid_o = 1'b1; end"}
,{"expanded":false,"Exclusion Rule Type":"Analysis Time","UNR":"none","Index":"65","Blk Type":"true part of","Src Start Line":"1063","Score":"0","Enclosing Entity":"uvmt_cv32_tb.dut_wrap.cv32e40p_wrapper_i.core_i.cs_registers_i.genblk2","Source":"      CSR_LPCOUNT1 : if (PULP_XPULP && csr_we_int) begin hwlp_we_o = 3'b100; hwlp_regid_o = 1'b1; end","excluded":"1"}
,{"expanded":false,"Exclusion Rule Type":"None","UNR":"none","Index":"66","Blk Type":"implicit else","Src Start Line":"1063","Score":"1","Enclosing Entity":"uvmt_cv32_tb.dut_wrap.cv32e40p_wrapper_i.core_i.cs_registers_i.genblk2","Source":"      CSR_LPCOUNT1 : if (PULP_XPULP && csr_we_int) begin hwlp_we_o = 3'b100; hwlp_regid_o = 1'b1; end"}
,{"expanded":false,"Exclusion Rule Type":"None","UNR":"none","Index":"67","Blk Type":"implicit default","Src Start Line":"978","Score":"1","Enclosing Entity":"uvmt_cv32_tb.dut_wrap.cv32e40p_wrapper_i.core_i.cs_registers_i.genblk2","Source":"    case (csr_addr_i)"}
,{"expanded":false,"Exclusion Rule Type":"None","UNR":"none","Index":"68","Blk Type":"code block","Src Start Line":"1067","Score":"1","Enclosing Entity":"uvmt_cv32_tb.dut_wrap.cv32e40p_wrapper_i.core_i.cs_registers_i.genblk2","Source":"    unique case (1'b1)"}
,{"expanded":false,"Exclusion Rule Type":"None","UNR":"none","Index":"69","Blk Type":"a case item of","Src Start Line":"1069","Score":"1","Enclosing Entity":"uvmt_cv32_tb.dut_wrap.cv32e40p_wrapper_i.core_i.cs_registers_i.genblk2","Source":"      csr_save_cause_i: begin"}
,{"expanded":false,"Exclusion Rule Type":"None","UNR":"none","Index":"70","Blk Type":"a case item of","Src Start Line":"1072","Score":"1","Enclosing Entity":"uvmt_cv32_tb.dut_wrap.cv32e40p_wrapper_i.core_i.cs_registers_i.genblk2","Source":"            exception_pc = pc_if_i;"}
,{"expanded":false,"Exclusion Rule Type":"None","UNR":"none","Index":"71","Blk Type":"a case item of","Src Start Line":"1074","Score":"1","Enclosing Entity":"uvmt_cv32_tb.dut_wrap.cv32e40p_wrapper_i.core_i.cs_registers_i.genblk2","Source":"            exception_pc = pc_id_i;"}
,{"expanded":false,"Exclusion Rule Type":"Analysis Time","UNR":"none","Index":"72","Blk Type":"a case item of","Src Start Line":"1076","Score":"0","Enclosing Entity":"uvmt_cv32_tb.dut_wrap.cv32e40p_wrapper_i.core_i.cs_registers_i.genblk2","Source":"            exception_pc = pc_ex_i;","excluded":"1"}
,{"expanded":false,"Exclusion Rule Type":"Analysis Time","UNR":"none","Index":"73","Blk Type":"a case item of","Src Start Line":"1077","Score":"0","Enclosing Entity":"uvmt_cv32_tb.dut_wrap.cv32e40p_wrapper_i.core_i.cs_registers_i.genblk2","Source":"          default:;","excluded":"1"}
,{"expanded":false,"Exclusion Rule Type":"None","UNR":"none","Index":"74","Blk Type":"code block","Src Start Line":"1080","Score":"1","Enclosing Entity":"uvmt_cv32_tb.dut_wrap.cv32e40p_wrapper_i.core_i.cs_registers_i.genblk2","Source":"        if (debug_csr_save_i) begin"}
,{"expanded":false,"Exclusion Rule Type":"None","UNR":"none","Index":"75","Blk Type":"true part of","Src Start Line":"1080","Score":"1","Enclosing Entity":"uvmt_cv32_tb.dut_wrap.cv32e40p_wrapper_i.core_i.cs_registers_i.genblk2","Source":"        if (debug_csr_save_i) begin"}
,{"expanded":false,"Exclusion Rule Type":"None","UNR":"none","Index":"76","Blk Type":"false part of","Src Start Line":"1086","Score":"1","Enclosing Entity":"uvmt_cv32_tb.dut_wrap.cv32e40p_wrapper_i.core_i.cs_registers_i.genblk2","Source":"        end else begin"}
,{"expanded":false,"Exclusion Rule Type":"None","UNR":"none","Index":"77","Blk Type":"a case item of","Src Start Line":"1096","Score":"1","Enclosing Entity":"uvmt_cv32_tb.dut_wrap.cv32e40p_wrapper_i.core_i.cs_registers_i.genblk2","Source":"      csr_restore_mret_i: begin //MRET"}
,{"expanded":false,"Exclusion Rule Type":"None","UNR":"none","Index":"78","Blk Type":"a case item of","Src Start Line":"1103","Score":"1","Enclosing Entity":"uvmt_cv32_tb.dut_wrap.cv32e40p_wrapper_i.core_i.cs_registers_i.genblk2","Source":"      csr_restore_dret_i: begin //DRET"}
,{"expanded":false,"Exclusion Rule Type":"None","UNR":"none","Index":"79","Blk Type":"a case item of","Src Start Line":"1108","Score":"1","Enclosing Entity":"uvmt_cv32_tb.dut_wrap.cv32e40p_wrapper_i.core_i.cs_registers_i.genblk2","Source":"      default:;"}
]
,"expression_items":[{"expanded":false,"expanded":false,"Exclusion Rule Type":"Analysis Time","UNR":"none","Index":"1","All Average Grd":"n/a","All Cov":"0 / 0 (n/a)","Src Start Line":"986","Enclosing Entity":"uvmt_cv32_tb.dut_wrap.cv32e40p_wrapper_i.core_i.cs_registers_i.genblk2","Source":"      CSR_FPREC  : if (csr_we_int) fprec_n = ((FPU == 1) && (PULP_XPULP == 1)) ? csr_wdata_int[C_PC-1:0] : '0;","excluded":"1"
,"subitems":[{"expanded":false,"expanded":false,"Exclusion Rule Type":"None","UNR":"none","Index":"1","All Average Grd":"n/a","All Cov":"0 / 0 (n/a)","Source":"      CSR_FPREC  : if (csr_we_int) fprec_n = ((FPU == 1) && (PULP_XPULP == 1)) ? csr_wdata_int[C_PC-1:0] : '0;","excluded":"1","table_type":"cov"
,"subitems":[{"title":"0;-","expanded":false,"Exclusion Rule Type":"None","UNR":"none","Score":"0","Out":"n/a","excluded":"1"}
,{"title":"-;0","expanded":false,"Exclusion Rule Type":"None","UNR":"none","Score":"0","Out":"n/a","excluded":"1"}
,{"title":"1;1","expanded":false,"Exclusion Rule Type":"Simulation-Const","UNR":"none","Score":"0","Out":"n/a","excluded":"1"}
],"cov_table_title":"Coverage Table","header":"((FPU == 1) && (PULP_XPULP == 1))","columns":"(FPU == 1);(PULP_XPULP == 1)"}
]}
,{"expanded":false,"expanded":false,"Exclusion Rule Type":"None","UNR":"none","Index":"2","All Average Grd":"100%","All Cov":"2 / 2 (100%)","Src Start Line":"1058","Enclosing Entity":"uvmt_cv32_tb.dut_wrap.cv32e40p_wrapper_i.core_i.cs_registers_i.genblk2","Source":"      CSR_LPSTART0 : if (PULP_XPULP && csr_we_int) begin hwlp_we_o = 3'b001; hwlp_regid_o = 1'b0; end"
,"subitems":[{"expanded":false,"expanded":false,"Exclusion Rule Type":"None","UNR":"none","Index":"1","All Average Grd":"100%","All Cov":"2 / 2 (100%)","Source":"      CSR_LPSTART0 : if (PULP_XPULP && csr_we_int) begin hwlp_we_o = 3'b001; hwlp_regid_o = 1'b0; end","table_type":"cov"
,"subitems":[{"title":"0;-","expanded":false,"Exclusion Rule Type":"None","UNR":"none","Score":"1","Out":"n/a"}
,{"title":"-;0","expanded":false,"Exclusion Rule Type":"None","UNR":"none","Score":"1","Out":"n/a"}
,{"title":"1;1","expanded":false,"Exclusion Rule Type":"Simulation-Const","UNR":"none","Score":"0","Out":"n/a","excluded":"1"}
],"cov_table_title":"Coverage Table","header":"PULP_XPULP && csr_we_int","columns":"PULP_XPULP;csr_we_int"}
]}
,{"expanded":false,"expanded":false,"Exclusion Rule Type":"None","UNR":"none","Index":"3","All Average Grd":"100%","All Cov":"2 / 2 (100%)","Src Start Line":"1059","Enclosing Entity":"uvmt_cv32_tb.dut_wrap.cv32e40p_wrapper_i.core_i.cs_registers_i.genblk2","Source":"      CSR_LPEND0   : if (PULP_XPULP && csr_we_int) begin hwlp_we_o = 3'b010; hwlp_regid_o = 1'b0; end"
,"subitems":[{"expanded":false,"expanded":false,"Exclusion Rule Type":"None","UNR":"none","Index":"1","All Average Grd":"100%","All Cov":"2 / 2 (100%)","Source":"      CSR_LPEND0   : if (PULP_XPULP && csr_we_int) begin hwlp_we_o = 3'b010; hwlp_regid_o = 1'b0; end","table_type":"cov"
,"subitems":[{"title":"0;-","expanded":false,"Exclusion Rule Type":"None","UNR":"none","Score":"1","Out":"n/a"}
,{"title":"-;0","expanded":false,"Exclusion Rule Type":"None","UNR":"none","Score":"1","Out":"n/a"}
,{"title":"1;1","expanded":false,"Exclusion Rule Type":"Simulation-Const","UNR":"none","Score":"0","Out":"n/a","excluded":"1"}
],"cov_table_title":"Coverage Table","header":"PULP_XPULP && csr_we_int","columns":"PULP_XPULP;csr_we_int"}
]}
,{"expanded":false,"expanded":false,"Exclusion Rule Type":"None","UNR":"none","Index":"4","All Average Grd":"100%","All Cov":"2 / 2 (100%)","Src Start Line":"1060","Enclosing Entity":"uvmt_cv32_tb.dut_wrap.cv32e40p_wrapper_i.core_i.cs_registers_i.genblk2","Source":"      CSR_LPCOUNT0 : if (PULP_XPULP && csr_we_int) begin hwlp_we_o = 3'b100; hwlp_regid_o = 1'b0; end"
,"subitems":[{"expanded":false,"expanded":false,"Exclusion Rule Type":"None","UNR":"none","Index":"1","All Average Grd":"100%","All Cov":"2 / 2 (100%)","Source":"      CSR_LPCOUNT0 : if (PULP_XPULP && csr_we_int) begin hwlp_we_o = 3'b100; hwlp_regid_o = 1'b0; end","table_type":"cov"
,"subitems":[{"title":"0;-","expanded":false,"Exclusion Rule Type":"None","UNR":"none","Score":"1","Out":"n/a"}
,{"title":"-;0","expanded":false,"Exclusion Rule Type":"None","UNR":"none","Score":"1","Out":"n/a"}
,{"title":"1;1","expanded":false,"Exclusion Rule Type":"Simulation-Const","UNR":"none","Score":"0","Out":"n/a","excluded":"1"}
],"cov_table_title":"Coverage Table","header":"PULP_XPULP && csr_we_int","columns":"PULP_XPULP;csr_we_int"}
]}
,{"expanded":false,"expanded":false,"Exclusion Rule Type":"None","UNR":"none","Index":"5","All Average Grd":"100%","All Cov":"2 / 2 (100%)","Src Start Line":"1061","Enclosing Entity":"uvmt_cv32_tb.dut_wrap.cv32e40p_wrapper_i.core_i.cs_registers_i.genblk2","Source":"      CSR_LPSTART1 : if (PULP_XPULP && csr_we_int) begin hwlp_we_o = 3'b001; hwlp_regid_o = 1'b1; end"
,"subitems":[{"expanded":false,"expanded":false,"Exclusion Rule Type":"None","UNR":"none","Index":"1","All Average Grd":"100%","All Cov":"2 / 2 (100%)","Source":"      CSR_LPSTART1 : if (PULP_XPULP && csr_we_int) begin hwlp_we_o = 3'b001; hwlp_regid_o = 1'b1; end","table_type":"cov"
,"subitems":[{"title":"0;-","expanded":false,"Exclusion Rule Type":"None","UNR":"none","Score":"1","Out":"n/a"}
,{"title":"-;0","expanded":false,"Exclusion Rule Type":"None","UNR":"none","Score":"1","Out":"n/a"}
,{"title":"1;1","expanded":false,"Exclusion Rule Type":"Simulation-Const","UNR":"none","Score":"0","Out":"n/a","excluded":"1"}
],"cov_table_title":"Coverage Table","header":"PULP_XPULP && csr_we_int","columns":"PULP_XPULP;csr_we_int"}
]}
,{"expanded":false,"expanded":false,"Exclusion Rule Type":"None","UNR":"none","Index":"6","All Average Grd":"100%","All Cov":"2 / 2 (100%)","Src Start Line":"1062","Enclosing Entity":"uvmt_cv32_tb.dut_wrap.cv32e40p_wrapper_i.core_i.cs_registers_i.genblk2","Source":"      CSR_LPEND1   : if (PULP_XPULP && csr_we_int) begin hwlp_we_o = 3'b010; hwlp_regid_o = 1'b1; end"
,"subitems":[{"expanded":false,"expanded":false,"Exclusion Rule Type":"None","UNR":"none","Index":"1","All Average Grd":"100%","All Cov":"2 / 2 (100%)","Source":"      CSR_LPEND1   : if (PULP_XPULP && csr_we_int) begin hwlp_we_o = 3'b010; hwlp_regid_o = 1'b1; end","table_type":"cov"
,"subitems":[{"title":"0;-","expanded":false,"Exclusion Rule Type":"None","UNR":"none","Score":"1","Out":"n/a"}
,{"title":"-;0","expanded":false,"Exclusion Rule Type":"None","UNR":"none","Score":"1","Out":"n/a"}
,{"title":"1;1","expanded":false,"Exclusion Rule Type":"Simulation-Const","UNR":"none","Score":"0","Out":"n/a","excluded":"1"}
],"cov_table_title":"Coverage Table","header":"PULP_XPULP && csr_we_int","columns":"PULP_XPULP;csr_we_int"}
]}
,{"expanded":false,"expanded":false,"Exclusion Rule Type":"None","UNR":"none","Index":"7","All Average Grd":"100%","All Cov":"2 / 2 (100%)","Src Start Line":"1063","Enclosing Entity":"uvmt_cv32_tb.dut_wrap.cv32e40p_wrapper_i.core_i.cs_registers_i.genblk2","Source":"      CSR_LPCOUNT1 : if (PULP_XPULP && csr_we_int) begin hwlp_we_o = 3'b100; hwlp_regid_o = 1'b1; end"
,"subitems":[{"expanded":false,"expanded":false,"Exclusion Rule Type":"None","UNR":"none","Index":"1","All Average Grd":"100%","All Cov":"2 / 2 (100%)","Source":"      CSR_LPCOUNT1 : if (PULP_XPULP && csr_we_int) begin hwlp_we_o = 3'b100; hwlp_regid_o = 1'b1; end","table_type":"cov"
,"subitems":[{"title":"0;-","expanded":false,"Exclusion Rule Type":"None","UNR":"none","Score":"1","Out":"n/a"}
,{"title":"-;0","expanded":false,"Exclusion Rule Type":"None","UNR":"none","Score":"1","Out":"n/a"}
,{"title":"1;1","expanded":false,"Exclusion Rule Type":"Simulation-Const","UNR":"none","Score":"0","Out":"n/a","excluded":"1"}
],"cov_table_title":"Coverage Table","header":"PULP_XPULP && csr_we_int","columns":"PULP_XPULP;csr_we_int"}
]}
]}
