{
"block_items":[{"expanded":false,"Exclusion Rule Type":"None","UNR":"none","Index":"1","Blk Type":"code block","Src Start Line":"164","Score":"1","Enclosing Entity":"uvmt_cv32_tb.dut_wrap.cv32e40p_wrapper_i.core_i.if_stage_i.prefetch_buffer_i.prefetch_controller_i","Source":"  begin"}
,{"expanded":false,"Exclusion Rule Type":"None","UNR":"none","Index":"2","Blk Type":"a case item of","Src Start Line":"171","Score":"1","Enclosing Entity":"uvmt_cv32_tb.dut_wrap.cv32e40p_wrapper_i.core_i.if_stage_i.prefetch_buffer_i.prefetch_controller_i","Source":"      begin"}
,{"expanded":false,"Exclusion Rule Type":"None","UNR":"none","Index":"3","Blk Type":"code block","Src Start Line":"172","Score":"1","Enclosing Entity":"uvmt_cv32_tb.dut_wrap.cv32e40p_wrapper_i.core_i.if_stage_i.prefetch_buffer_i.prefetch_controller_i","Source":"        begin"}
,{"expanded":false,"Exclusion Rule Type":"None","UNR":"none","Index":"4","Blk Type":"true part of","Src Start Line":"173","Score":"1","Enclosing Entity":"uvmt_cv32_tb.dut_wrap.cv32e40p_wrapper_i.core_i.if_stage_i.prefetch_buffer_i.prefetch_controller_i","Source":"          if (branch_i) begin"}
,{"expanded":false,"Exclusion Rule Type":"None","UNR":"none","Index":"5","Blk Type":"false part of","Src Start Line":"177","Score":"1","Enclosing Entity":"uvmt_cv32_tb.dut_wrap.cv32e40p_wrapper_i.core_i.if_stage_i.prefetch_buffer_i.prefetch_controller_i","Source":"          end else if (hwlp_jump_i) begin"}
,{"expanded":false,"Exclusion Rule Type":"Analysis Time","UNR":"none","Index":"6","Blk Type":"true part of","Src Start Line":"177","Score":"0","Enclosing Entity":"uvmt_cv32_tb.dut_wrap.cv32e40p_wrapper_i.core_i.if_stage_i.prefetch_buffer_i.prefetch_controller_i","Source":"          end else if (hwlp_jump_i) begin","excluded":"1"}
,{"expanded":false,"Exclusion Rule Type":"None","UNR":"none","Index":"7","Blk Type":"false part of","Src Start Line":"179","Score":"1","Enclosing Entity":"uvmt_cv32_tb.dut_wrap.cv32e40p_wrapper_i.core_i.if_stage_i.prefetch_buffer_i.prefetch_controller_i","Source":"          end else begin"}
,{"expanded":false,"Exclusion Rule Type":"None","UNR":"none","Index":"8","Blk Type":"code block","Src Start Line":"183","Score":"1","Enclosing Entity":"uvmt_cv32_tb.dut_wrap.cv32e40p_wrapper_i.core_i.if_stage_i.prefetch_buffer_i.prefetch_controller_i","Source":"        if ((branch_i || hwlp_jump_i) && !(trans_valid_o && trans_ready_i)) begin"}
,{"expanded":false,"Exclusion Rule Type":"None","UNR":"none","Index":"9","Blk Type":"true part of","Src Start Line":"183","Score":"1","Enclosing Entity":"uvmt_cv32_tb.dut_wrap.cv32e40p_wrapper_i.core_i.if_stage_i.prefetch_buffer_i.prefetch_controller_i","Source":"        if ((branch_i || hwlp_jump_i) && !(trans_valid_o && trans_ready_i)) begin"}
,{"expanded":false,"Exclusion Rule Type":"None","UNR":"none","Index":"10","Blk Type":"implicit else","Src Start Line":"183","Score":"1","Enclosing Entity":"uvmt_cv32_tb.dut_wrap.cv32e40p_wrapper_i.core_i.if_stage_i.prefetch_buffer_i.prefetch_controller_i","Source":"        if ((branch_i || hwlp_jump_i) && !(trans_valid_o && trans_ready_i)) begin"}
,{"expanded":false,"Exclusion Rule Type":"None","UNR":"none","Index":"11","Blk Type":"a case item of","Src Start Line":"190","Score":"0","Enclosing Entity":"uvmt_cv32_tb.dut_wrap.cv32e40p_wrapper_i.core_i.if_stage_i.prefetch_buffer_i.prefetch_controller_i","Source":"      begin"}
,{"expanded":false,"Exclusion Rule Type":"None","UNR":"none","Index":"12","Blk Type":"true part of","Src Start Line":"195","Score":"0","Enclosing Entity":"uvmt_cv32_tb.dut_wrap.cv32e40p_wrapper_i.core_i.if_stage_i.prefetch_buffer_i.prefetch_controller_i","Source":"        if (trans_valid_o && trans_ready_i) begin"}
,{"expanded":false,"Exclusion Rule Type":"None","UNR":"none","Index":"13","Blk Type":"implicit else","Src Start Line":"195","Score":"0","Enclosing Entity":"uvmt_cv32_tb.dut_wrap.cv32e40p_wrapper_i.core_i.if_stage_i.prefetch_buffer_i.prefetch_controller_i","Source":"        if (trans_valid_o && trans_ready_i) begin"}
,{"expanded":false,"Exclusion Rule Type":"None","UNR":"none","Index":"14","Blk Type":"implicit default","Src Start Line":"168","Score":"1","Enclosing Entity":"uvmt_cv32_tb.dut_wrap.cv32e40p_wrapper_i.core_i.if_stage_i.prefetch_buffer_i.prefetch_controller_i","Source":"    case(state_q)"}
,{"expanded":false,"Exclusion Rule Type":"None","UNR":"none","Index":"15","Blk Type":"code block","Src Start Line":"228","Score":"1","Enclosing Entity":"uvmt_cv32_tb.dut_wrap.cv32e40p_wrapper_i.core_i.if_stage_i.prefetch_buffer_i.prefetch_controller_i","Source":"  always_comb begin"}
,{"expanded":false,"Exclusion Rule Type":"None","UNR":"none","Index":"16","Blk Type":"a case item of","Src Start Line":"230","Score":"1","Enclosing Entity":"uvmt_cv32_tb.dut_wrap.cv32e40p_wrapper_i.core_i.if_stage_i.prefetch_buffer_i.prefetch_controller_i","Source":"      2'b00  : begin"}
,{"expanded":false,"Exclusion Rule Type":"None","UNR":"none","Index":"17","Blk Type":"a case item of","Src Start Line":"233","Score":"1","Enclosing Entity":"uvmt_cv32_tb.dut_wrap.cv32e40p_wrapper_i.core_i.if_stage_i.prefetch_buffer_i.prefetch_controller_i","Source":"      2'b01  : begin"}
,{"expanded":false,"Exclusion Rule Type":"None","UNR":"none","Index":"18","Blk Type":"a case item of","Src Start Line":"236","Score":"1","Enclosing Entity":"uvmt_cv32_tb.dut_wrap.cv32e40p_wrapper_i.core_i.if_stage_i.prefetch_buffer_i.prefetch_controller_i","Source":"      2'b10  : begin"}
,{"expanded":false,"Exclusion Rule Type":"None","UNR":"none","Index":"19","Blk Type":"a case item of","Src Start Line":"239","Score":"1","Enclosing Entity":"uvmt_cv32_tb.dut_wrap.cv32e40p_wrapper_i.core_i.if_stage_i.prefetch_buffer_i.prefetch_controller_i","Source":"      2'b11  : begin"}
,{"expanded":false,"Exclusion Rule Type":"None","UNR":"none","Index":"20","Blk Type":"implicit default","Src Start Line":"229","Score":"1","Enclosing Entity":"uvmt_cv32_tb.dut_wrap.cv32e40p_wrapper_i.core_i.if_stage_i.prefetch_buffer_i.prefetch_controller_i","Source":"    case ({count_up, count_down})"}
,{"expanded":false,"Exclusion Rule Type":"None","UNR":"none","Index":"21","Blk Type":"code block","Src Start Line":"322","Score":"1","Enclosing Entity":"uvmt_cv32_tb.dut_wrap.cv32e40p_wrapper_i.core_i.if_stage_i.prefetch_buffer_i.prefetch_controller_i","Source":"  always_comb begin"}
,{"expanded":false,"Exclusion Rule Type":"None","UNR":"none","Index":"22","Blk Type":"true part of","Src Start Line":"328","Score":"1","Enclosing Entity":"uvmt_cv32_tb.dut_wrap.cv32e40p_wrapper_i.core_i.if_stage_i.prefetch_buffer_i.prefetch_controller_i","Source":"    if (branch_i || hwlp_flush_resp) begin"}
,{"expanded":false,"Exclusion Rule Type":"None","UNR":"none","Index":"23","Blk Type":"true part of","Src Start Line":"330","Score":"1","Enclosing Entity":"uvmt_cv32_tb.dut_wrap.cv32e40p_wrapper_i.core_i.if_stage_i.prefetch_buffer_i.prefetch_controller_i","Source":"      if (resp_valid_i && (cnt_q > 0)) begin"}
,{"expanded":false,"Exclusion Rule Type":"None","UNR":"none","Index":"24","Blk Type":"implicit else","Src Start Line":"330","Score":"1","Enclosing Entity":"uvmt_cv32_tb.dut_wrap.cv32e40p_wrapper_i.core_i.if_stage_i.prefetch_buffer_i.prefetch_controller_i","Source":"      if (resp_valid_i && (cnt_q > 0)) begin"}
,{"expanded":false,"Exclusion Rule Type":"None","UNR":"none","Index":"25","Blk Type":"false part of","Src Start Line":"333","Score":"1","Enclosing Entity":"uvmt_cv32_tb.dut_wrap.cv32e40p_wrapper_i.core_i.if_stage_i.prefetch_buffer_i.prefetch_controller_i","Source":"    end else if (hwlp_flush_resp_delayed) begin"}
,{"expanded":false,"Exclusion Rule Type":"Analysis Time","UNR":"none","Index":"26","Blk Type":"true part of","Src Start Line":"333","Score":"0","Enclosing Entity":"uvmt_cv32_tb.dut_wrap.cv32e40p_wrapper_i.core_i.if_stage_i.prefetch_buffer_i.prefetch_controller_i","Source":"    end else if (hwlp_flush_resp_delayed) begin","excluded":"1"}
,{"expanded":false,"Exclusion Rule Type":"None","UNR":"none","Index":"27","Blk Type":"false part of","Src Start Line":"338","Score":"1","Enclosing Entity":"uvmt_cv32_tb.dut_wrap.cv32e40p_wrapper_i.core_i.if_stage_i.prefetch_buffer_i.prefetch_controller_i","Source":"    end else if (resp_valid_i && (flush_cnt_q > 0)) begin"}
,{"expanded":false,"Exclusion Rule Type":"None","UNR":"none","Index":"28","Blk Type":"true part of","Src Start Line":"338","Score":"0","Enclosing Entity":"uvmt_cv32_tb.dut_wrap.cv32e40p_wrapper_i.core_i.if_stage_i.prefetch_buffer_i.prefetch_controller_i","Source":"    end else if (resp_valid_i && (flush_cnt_q > 0)) begin"}
,{"expanded":false,"Exclusion Rule Type":"None","UNR":"none","Index":"29","Blk Type":"implicit else","Src Start Line":"338","Score":"1","Enclosing Entity":"uvmt_cv32_tb.dut_wrap.cv32e40p_wrapper_i.core_i.if_stage_i.prefetch_buffer_i.prefetch_controller_i","Source":"    end else if (resp_valid_i && (flush_cnt_q > 0)) begin"}
,{"expanded":false,"Exclusion Rule Type":"None","UNR":"none","Index":"30","Blk Type":"code block","Src Start Line":"348","Score":"1","Enclosing Entity":"uvmt_cv32_tb.dut_wrap.cv32e40p_wrapper_i.core_i.if_stage_i.prefetch_buffer_i.prefetch_controller_i","Source":"  begin"}
,{"expanded":false,"Exclusion Rule Type":"None","UNR":"none","Index":"31","Blk Type":"true part of","Src Start Line":"350","Score":"1","Enclosing Entity":"uvmt_cv32_tb.dut_wrap.cv32e40p_wrapper_i.core_i.if_stage_i.prefetch_buffer_i.prefetch_controller_i","Source":"    begin"}
,{"expanded":false,"Exclusion Rule Type":"None","UNR":"none","Index":"32","Blk Type":"false part of","Src Start Line":"357","Score":"1","Enclosing Entity":"uvmt_cv32_tb.dut_wrap.cv32e40p_wrapper_i.core_i.if_stage_i.prefetch_buffer_i.prefetch_controller_i","Source":"    begin"}
,{"expanded":false,"Exclusion Rule Type":"None","UNR":"none","Index":"33","Blk Type":"true part of","Src Start Line":"361","Score":"1","Enclosing Entity":"uvmt_cv32_tb.dut_wrap.cv32e40p_wrapper_i.core_i.if_stage_i.prefetch_buffer_i.prefetch_controller_i","Source":"      if (branch_i || hwlp_jump_i || (trans_valid_o && trans_ready_i)) begin"}
,{"expanded":false,"Exclusion Rule Type":"None","UNR":"none","Index":"34","Blk Type":"implicit else","Src Start Line":"361","Score":"1","Enclosing Entity":"uvmt_cv32_tb.dut_wrap.cv32e40p_wrapper_i.core_i.if_stage_i.prefetch_buffer_i.prefetch_controller_i","Source":"      if (branch_i || hwlp_jump_i || (trans_valid_o && trans_ready_i)) begin"}
]
,"expression_items":[{"expanded":false,"expanded":false,"Exclusion Rule Type":"None","UNR":"none","Index":"1","All Average Grd":"100%","All Cov":"2 / 2 (100%)","Src Start Line":"160","Enclosing Entity":"uvmt_cv32_tb.dut_wrap.cv32e40p_wrapper_i.core_i.if_stage_i.prefetch_buffer_i.prefetch_controller_i","Source":"  assign fifo_cnt_masked = (branch_i || hwlp_jump_i) ? '0 : fifo_cnt_i;"
,"subitems":[{"expanded":false,"expanded":false,"Exclusion Rule Type":"None","UNR":"none","Index":"1","All Average Grd":"100%","All Cov":"2 / 2 (100%)","Source":"  assign fifo_cnt_masked = (branch_i || hwlp_jump_i) ? '0 : fifo_cnt_i;","table_type":"cov"
,"subitems":[{"title":"1;-","expanded":false,"Exclusion Rule Type":"None","UNR":"none","Score":"1","Out":"n/a"}
,{"title":"-;1","expanded":false,"Exclusion Rule Type":"Analysis Time","UNR":"none","Score":"0","Out":"n/a","excluded":"1"}
,{"title":"0;0","expanded":false,"Exclusion Rule Type":"None","UNR":"none","Score":"1","Out":"n/a"}
],"cov_table_title":"Coverage Table","header":"(branch_i || hwlp_jump_i)","columns":"branch_i;hwlp_jump_i"}
]}
,{"expanded":false,"expanded":false,"Exclusion Rule Type":"None","UNR":"none","Index":"2","All Average Grd":"75%","All Cov":"3 / 4 (75%)","Src Start Line":"183","Enclosing Entity":"uvmt_cv32_tb.dut_wrap.cv32e40p_wrapper_i.core_i.if_stage_i.prefetch_buffer_i.prefetch_controller_i","Source":"        if ((branch_i || hwlp_jump_i) && !(trans_valid_o && trans_ready_i)) begin"
,"subitems":[{"expanded":false,"expanded":false,"Exclusion Rule Type":"None","UNR":"none","Index":"1","All Average Grd":"75%","All Cov":"3 / 4 (75%)","Source":"        if ((branch_i || hwlp_jump_i) && !(trans_valid_o && trans_ready_i)) begin","table_type":"cov"
,"subitems":[{"title":"-;1;-;0","expanded":false,"Exclusion Rule Type":"Analysis Time","UNR":"none","Score":"0","Out":"1","excluded":"1"}
,{"title":"1;-;-;0","expanded":false,"Exclusion Rule Type":"None","UNR":"none","Score":"0","Out":"1"}
,{"title":"-;1;0;-","expanded":false,"Exclusion Rule Type":"Analysis Time","UNR":"none","Score":"0","Out":"1","excluded":"1"}
,{"title":"1;-;0;-","expanded":false,"Exclusion Rule Type":"None","UNR":"none","Score":"1","Out":"1"}
,{"title":"-;-;1;1","expanded":false,"Exclusion Rule Type":"None","UNR":"none","Score":"1","Out":"0"}
,{"title":"0;0;-;-","expanded":false,"Exclusion Rule Type":"None","UNR":"none","Score":"1","Out":"0"}
],"cov_table_title":"Coverage Table with Output","header":"(branch_i || hwlp_jump_i) && (! (trans_valid_o && trans_ready_i))","columns":"branch_i;hwlp_jump_i;trans_valid_o;trans_ready_i"}
]}
,{"expanded":false,"expanded":false,"Exclusion Rule Type":"None","UNR":"none","Index":"3","All Average Grd":"0%","All Cov":"0 / 3 (0%)","Src Start Line":"195","Enclosing Entity":"uvmt_cv32_tb.dut_wrap.cv32e40p_wrapper_i.core_i.if_stage_i.prefetch_buffer_i.prefetch_controller_i","Source":"        if (trans_valid_o && trans_ready_i) begin"
,"subitems":[{"expanded":false,"expanded":false,"Exclusion Rule Type":"None","UNR":"none","Index":"1","All Average Grd":"0%","All Cov":"0 / 3 (0%)","Source":"        if (trans_valid_o && trans_ready_i) begin","table_type":"cov"
,"subitems":[{"title":"0;-","expanded":false,"Exclusion Rule Type":"None","UNR":"none","Score":"0","Out":"n/a"}
,{"title":"-;0","expanded":false,"Exclusion Rule Type":"None","UNR":"none","Score":"0","Out":"n/a"}
,{"title":"1;1","expanded":false,"Exclusion Rule Type":"None","UNR":"none","Score":"0","Out":"n/a"}
],"cov_table_title":"Coverage Table","header":"trans_valid_o && trans_ready_i","columns":"trans_valid_o;trans_ready_i"}
]}
,{"expanded":false,"expanded":false,"Exclusion Rule Type":"None","UNR":"none","Index":"4","All Average Grd":"100%","All Cov":"2 / 2 (100%)","Src Start Line":"328","Enclosing Entity":"uvmt_cv32_tb.dut_wrap.cv32e40p_wrapper_i.core_i.if_stage_i.prefetch_buffer_i.prefetch_controller_i","Source":"    if (branch_i || hwlp_flush_resp) begin"
,"subitems":[{"expanded":false,"expanded":false,"Exclusion Rule Type":"None","UNR":"none","Index":"1","All Average Grd":"100%","All Cov":"2 / 2 (100%)","Source":"    if (branch_i || hwlp_flush_resp) begin","table_type":"cov"
,"subitems":[{"title":"1;-","expanded":false,"Exclusion Rule Type":"None","UNR":"none","Score":"1","Out":"n/a"}
,{"title":"-;1","expanded":false,"Exclusion Rule Type":"Analysis Time","UNR":"none","Score":"0","Out":"n/a","excluded":"1"}
,{"title":"0;0","expanded":false,"Exclusion Rule Type":"None","UNR":"none","Score":"1","Out":"n/a"}
],"cov_table_title":"Coverage Table","header":"branch_i || hwlp_flush_resp","columns":"branch_i;hwlp_flush_resp"}
]}
,{"expanded":false,"expanded":false,"Exclusion Rule Type":"None","UNR":"none","Index":"5","All Average Grd":"100%","All Cov":"3 / 3 (100%)","Src Start Line":"330","Enclosing Entity":"uvmt_cv32_tb.dut_wrap.cv32e40p_wrapper_i.core_i.if_stage_i.prefetch_buffer_i.prefetch_controller_i","Source":"      if (resp_valid_i && (cnt_q > 0)) begin"
,"subitems":[{"expanded":false,"expanded":false,"Exclusion Rule Type":"None","UNR":"none","Index":"1","All Average Grd":"100%","All Cov":"3 / 3 (100%)","Source":"      if (resp_valid_i && (cnt_q > 0)) begin","table_type":"cov"
,"subitems":[{"title":"0;-","expanded":false,"Exclusion Rule Type":"None","UNR":"none","Score":"1","Out":"n/a"}
,{"title":"-;0","expanded":false,"Exclusion Rule Type":"None","UNR":"none","Score":"1","Out":"n/a"}
,{"title":"1;1","expanded":false,"Exclusion Rule Type":"None","UNR":"none","Score":"1","Out":"n/a"}
],"cov_table_title":"Coverage Table","header":"resp_valid_i && (cnt_q > 0)","columns":"resp_valid_i;(cnt_q > 0)"}
]}
,{"expanded":false,"expanded":false,"Exclusion Rule Type":"None","UNR":"none","Index":"6","All Average Grd":"66.67%","All Cov":"2 / 3 (66.67%)","Src Start Line":"338","Enclosing Entity":"uvmt_cv32_tb.dut_wrap.cv32e40p_wrapper_i.core_i.if_stage_i.prefetch_buffer_i.prefetch_controller_i","Source":"    end else if (resp_valid_i && (flush_cnt_q > 0)) begin"
,"subitems":[{"expanded":false,"expanded":false,"Exclusion Rule Type":"None","UNR":"none","Index":"1","All Average Grd":"66.67%","All Cov":"2 / 3 (66.67%)","Source":"    end else if (resp_valid_i && (flush_cnt_q > 0)) begin","table_type":"cov"
,"subitems":[{"title":"0;-","expanded":false,"Exclusion Rule Type":"None","UNR":"none","Score":"1","Out":"n/a"}
,{"title":"-;0","expanded":false,"Exclusion Rule Type":"None","UNR":"none","Score":"1","Out":"n/a"}
,{"title":"1;1","expanded":false,"Exclusion Rule Type":"None","UNR":"none","Score":"0","Out":"n/a"}
],"cov_table_title":"Coverage Table","header":"resp_valid_i && (flush_cnt_q > 0)","columns":"resp_valid_i;(flush_cnt_q > 0)"}
]}
,{"expanded":false,"expanded":false,"Exclusion Rule Type":"None","UNR":"none","Index":"7","All Average Grd":"75%","All Cov":"3 / 4 (75%)","Src Start Line":"361","Enclosing Entity":"uvmt_cv32_tb.dut_wrap.cv32e40p_wrapper_i.core_i.if_stage_i.prefetch_buffer_i.prefetch_controller_i","Source":"      if (branch_i || hwlp_jump_i || (trans_valid_o && trans_ready_i)) begin"
,"subitems":[{"expanded":false,"expanded":false,"Exclusion Rule Type":"None","UNR":"none","Index":"1","All Average Grd":"75%","All Cov":"3 / 4 (75%)","Source":"      if (branch_i || hwlp_jump_i || (trans_valid_o && trans_ready_i)) begin","table_type":"cov"
,"subitems":[{"title":"-;-;1;1","expanded":false,"Exclusion Rule Type":"None","UNR":"none","Score":"1","Out":"1"}
,{"title":"-;1;-;-","expanded":false,"Exclusion Rule Type":"Analysis Time","UNR":"none","Score":"0","Out":"1","excluded":"1"}
,{"title":"1;-;-;-","expanded":false,"Exclusion Rule Type":"None","UNR":"none","Score":"1","Out":"1"}
,{"title":"0;0;-;0","expanded":false,"Exclusion Rule Type":"None","UNR":"none","Score":"0","Out":"0"}
,{"title":"0;0;0;-","expanded":false,"Exclusion Rule Type":"None","UNR":"none","Score":"1","Out":"0"}
],"cov_table_title":"Coverage Table with Output","header":"(branch_i || hwlp_jump_i) || (trans_valid_o && trans_ready_i)","columns":"branch_i;hwlp_jump_i;trans_valid_o;trans_ready_i"}
]}
],"fsm_items"
:[{"expanded":false,"Exclusion Rule Type":"None","UNR":"none","title":"state_q","State Average Grd":"50%","Trans Average Grd":"0%","Arc Average Grd":"n/a","Enclosing Entity":"uvmt_cv32_tb.dut_wrap.cv32e40p_wrapper_i.core_i.if_stage_i.prefetch_buffer_i.prefetch_controller_i","Source":"  enum logic {IDLE, BRANCH_WAIT} state_q, next_state;"
,"subitems":[{"expanded":false,"Exclusion Rule Type":"None","UNR":"none","title":"IDLE","Encoding":"0","Score":"1411","Is Reset State":"true","Source":"      IDLE:"}
,{"expanded":false,"Exclusion Rule Type":"None","UNR":"none","title":"BRANCH_WAIT","Encoding":"1","Score":"0","Is Reset State":"false","Source":"      BRANCH_WAIT:"}
]
,"subitems1":[{"expanded":false,"Exclusion Rule Type":"None","UNR":"none","Index":"0","From State title":"IDLE","To State title":"BRANCH_WAIT","Score":"0","Is Reset Trans":"false"
,"subitems":[]}
,{"expanded":false,"Exclusion Rule Type":"None","UNR":"none","Index":"1","From State title":"BRANCH_WAIT","To State title":"IDLE","Score":"0","Is Reset Trans":"false"
,"subitems":[]}
]}
]}
