{
"block_items":[{"expanded":false,"Exclusion Rule Type":"None","UNR":"none","Index":"1","Blk Type":"code block","Src Start Line":"62","Score":"1","Enclosing Entity":"uvmt_cv32_tb.dut_wrap.cv32e40p_wrapper_i.core_i.if_stage_i.aligner_i","Source":"  begin : proc_SEQ_FSM"}
,{"expanded":false,"Exclusion Rule Type":"None","UNR":"none","Index":"2","Blk Type":"true part of","Src Start Line":"63","Score":"1","Enclosing Entity":"uvmt_cv32_tb.dut_wrap.cv32e40p_wrapper_i.core_i.if_stage_i.aligner_i","Source":"    if(~rst_n) begin"}
,{"expanded":false,"Exclusion Rule Type":"None","UNR":"none","Index":"3","Blk Type":"false part of","Src Start Line":"73","Score":"1","Enclosing Entity":"uvmt_cv32_tb.dut_wrap.cv32e40p_wrapper_i.core_i.if_stage_i.aligner_i","Source":"    end else begin"}
,{"expanded":false,"Exclusion Rule Type":"None","UNR":"none","Index":"4","Blk Type":"true part of","Src Start Line":"74","Score":"1","Enclosing Entity":"uvmt_cv32_tb.dut_wrap.cv32e40p_wrapper_i.core_i.if_stage_i.aligner_i","Source":"        if(update_state) begin"}
,{"expanded":false,"Exclusion Rule Type":"None","UNR":"none","Index":"5","Blk Type":"false part of","Src Start Line":"80","Score":"1","Enclosing Entity":"uvmt_cv32_tb.dut_wrap.cv32e40p_wrapper_i.core_i.if_stage_i.aligner_i","Source":"        end else begin"}
,{"expanded":false,"Exclusion Rule Type":"Analysis Time","UNR":"none","Index":"6","Blk Type":"true part of","Src Start Line":"81","Score":"0","Enclosing Entity":"uvmt_cv32_tb.dut_wrap.cv32e40p_wrapper_i.core_i.if_stage_i.aligner_i","Source":"          if(hwlp_update_pc_i) begin","excluded":"1"}
,{"expanded":false,"Exclusion Rule Type":"None","UNR":"none","Index":"7","Blk Type":"implicit else","Src Start Line":"81","Score":"1","Enclosing Entity":"uvmt_cv32_tb.dut_wrap.cv32e40p_wrapper_i.core_i.if_stage_i.aligner_i","Source":"          if(hwlp_update_pc_i) begin"}
,{"expanded":false,"Exclusion Rule Type":"None","UNR":"none","Index":"8","Blk Type":"code block","Src Start Line":"91","Score":"1","Enclosing Entity":"uvmt_cv32_tb.dut_wrap.cv32e40p_wrapper_i.core_i.if_stage_i.aligner_i","Source":"  begin"}
,{"expanded":false,"Exclusion Rule Type":"None","UNR":"none","Index":"9","Blk Type":"a case item of","Src Start Line":"104","Score":"1","Enclosing Entity":"uvmt_cv32_tb.dut_wrap.cv32e40p_wrapper_i.core_i.if_stage_i.aligner_i","Source":"      begin"}
,{"expanded":false,"Exclusion Rule Type":"None","UNR":"none","Index":"10","Blk Type":"true part of","Src Start Line":"105","Score":"1","Enclosing Entity":"uvmt_cv32_tb.dut_wrap.cv32e40p_wrapper_i.core_i.if_stage_i.aligner_i","Source":"            if(fetch_rdata_i[1:0] == 2'b11) begin"}
,{"expanded":false,"Exclusion Rule Type":"Analysis Time","UNR":"none","Index":"11","Blk Type":"true part of","Src Start Line":"116","Score":"0","Enclosing Entity":"uvmt_cv32_tb.dut_wrap.cv32e40p_wrapper_i.core_i.if_stage_i.aligner_i","Source":"                  pc_n = hwlp_update_pc_i ? hwlp_addr_i : hwlp_addr_q;","excluded":"1"}
,{"expanded":false,"Exclusion Rule Type":"None","UNR":"none","Index":"12","Blk Type":"implicit else","Src Start Line":"115","Score":"1","Enclosing Entity":"uvmt_cv32_tb.dut_wrap.cv32e40p_wrapper_i.core_i.if_stage_i.aligner_i","Source":"                if(hwlp_update_pc_i || hwlp_update_pc_q)"}
,{"expanded":false,"Exclusion Rule Type":"None","UNR":"none","Index":"13","Blk Type":"false part of","Src Start Line":"117","Score":"1","Enclosing Entity":"uvmt_cv32_tb.dut_wrap.cv32e40p_wrapper_i.core_i.if_stage_i.aligner_i","Source":"            end else begin"}
,{"expanded":false,"Exclusion Rule Type":"None","UNR":"none","Index":"14","Blk Type":"a case item of","Src Start Line":"132","Score":"1","Enclosing Entity":"uvmt_cv32_tb.dut_wrap.cv32e40p_wrapper_i.core_i.if_stage_i.aligner_i","Source":"      begin"}
,{"expanded":false,"Exclusion Rule Type":"None","UNR":"none","Index":"15","Blk Type":"true part of","Src Start Line":"133","Score":"1","Enclosing Entity":"uvmt_cv32_tb.dut_wrap.cv32e40p_wrapper_i.core_i.if_stage_i.aligner_i","Source":"            if(r_instr_h[1:0] == 2'b11) begin"}
,{"expanded":false,"Exclusion Rule Type":"None","UNR":"none","Index":"16","Blk Type":"false part of","Src Start Line":"144","Score":"1","Enclosing Entity":"uvmt_cv32_tb.dut_wrap.cv32e40p_wrapper_i.core_i.if_stage_i.aligner_i","Source":"            end else begin"}
,{"expanded":false,"Exclusion Rule Type":"None","UNR":"none","Index":"17","Blk Type":"a case item of","Src Start Line":"164","Score":"1","Enclosing Entity":"uvmt_cv32_tb.dut_wrap.cv32e40p_wrapper_i.core_i.if_stage_i.aligner_i","Source":"      begin"}
,{"expanded":false,"Exclusion Rule Type":"None","UNR":"none","Index":"18","Blk Type":"true part of","Src Start Line":"167","Score":"1","Enclosing Entity":"uvmt_cv32_tb.dut_wrap.cv32e40p_wrapper_i.core_i.if_stage_i.aligner_i","Source":"            if(fetch_rdata_i[1:0] == 2'b11) begin"}
,{"expanded":false,"Exclusion Rule Type":"None","UNR":"none","Index":"19","Blk Type":"false part of","Src Start Line":"178","Score":"1","Enclosing Entity":"uvmt_cv32_tb.dut_wrap.cv32e40p_wrapper_i.core_i.if_stage_i.aligner_i","Source":"            end else begin"}
,{"expanded":false,"Exclusion Rule Type":"None","UNR":"none","Index":"20","Blk Type":"a case item of","Src Start Line":"194","Score":"1","Enclosing Entity":"uvmt_cv32_tb.dut_wrap.cv32e40p_wrapper_i.core_i.if_stage_i.aligner_i","Source":"      begin"}
,{"expanded":false,"Exclusion Rule Type":"None","UNR":"none","Index":"21","Blk Type":"true part of","Src Start Line":"196","Score":"1","Enclosing Entity":"uvmt_cv32_tb.dut_wrap.cv32e40p_wrapper_i.core_i.if_stage_i.aligner_i","Source":"            if(fetch_rdata_i[17:16] == 2'b11) begin"}
,{"expanded":false,"Exclusion Rule Type":"None","UNR":"none","Index":"22","Blk Type":"false part of","Src Start Line":"206","Score":"1","Enclosing Entity":"uvmt_cv32_tb.dut_wrap.cv32e40p_wrapper_i.core_i.if_stage_i.aligner_i","Source":"            end else begin"}
,{"expanded":false,"Exclusion Rule Type":"None","UNR":"none","Index":"23","Blk Type":"implicit default","Src Start Line":"102","Score":"1","Enclosing Entity":"uvmt_cv32_tb.dut_wrap.cv32e40p_wrapper_i.core_i.if_stage_i.aligner_i","Source":"    case(state)"}
,{"expanded":false,"Exclusion Rule Type":"None","UNR":"none","Index":"24","Blk Type":"code block","Src Start Line":"222","Score":"1","Enclosing Entity":"uvmt_cv32_tb.dut_wrap.cv32e40p_wrapper_i.core_i.if_stage_i.aligner_i","Source":"    if(branch_i) begin"}
,{"expanded":false,"Exclusion Rule Type":"None","UNR":"none","Index":"25","Blk Type":"true part of","Src Start Line":"222","Score":"1","Enclosing Entity":"uvmt_cv32_tb.dut_wrap.cv32e40p_wrapper_i.core_i.if_stage_i.aligner_i","Source":"    if(branch_i) begin"}
,{"expanded":false,"Exclusion Rule Type":"None","UNR":"none","Index":"26","Blk Type":"implicit else","Src Start Line":"222","Score":"1","Enclosing Entity":"uvmt_cv32_tb.dut_wrap.cv32e40p_wrapper_i.core_i.if_stage_i.aligner_i","Source":"    if(branch_i) begin"}
],"assertion_items"
:[{"expanded":false,"Exclusion Rule Type":"None","UNR":"none","title":"a_hwlp_update_pc","All Average Grd":"100%","Assertion Status Grd":"100%","Enclosing Entity":"uvmt_cv32_tb.dut_wrap.cv32e40p_wrapper_i.core_i.if_stage_i.aligner_i","Source":"  a_hwlp_update_pc : assert property(p_hwlp_update_pc);"}
]
,"expression_items":[{"expanded":false,"expanded":false,"Exclusion Rule Type":"None","UNR":"none","Index":"1","All Average Grd":"100%","All Cov":"1 / 1 (100%)","Src Start Line":"115","Enclosing Entity":"uvmt_cv32_tb.dut_wrap.cv32e40p_wrapper_i.core_i.if_stage_i.aligner_i","Source":"                if(hwlp_update_pc_i || hwlp_update_pc_q)"
,"subitems":[{"expanded":false,"expanded":false,"Exclusion Rule Type":"None","UNR":"none","Index":"1","All Average Grd":"100%","All Cov":"1 / 1 (100%)","Source":"                if(hwlp_update_pc_i || hwlp_update_pc_q)","table_type":"cov"
,"subitems":[{"title":"1;-","expanded":false,"Exclusion Rule Type":"Analysis Time","UNR":"none","Score":"0","Out":"n/a","excluded":"1"}
,{"title":"-;1","expanded":false,"Exclusion Rule Type":"Analysis Time","UNR":"none","Score":"0","Out":"n/a","excluded":"1"}
,{"title":"0;0","expanded":false,"Exclusion Rule Type":"None","UNR":"none","Score":"1","Out":"n/a"}
],"cov_table_title":"Coverage Table","header":"hwlp_update_pc_i || hwlp_update_pc_q","columns":"hwlp_update_pc_i;hwlp_update_pc_q"}
]}
],"fsm_items"
:[{"expanded":false,"Exclusion Rule Type":"None","UNR":"none","title":"state","State Average Grd":"100%","Trans Average Grd":"100%","Arc Average Grd":"n/a","Enclosing Entity":"uvmt_cv32_tb.dut_wrap.cv32e40p_wrapper_i.core_i.if_stage_i.aligner_i","Source":"  enum logic [2:0]  {ALIGNED32, MISALIGNED32, MISALIGNED16, BRANCH_MISALIGNED, WAIT_VALID_BRANCH} state, next_state;"
,"subitems":[{"expanded":false,"Exclusion Rule Type":"None","UNR":"none","title":"ALIGNED32","Encoding":"000","Score":"12753936","Is Reset State":"true","Source":"      ALIGNED32:"}
,{"expanded":false,"Exclusion Rule Type":"None","UNR":"none","title":"MISALIGNED32","Encoding":"001","Score":"20375306","Is Reset State":"false","Source":"      MISALIGNED32:"}
,{"expanded":false,"Exclusion Rule Type":"None","UNR":"none","title":"MISALIGNED16","Encoding":"010","Score":"18041282","Is Reset State":"false","Source":"      MISALIGNED16:"}
,{"expanded":false,"Exclusion Rule Type":"None","UNR":"none","title":"BRANCH_MISALIGNED","Encoding":"011","Score":"2302974","Is Reset State":"true","Source":"      BRANCH_MISALIGNED:"}
]
,"subitems1":[{"expanded":false,"Exclusion Rule Type":"None","UNR":"none","Index":"0","From State title":"ALIGNED32","To State title":"MISALIGNED32","Score":"11399887","Is Reset Trans":"false"
,"subitems":[]}
,{"expanded":false,"Exclusion Rule Type":"None","UNR":"none","Index":"1","From State title":"MISALIGNED32","To State title":"MISALIGNED16","Score":"18041282","Is Reset Trans":"false"
,"subitems":[]}
,{"expanded":false,"Exclusion Rule Type":"None","UNR":"none","Index":"2","From State title":"MISALIGNED16","To State title":"ALIGNED32","Score":"10620781","Is Reset Trans":"false"
,"subitems":[]}
,{"expanded":false,"Exclusion Rule Type":"None","UNR":"none","Index":"3","From State title":"MISALIGNED16","To State title":"MISALIGNED32","Score":"7343934","Is Reset Trans":"false"
,"subitems":[]}
,{"expanded":false,"Exclusion Rule Type":"None","UNR":"none","Index":"4","From State title":"BRANCH_MISALIGNED","To State title":"MISALIGNED32","Score":"1631485","Is Reset Trans":"false"
,"subitems":[]}
,{"expanded":false,"Exclusion Rule Type":"None","UNR":"none","Index":"5","From State title":"BRANCH_MISALIGNED","To State title":"ALIGNED32","Score":"671488","Is Reset Trans":"false"
,"subitems":[]}
]}
]}
