{
"block_items":[{"expanded":false,"Exclusion Rule Type":"None","UNR":"none","Index":"1","Blk Type":"code block","Src Start Line":"60","Score":"1","Enclosing Entity":"uvmt_cv32_tb.dut_wrap.cv32e40p_wrapper_i.core_i.id_stage_i.int_controller_i","Source":"  begin"}
,{"expanded":false,"Exclusion Rule Type":"None","UNR":"none","Index":"2","Blk Type":"true part of","Src Start Line":"61","Score":"1","Enclosing Entity":"uvmt_cv32_tb.dut_wrap.cv32e40p_wrapper_i.core_i.id_stage_i.int_controller_i","Source":"    if (rst_n == 1'b0) begin"}
,{"expanded":false,"Exclusion Rule Type":"None","UNR":"none","Index":"3","Blk Type":"false part of","Src Start Line":"64","Score":"1","Enclosing Entity":"uvmt_cv32_tb.dut_wrap.cv32e40p_wrapper_i.core_i.id_stage_i.int_controller_i","Source":"    end else begin"}
,{"expanded":false,"Exclusion Rule Type":"None","UNR":"none","Index":"4","Blk Type":"code block","Src Start Line":"94","Score":"1","Enclosing Entity":"uvmt_cv32_tb.dut_wrap.cv32e40p_wrapper_i.core_i.id_stage_i.int_controller_i","Source":"  begin"}
,{"expanded":false,"Exclusion Rule Type":"None","UNR":"none","Index":"5","Blk Type":"true part of","Src Start Line":"95","Score":"1","Enclosing Entity":"uvmt_cv32_tb.dut_wrap.cv32e40p_wrapper_i.core_i.id_stage_i.int_controller_i","Source":"    if      (irq_local_qual[31]) irq_id_ctrl_o = 5'd31;                         // Custom irq_i[31]"}
,{"expanded":false,"Exclusion Rule Type":"None","UNR":"none","Index":"6","Blk Type":"false part of","Src Start Line":"96","Score":"1","Enclosing Entity":"uvmt_cv32_tb.dut_wrap.cv32e40p_wrapper_i.core_i.id_stage_i.int_controller_i","Source":"    else if (irq_local_qual[30]) irq_id_ctrl_o = 5'd30;                         // Custom irq_i[30]"}
,{"expanded":false,"Exclusion Rule Type":"None","UNR":"none","Index":"7","Blk Type":"true part of","Src Start Line":"96","Score":"1","Enclosing Entity":"uvmt_cv32_tb.dut_wrap.cv32e40p_wrapper_i.core_i.id_stage_i.int_controller_i","Source":"    else if (irq_local_qual[30]) irq_id_ctrl_o = 5'd30;                         // Custom irq_i[30]"}
,{"expanded":false,"Exclusion Rule Type":"None","UNR":"none","Index":"8","Blk Type":"false part of","Src Start Line":"97","Score":"1","Enclosing Entity":"uvmt_cv32_tb.dut_wrap.cv32e40p_wrapper_i.core_i.id_stage_i.int_controller_i","Source":"    else if (irq_local_qual[29]) irq_id_ctrl_o = 5'd29;                         // Custom irq_i[29]"}
,{"expanded":false,"Exclusion Rule Type":"None","UNR":"none","Index":"9","Blk Type":"true part of","Src Start Line":"97","Score":"1","Enclosing Entity":"uvmt_cv32_tb.dut_wrap.cv32e40p_wrapper_i.core_i.id_stage_i.int_controller_i","Source":"    else if (irq_local_qual[29]) irq_id_ctrl_o = 5'd29;                         // Custom irq_i[29]"}
,{"expanded":false,"Exclusion Rule Type":"None","UNR":"none","Index":"10","Blk Type":"false part of","Src Start Line":"98","Score":"1","Enclosing Entity":"uvmt_cv32_tb.dut_wrap.cv32e40p_wrapper_i.core_i.id_stage_i.int_controller_i","Source":"    else if (irq_local_qual[28]) irq_id_ctrl_o = 5'd28;                         // Custom irq_i[28]"}
,{"expanded":false,"Exclusion Rule Type":"None","UNR":"none","Index":"11","Blk Type":"true part of","Src Start Line":"98","Score":"1","Enclosing Entity":"uvmt_cv32_tb.dut_wrap.cv32e40p_wrapper_i.core_i.id_stage_i.int_controller_i","Source":"    else if (irq_local_qual[28]) irq_id_ctrl_o = 5'd28;                         // Custom irq_i[28]"}
,{"expanded":false,"Exclusion Rule Type":"None","UNR":"none","Index":"12","Blk Type":"false part of","Src Start Line":"99","Score":"1","Enclosing Entity":"uvmt_cv32_tb.dut_wrap.cv32e40p_wrapper_i.core_i.id_stage_i.int_controller_i","Source":"    else if (irq_local_qual[27]) irq_id_ctrl_o = 5'd27;                         // Custom irq_i[27]"}
,{"expanded":false,"Exclusion Rule Type":"None","UNR":"none","Index":"13","Blk Type":"true part of","Src Start Line":"99","Score":"1","Enclosing Entity":"uvmt_cv32_tb.dut_wrap.cv32e40p_wrapper_i.core_i.id_stage_i.int_controller_i","Source":"    else if (irq_local_qual[27]) irq_id_ctrl_o = 5'd27;                         // Custom irq_i[27]"}
,{"expanded":false,"Exclusion Rule Type":"None","UNR":"none","Index":"14","Blk Type":"false part of","Src Start Line":"100","Score":"1","Enclosing Entity":"uvmt_cv32_tb.dut_wrap.cv32e40p_wrapper_i.core_i.id_stage_i.int_controller_i","Source":"    else if (irq_local_qual[26]) irq_id_ctrl_o = 5'd26;                         // Custom irq_i[26]"}
,{"expanded":false,"Exclusion Rule Type":"None","UNR":"none","Index":"15","Blk Type":"true part of","Src Start Line":"100","Score":"1","Enclosing Entity":"uvmt_cv32_tb.dut_wrap.cv32e40p_wrapper_i.core_i.id_stage_i.int_controller_i","Source":"    else if (irq_local_qual[26]) irq_id_ctrl_o = 5'd26;                         // Custom irq_i[26]"}
,{"expanded":false,"Exclusion Rule Type":"None","UNR":"none","Index":"16","Blk Type":"false part of","Src Start Line":"101","Score":"1","Enclosing Entity":"uvmt_cv32_tb.dut_wrap.cv32e40p_wrapper_i.core_i.id_stage_i.int_controller_i","Source":"    else if (irq_local_qual[25]) irq_id_ctrl_o = 5'd25;                         // Custom irq_i[25]"}
,{"expanded":false,"Exclusion Rule Type":"None","UNR":"none","Index":"17","Blk Type":"true part of","Src Start Line":"101","Score":"1","Enclosing Entity":"uvmt_cv32_tb.dut_wrap.cv32e40p_wrapper_i.core_i.id_stage_i.int_controller_i","Source":"    else if (irq_local_qual[25]) irq_id_ctrl_o = 5'd25;                         // Custom irq_i[25]"}
,{"expanded":false,"Exclusion Rule Type":"None","UNR":"none","Index":"18","Blk Type":"false part of","Src Start Line":"102","Score":"1","Enclosing Entity":"uvmt_cv32_tb.dut_wrap.cv32e40p_wrapper_i.core_i.id_stage_i.int_controller_i","Source":"    else if (irq_local_qual[24]) irq_id_ctrl_o = 5'd24;                         // Custom irq_i[24]"}
,{"expanded":false,"Exclusion Rule Type":"None","UNR":"none","Index":"19","Blk Type":"true part of","Src Start Line":"102","Score":"1","Enclosing Entity":"uvmt_cv32_tb.dut_wrap.cv32e40p_wrapper_i.core_i.id_stage_i.int_controller_i","Source":"    else if (irq_local_qual[24]) irq_id_ctrl_o = 5'd24;                         // Custom irq_i[24]"}
,{"expanded":false,"Exclusion Rule Type":"None","UNR":"none","Index":"20","Blk Type":"false part of","Src Start Line":"103","Score":"1","Enclosing Entity":"uvmt_cv32_tb.dut_wrap.cv32e40p_wrapper_i.core_i.id_stage_i.int_controller_i","Source":"    else if (irq_local_qual[23]) irq_id_ctrl_o = 5'd23;                         // Custom irq_i[23]"}
,{"expanded":false,"Exclusion Rule Type":"None","UNR":"none","Index":"21","Blk Type":"true part of","Src Start Line":"103","Score":"1","Enclosing Entity":"uvmt_cv32_tb.dut_wrap.cv32e40p_wrapper_i.core_i.id_stage_i.int_controller_i","Source":"    else if (irq_local_qual[23]) irq_id_ctrl_o = 5'd23;                         // Custom irq_i[23]"}
,{"expanded":false,"Exclusion Rule Type":"None","UNR":"none","Index":"22","Blk Type":"false part of","Src Start Line":"104","Score":"1","Enclosing Entity":"uvmt_cv32_tb.dut_wrap.cv32e40p_wrapper_i.core_i.id_stage_i.int_controller_i","Source":"    else if (irq_local_qual[22]) irq_id_ctrl_o = 5'd22;                         // Custom irq_i[22]"}
,{"expanded":false,"Exclusion Rule Type":"None","UNR":"none","Index":"23","Blk Type":"true part of","Src Start Line":"104","Score":"1","Enclosing Entity":"uvmt_cv32_tb.dut_wrap.cv32e40p_wrapper_i.core_i.id_stage_i.int_controller_i","Source":"    else if (irq_local_qual[22]) irq_id_ctrl_o = 5'd22;                         // Custom irq_i[22]"}
,{"expanded":false,"Exclusion Rule Type":"None","UNR":"none","Index":"24","Blk Type":"false part of","Src Start Line":"105","Score":"1","Enclosing Entity":"uvmt_cv32_tb.dut_wrap.cv32e40p_wrapper_i.core_i.id_stage_i.int_controller_i","Source":"    else if (irq_local_qual[21]) irq_id_ctrl_o = 5'd21;                         // Custom irq_i[21]"}
,{"expanded":false,"Exclusion Rule Type":"None","UNR":"none","Index":"25","Blk Type":"true part of","Src Start Line":"105","Score":"1","Enclosing Entity":"uvmt_cv32_tb.dut_wrap.cv32e40p_wrapper_i.core_i.id_stage_i.int_controller_i","Source":"    else if (irq_local_qual[21]) irq_id_ctrl_o = 5'd21;                         // Custom irq_i[21]"}
,{"expanded":false,"Exclusion Rule Type":"None","UNR":"none","Index":"26","Blk Type":"false part of","Src Start Line":"106","Score":"1","Enclosing Entity":"uvmt_cv32_tb.dut_wrap.cv32e40p_wrapper_i.core_i.id_stage_i.int_controller_i","Source":"    else if (irq_local_qual[20]) irq_id_ctrl_o = 5'd20;                         // Custom irq_i[20]"}
,{"expanded":false,"Exclusion Rule Type":"None","UNR":"none","Index":"27","Blk Type":"true part of","Src Start Line":"106","Score":"1","Enclosing Entity":"uvmt_cv32_tb.dut_wrap.cv32e40p_wrapper_i.core_i.id_stage_i.int_controller_i","Source":"    else if (irq_local_qual[20]) irq_id_ctrl_o = 5'd20;                         // Custom irq_i[20]"}
,{"expanded":false,"Exclusion Rule Type":"None","UNR":"none","Index":"28","Blk Type":"false part of","Src Start Line":"107","Score":"1","Enclosing Entity":"uvmt_cv32_tb.dut_wrap.cv32e40p_wrapper_i.core_i.id_stage_i.int_controller_i","Source":"    else if (irq_local_qual[19]) irq_id_ctrl_o = 5'd19;                         // Custom irq_i[19]"}
,{"expanded":false,"Exclusion Rule Type":"None","UNR":"none","Index":"29","Blk Type":"true part of","Src Start Line":"107","Score":"1","Enclosing Entity":"uvmt_cv32_tb.dut_wrap.cv32e40p_wrapper_i.core_i.id_stage_i.int_controller_i","Source":"    else if (irq_local_qual[19]) irq_id_ctrl_o = 5'd19;                         // Custom irq_i[19]"}
,{"expanded":false,"Exclusion Rule Type":"None","UNR":"none","Index":"30","Blk Type":"false part of","Src Start Line":"108","Score":"1","Enclosing Entity":"uvmt_cv32_tb.dut_wrap.cv32e40p_wrapper_i.core_i.id_stage_i.int_controller_i","Source":"    else if (irq_local_qual[18]) irq_id_ctrl_o = 5'd18;                         // Custom irq_i[18]"}
,{"expanded":false,"Exclusion Rule Type":"None","UNR":"none","Index":"31","Blk Type":"true part of","Src Start Line":"108","Score":"1","Enclosing Entity":"uvmt_cv32_tb.dut_wrap.cv32e40p_wrapper_i.core_i.id_stage_i.int_controller_i","Source":"    else if (irq_local_qual[18]) irq_id_ctrl_o = 5'd18;                         // Custom irq_i[18]"}
,{"expanded":false,"Exclusion Rule Type":"None","UNR":"none","Index":"32","Blk Type":"false part of","Src Start Line":"109","Score":"1","Enclosing Entity":"uvmt_cv32_tb.dut_wrap.cv32e40p_wrapper_i.core_i.id_stage_i.int_controller_i","Source":"    else if (irq_local_qual[17]) irq_id_ctrl_o = 5'd17;                         // Custom irq_i[17]"}
,{"expanded":false,"Exclusion Rule Type":"None","UNR":"none","Index":"33","Blk Type":"true part of","Src Start Line":"109","Score":"1","Enclosing Entity":"uvmt_cv32_tb.dut_wrap.cv32e40p_wrapper_i.core_i.id_stage_i.int_controller_i","Source":"    else if (irq_local_qual[17]) irq_id_ctrl_o = 5'd17;                         // Custom irq_i[17]"}
,{"expanded":false,"Exclusion Rule Type":"None","UNR":"none","Index":"34","Blk Type":"false part of","Src Start Line":"110","Score":"1","Enclosing Entity":"uvmt_cv32_tb.dut_wrap.cv32e40p_wrapper_i.core_i.id_stage_i.int_controller_i","Source":"    else if (irq_local_qual[16]) irq_id_ctrl_o = 5'd16;                         // Custom irq_i[16]"}
,{"expanded":false,"Exclusion Rule Type":"None","UNR":"none","Index":"35","Blk Type":"true part of","Src Start Line":"110","Score":"1","Enclosing Entity":"uvmt_cv32_tb.dut_wrap.cv32e40p_wrapper_i.core_i.id_stage_i.int_controller_i","Source":"    else if (irq_local_qual[16]) irq_id_ctrl_o = 5'd16;                         // Custom irq_i[16]"}
,{"expanded":false,"Exclusion Rule Type":"None","UNR":"none","Index":"36","Blk Type":"false part of","Src Start Line":"112","Score":"1","Enclosing Entity":"uvmt_cv32_tb.dut_wrap.cv32e40p_wrapper_i.core_i.id_stage_i.int_controller_i","Source":"    else if (irq_local_qual[15]) irq_id_ctrl_o = 5'd15;                         // Reserved  (default masked out with IRQ_MASK)"}
,{"expanded":false,"Exclusion Rule Type":"Analysis Time","UNR":"none","Index":"37","Blk Type":"true part of","Src Start Line":"112","Score":"0","Enclosing Entity":"uvmt_cv32_tb.dut_wrap.cv32e40p_wrapper_i.core_i.id_stage_i.int_controller_i","Source":"    else if (irq_local_qual[15]) irq_id_ctrl_o = 5'd15;                         // Reserved  (default masked out with IRQ_MASK)","excluded":"1"}
,{"expanded":false,"Exclusion Rule Type":"None","UNR":"none","Index":"38","Blk Type":"false part of","Src Start Line":"113","Score":"1","Enclosing Entity":"uvmt_cv32_tb.dut_wrap.cv32e40p_wrapper_i.core_i.id_stage_i.int_controller_i","Source":"    else if (irq_local_qual[14]) irq_id_ctrl_o = 5'd14;                         // Reserved  (default masked out with IRQ_MASK)"}
,{"expanded":false,"Exclusion Rule Type":"Analysis Time","UNR":"none","Index":"39","Blk Type":"true part of","Src Start Line":"113","Score":"0","Enclosing Entity":"uvmt_cv32_tb.dut_wrap.cv32e40p_wrapper_i.core_i.id_stage_i.int_controller_i","Source":"    else if (irq_local_qual[14]) irq_id_ctrl_o = 5'd14;                         // Reserved  (default masked out with IRQ_MASK)","excluded":"1"}
,{"expanded":false,"Exclusion Rule Type":"None","UNR":"none","Index":"40","Blk Type":"false part of","Src Start Line":"114","Score":"1","Enclosing Entity":"uvmt_cv32_tb.dut_wrap.cv32e40p_wrapper_i.core_i.id_stage_i.int_controller_i","Source":"    else if (irq_local_qual[13]) irq_id_ctrl_o = 5'd13;                         // Reserved  (default masked out with IRQ_MASK)"}
,{"expanded":false,"Exclusion Rule Type":"Analysis Time","UNR":"none","Index":"41","Blk Type":"true part of","Src Start Line":"114","Score":"0","Enclosing Entity":"uvmt_cv32_tb.dut_wrap.cv32e40p_wrapper_i.core_i.id_stage_i.int_controller_i","Source":"    else if (irq_local_qual[13]) irq_id_ctrl_o = 5'd13;                         // Reserved  (default masked out with IRQ_MASK)","excluded":"1"}
,{"expanded":false,"Exclusion Rule Type":"None","UNR":"none","Index":"42","Blk Type":"false part of","Src Start Line":"115","Score":"1","Enclosing Entity":"uvmt_cv32_tb.dut_wrap.cv32e40p_wrapper_i.core_i.id_stage_i.int_controller_i","Source":"    else if (irq_local_qual[12]) irq_id_ctrl_o = 5'd12;                         // Reserved  (default masked out with IRQ_MASK)"}
,{"expanded":false,"Exclusion Rule Type":"Analysis Time","UNR":"none","Index":"43","Blk Type":"true part of","Src Start Line":"115","Score":"0","Enclosing Entity":"uvmt_cv32_tb.dut_wrap.cv32e40p_wrapper_i.core_i.id_stage_i.int_controller_i","Source":"    else if (irq_local_qual[12]) irq_id_ctrl_o = 5'd12;                         // Reserved  (default masked out with IRQ_MASK)","excluded":"1"}
,{"expanded":false,"Exclusion Rule Type":"None","UNR":"none","Index":"44","Blk Type":"false part of","Src Start Line":"117","Score":"1","Enclosing Entity":"uvmt_cv32_tb.dut_wrap.cv32e40p_wrapper_i.core_i.id_stage_i.int_controller_i","Source":"    else if (irq_local_qual[CSR_MEIX_BIT]) irq_id_ctrl_o = CSR_MEIX_BIT;        // MEI, irq_i[11]"}
,{"expanded":false,"Exclusion Rule Type":"None","UNR":"none","Index":"45","Blk Type":"true part of","Src Start Line":"117","Score":"1","Enclosing Entity":"uvmt_cv32_tb.dut_wrap.cv32e40p_wrapper_i.core_i.id_stage_i.int_controller_i","Source":"    else if (irq_local_qual[CSR_MEIX_BIT]) irq_id_ctrl_o = CSR_MEIX_BIT;        // MEI, irq_i[11]"}
,{"expanded":false,"Exclusion Rule Type":"None","UNR":"none","Index":"46","Blk Type":"false part of","Src Start Line":"118","Score":"1","Enclosing Entity":"uvmt_cv32_tb.dut_wrap.cv32e40p_wrapper_i.core_i.id_stage_i.int_controller_i","Source":"    else if (irq_local_qual[CSR_MSIX_BIT]) irq_id_ctrl_o = CSR_MSIX_BIT;        // MSI, irq_i[3]"}
,{"expanded":false,"Exclusion Rule Type":"None","UNR":"none","Index":"47","Blk Type":"true part of","Src Start Line":"118","Score":"1","Enclosing Entity":"uvmt_cv32_tb.dut_wrap.cv32e40p_wrapper_i.core_i.id_stage_i.int_controller_i","Source":"    else if (irq_local_qual[CSR_MSIX_BIT]) irq_id_ctrl_o = CSR_MSIX_BIT;        // MSI, irq_i[3]"}
,{"expanded":false,"Exclusion Rule Type":"None","UNR":"none","Index":"48","Blk Type":"false part of","Src Start Line":"119","Score":"1","Enclosing Entity":"uvmt_cv32_tb.dut_wrap.cv32e40p_wrapper_i.core_i.id_stage_i.int_controller_i","Source":"    else if (irq_local_qual[CSR_MTIX_BIT]) irq_id_ctrl_o = CSR_MTIX_BIT;        // MTI, irq_i[7]"}
,{"expanded":false,"Exclusion Rule Type":"None","UNR":"none","Index":"49","Blk Type":"true part of","Src Start Line":"119","Score":"1","Enclosing Entity":"uvmt_cv32_tb.dut_wrap.cv32e40p_wrapper_i.core_i.id_stage_i.int_controller_i","Source":"    else if (irq_local_qual[CSR_MTIX_BIT]) irq_id_ctrl_o = CSR_MTIX_BIT;        // MTI, irq_i[7]"}
,{"expanded":false,"Exclusion Rule Type":"None","UNR":"none","Index":"50","Blk Type":"false part of","Src Start Line":"121","Score":"1","Enclosing Entity":"uvmt_cv32_tb.dut_wrap.cv32e40p_wrapper_i.core_i.id_stage_i.int_controller_i","Source":"    else if (irq_local_qual[10]) irq_id_ctrl_o = 5'd10;                         // Reserved (for now assuming EI, SI, TI priority) (default masked out with IRQ_MASK)"}
,{"expanded":false,"Exclusion Rule Type":"Analysis Time","UNR":"none","Index":"51","Blk Type":"true part of","Src Start Line":"121","Score":"0","Enclosing Entity":"uvmt_cv32_tb.dut_wrap.cv32e40p_wrapper_i.core_i.id_stage_i.int_controller_i","Source":"    else if (irq_local_qual[10]) irq_id_ctrl_o = 5'd10;                         // Reserved (for now assuming EI, SI, TI priority) (default masked out with IRQ_MASK)","excluded":"1"}
,{"expanded":false,"Exclusion Rule Type":"None","UNR":"none","Index":"52","Blk Type":"false part of","Src Start Line":"122","Score":"1","Enclosing Entity":"uvmt_cv32_tb.dut_wrap.cv32e40p_wrapper_i.core_i.id_stage_i.int_controller_i","Source":"    else if (irq_local_qual[ 2]) irq_id_ctrl_o = 5'd2;                          // Reserved (for now assuming EI, SI, TI priority) (default masked out with IRQ_MASK)"}
,{"expanded":false,"Exclusion Rule Type":"Analysis Time","UNR":"none","Index":"53","Blk Type":"true part of","Src Start Line":"122","Score":"0","Enclosing Entity":"uvmt_cv32_tb.dut_wrap.cv32e40p_wrapper_i.core_i.id_stage_i.int_controller_i","Source":"    else if (irq_local_qual[ 2]) irq_id_ctrl_o = 5'd2;                          // Reserved (for now assuming EI, SI, TI priority) (default masked out with IRQ_MASK)","excluded":"1"}
,{"expanded":false,"Exclusion Rule Type":"None","UNR":"none","Index":"54","Blk Type":"false part of","Src Start Line":"123","Score":"1","Enclosing Entity":"uvmt_cv32_tb.dut_wrap.cv32e40p_wrapper_i.core_i.id_stage_i.int_controller_i","Source":"    else if (irq_local_qual[ 6]) irq_id_ctrl_o = 5'd6;                          // Reserved (for now assuming EI, SI, TI priority) (default masked out with IRQ_MASK)"}
,{"expanded":false,"Exclusion Rule Type":"Analysis Time","UNR":"none","Index":"55","Blk Type":"true part of","Src Start Line":"123","Score":"0","Enclosing Entity":"uvmt_cv32_tb.dut_wrap.cv32e40p_wrapper_i.core_i.id_stage_i.int_controller_i","Source":"    else if (irq_local_qual[ 6]) irq_id_ctrl_o = 5'd6;                          // Reserved (for now assuming EI, SI, TI priority) (default masked out with IRQ_MASK)","excluded":"1"}
,{"expanded":false,"Exclusion Rule Type":"None","UNR":"none","Index":"56","Blk Type":"false part of","Src Start Line":"125","Score":"1","Enclosing Entity":"uvmt_cv32_tb.dut_wrap.cv32e40p_wrapper_i.core_i.id_stage_i.int_controller_i","Source":"    else if (irq_local_qual[ 9]) irq_id_ctrl_o = 5'd9;                          // Reserved: SEI (default masked out with IRQ_MASK)"}
,{"expanded":false,"Exclusion Rule Type":"Analysis Time","UNR":"none","Index":"57","Blk Type":"true part of","Src Start Line":"125","Score":"0","Enclosing Entity":"uvmt_cv32_tb.dut_wrap.cv32e40p_wrapper_i.core_i.id_stage_i.int_controller_i","Source":"    else if (irq_local_qual[ 9]) irq_id_ctrl_o = 5'd9;                          // Reserved: SEI (default masked out with IRQ_MASK)","excluded":"1"}
,{"expanded":false,"Exclusion Rule Type":"None","UNR":"none","Index":"58","Blk Type":"false part of","Src Start Line":"126","Score":"1","Enclosing Entity":"uvmt_cv32_tb.dut_wrap.cv32e40p_wrapper_i.core_i.id_stage_i.int_controller_i","Source":"    else if (irq_local_qual[ 1]) irq_id_ctrl_o = 5'd1;                          // Reserved: SSI (default masked out with IRQ_MASK)"}
,{"expanded":false,"Exclusion Rule Type":"Analysis Time","UNR":"none","Index":"59","Blk Type":"true part of","Src Start Line":"126","Score":"0","Enclosing Entity":"uvmt_cv32_tb.dut_wrap.cv32e40p_wrapper_i.core_i.id_stage_i.int_controller_i","Source":"    else if (irq_local_qual[ 1]) irq_id_ctrl_o = 5'd1;                          // Reserved: SSI (default masked out with IRQ_MASK)","excluded":"1"}
,{"expanded":false,"Exclusion Rule Type":"None","UNR":"none","Index":"60","Blk Type":"false part of","Src Start Line":"127","Score":"1","Enclosing Entity":"uvmt_cv32_tb.dut_wrap.cv32e40p_wrapper_i.core_i.id_stage_i.int_controller_i","Source":"    else if (irq_local_qual[ 5]) irq_id_ctrl_o = 5'd5;                          // Reserved: STI (default masked out with IRQ_MASK)"}
,{"expanded":false,"Exclusion Rule Type":"Analysis Time","UNR":"none","Index":"61","Blk Type":"true part of","Src Start Line":"127","Score":"0","Enclosing Entity":"uvmt_cv32_tb.dut_wrap.cv32e40p_wrapper_i.core_i.id_stage_i.int_controller_i","Source":"    else if (irq_local_qual[ 5]) irq_id_ctrl_o = 5'd5;                          // Reserved: STI (default masked out with IRQ_MASK)","excluded":"1"}
,{"expanded":false,"Exclusion Rule Type":"None","UNR":"none","Index":"62","Blk Type":"false part of","Src Start Line":"129","Score":"1","Enclosing Entity":"uvmt_cv32_tb.dut_wrap.cv32e40p_wrapper_i.core_i.id_stage_i.int_controller_i","Source":"    else if (irq_local_qual[ 8]) irq_id_ctrl_o = 5'd8;                          // Reserved: UEI (default masked out with IRQ_MASK)"}
,{"expanded":false,"Exclusion Rule Type":"Analysis Time","UNR":"none","Index":"63","Blk Type":"true part of","Src Start Line":"129","Score":"0","Enclosing Entity":"uvmt_cv32_tb.dut_wrap.cv32e40p_wrapper_i.core_i.id_stage_i.int_controller_i","Source":"    else if (irq_local_qual[ 8]) irq_id_ctrl_o = 5'd8;                          // Reserved: UEI (default masked out with IRQ_MASK)","excluded":"1"}
,{"expanded":false,"Exclusion Rule Type":"None","UNR":"none","Index":"64","Blk Type":"false part of","Src Start Line":"130","Score":"1","Enclosing Entity":"uvmt_cv32_tb.dut_wrap.cv32e40p_wrapper_i.core_i.id_stage_i.int_controller_i","Source":"    else if (irq_local_qual[ 0]) irq_id_ctrl_o = 5'd0;                          // Reserved: USI (default masked out with IRQ_MASK)"}
,{"expanded":false,"Exclusion Rule Type":"Analysis Time","UNR":"none","Index":"65","Blk Type":"true part of","Src Start Line":"130","Score":"0","Enclosing Entity":"uvmt_cv32_tb.dut_wrap.cv32e40p_wrapper_i.core_i.id_stage_i.int_controller_i","Source":"    else if (irq_local_qual[ 0]) irq_id_ctrl_o = 5'd0;                          // Reserved: USI (default masked out with IRQ_MASK)","excluded":"1"}
,{"expanded":false,"Exclusion Rule Type":"None","UNR":"none","Index":"66","Blk Type":"false part of","Src Start Line":"131","Score":"1","Enclosing Entity":"uvmt_cv32_tb.dut_wrap.cv32e40p_wrapper_i.core_i.id_stage_i.int_controller_i","Source":"    else if (irq_local_qual[ 4]) irq_id_ctrl_o = 5'd4;                          // Reserved: UTI (default masked out with IRQ_MASK)"}
,{"expanded":false,"Exclusion Rule Type":"Analysis Time","UNR":"none","Index":"67","Blk Type":"true part of","Src Start Line":"131","Score":"0","Enclosing Entity":"uvmt_cv32_tb.dut_wrap.cv32e40p_wrapper_i.core_i.id_stage_i.int_controller_i","Source":"    else if (irq_local_qual[ 4]) irq_id_ctrl_o = 5'd4;                          // Reserved: UTI (default masked out with IRQ_MASK)","excluded":"1"}
,{"expanded":false,"Exclusion Rule Type":"None","UNR":"none","Index":"68","Blk Type":"false part of","Src Start Line":"133","Score":"1","Enclosing Entity":"uvmt_cv32_tb.dut_wrap.cv32e40p_wrapper_i.core_i.id_stage_i.int_controller_i","Source":"    else irq_id_ctrl_o = CSR_MTIX_BIT;                                          // Value not relevant"}
]}
