{
"block_items":[{"expanded":false,"Exclusion Rule Type":"None","UNR":"none","Index":"1","Blk Type":"code block","Src Start Line":"1547","Score":"1","Enclosing Entity":"uvmt_cv32_tb.dut_wrap.cv32e40p_wrapper_i.core_i.cs_registers_i.g_mhpmevent[3].g_implemented","Source":"            if (!rst_n)"}
,{"expanded":false,"Exclusion Rule Type":"None","UNR":"none","Index":"2","Blk Type":"true part of","Src Start Line":"1548","Score":"1","Enclosing Entity":"uvmt_cv32_tb.dut_wrap.cv32e40p_wrapper_i.core_i.cs_registers_i.g_mhpmevent[3].g_implemented","Source":"                mhpmevent_q[evt_gidx][NUM_HPM_EVENTS-1:0]  <= 'b0;"}
,{"expanded":false,"Exclusion Rule Type":"None","UNR":"none","Index":"3","Blk Type":"false part of","Src Start Line":"1550","Score":"1","Enclosing Entity":"uvmt_cv32_tb.dut_wrap.cv32e40p_wrapper_i.core_i.cs_registers_i.g_mhpmevent[3].g_implemented","Source":"                mhpmevent_q[evt_gidx][NUM_HPM_EVENTS-1:0]  <= mhpmevent_n[evt_gidx][NUM_HPM_EVENTS-1:0] ;"}
]}
