{"assertion_items"
:[{"expanded":false,"Exclusion Rule Type":"None","UNR":"none","title":"a_no_error","All Average Grd":"100%","Assertion Status Grd":"100%","Enclosing Entity":"uvmt_cv32_tb.dut_wrap.cv32e40p_wrapper_i.core_i.if_stage_i.prefetch_buffer_i","Source":"  a_no_error : assert property(p_no_error);"}
,{"expanded":false,"Exclusion Rule Type":"None","UNR":"none","title":"a_branch_invalidates_fifo","All Average Grd":"100%","Assertion Status Grd":"100%","Enclosing Entity":"uvmt_cv32_tb.dut_wrap.cv32e40p_wrapper_i.core_i.if_stage_i.prefetch_buffer_i","Source":"  a_branch_invalidates_fifo : assert property(p_branch_invalidates_fifo);"}
,{"expanded":false,"Exclusion Rule Type":"None","UNR":"none","title":"a_branch_implies_req","All Average Grd":"100%","Assertion Status Grd":"100%","Enclosing Entity":"uvmt_cv32_tb.dut_wrap.cv32e40p_wrapper_i.core_i.if_stage_i.prefetch_buffer_i","Source":"  a_branch_implies_req : assert property(p_branch_implies_req);"}
,{"expanded":false,"Exclusion Rule Type":"None","UNR":"none","title":"a_instr_addr_word_aligned","All Average Grd":"100%","Assertion Status Grd":"100%","Enclosing Entity":"uvmt_cv32_tb.dut_wrap.cv32e40p_wrapper_i.core_i.if_stage_i.prefetch_buffer_i","Source":"  a_instr_addr_word_aligned : assert property(p_instr_addr_word_aligned);"}
,{"expanded":false,"Exclusion Rule Type":"None","UNR":"none","title":"a_branch_halfword_aligned","All Average Grd":"100%","Assertion Status Grd":"100%","Enclosing Entity":"uvmt_cv32_tb.dut_wrap.cv32e40p_wrapper_i.core_i.if_stage_i.prefetch_buffer_i","Source":"  a_branch_halfword_aligned : assert property(p_branch_halfword_aligned);"}
,{"expanded":false,"Exclusion Rule Type":"None","UNR":"none","title":"a_fifo_depth_gt_1","All Average Grd":"100%","Assertion Status Grd":"100%","Enclosing Entity":"uvmt_cv32_tb.dut_wrap.cv32e40p_wrapper_i.core_i.if_stage_i.prefetch_buffer_i","Source":"  a_fifo_depth_gt_1 : assert property(p_fifo_depth_gt_1);"}
]}
