{"assertion_items"
:[{"expanded":false,"Exclusion Rule Type":"None","UNR":"none","title":"a_jump_hwlp_branch_not_together","All Average Grd":"100%","Assertion Status Grd":"100%","Enclosing Entity":"uvmt_cv32_tb.dut_wrap.cv32e40p_wrapper_i.core_i.if_stage_i.prefetch_buffer_i.prefetch_controller_i.prefetch_controller_sva","Source":"  a_jump_hwlp_branch_not_together:"}
,{"expanded":false,"Exclusion Rule Type":"None","UNR":"none","title":"a_branch_invalidates_fifo","All Average Grd":"100%","Assertion Status Grd":"100%","Enclosing Entity":"uvmt_cv32_tb.dut_wrap.cv32e40p_wrapper_i.core_i.if_stage_i.prefetch_buffer_i.prefetch_controller_i.prefetch_controller_sva","Source":"  a_branch_invalidates_fifo:"}
,{"expanded":false,"Exclusion Rule Type":"None","UNR":"none","title":"a_branch_implies_req","All Average Grd":"100%","Assertion Status Grd":"100%","Enclosing Entity":"uvmt_cv32_tb.dut_wrap.cv32e40p_wrapper_i.core_i.if_stage_i.prefetch_buffer_i.prefetch_controller_i.prefetch_controller_sva","Source":"  a_branch_implies_req:"}
,{"expanded":false,"Exclusion Rule Type":"None","UNR":"none","title":"a_no_transaction_count_overflow_1","All Average Grd":"0%","Assertion Status Grd":"0%","Enclosing Entity":"uvmt_cv32_tb.dut_wrap.cv32e40p_wrapper_i.core_i.if_stage_i.prefetch_buffer_i.prefetch_controller_i.prefetch_controller_sva","Source":"  a_no_transaction_count_overflow_1:"}
,{"expanded":false,"Exclusion Rule Type":"None","UNR":"none","title":"a_no_transaction_count_overflow_0","All Average Grd":"100%","Assertion Status Grd":"100%","Enclosing Entity":"uvmt_cv32_tb.dut_wrap.cv32e40p_wrapper_i.core_i.if_stage_i.prefetch_buffer_i.prefetch_controller_i.prefetch_controller_sva","Source":"  a_no_transaction_count_overflow_0:"}
]}
