{
"block_items":[{"expanded":false,"Exclusion Rule Type":"None","UNR":"none","Index":"1","Blk Type":"code block","Src Start Line":"1518","Score":"1","Enclosing Entity":"uvmt_cv32_tb.dut_wrap.cv32e40p_wrapper_i.core_i.cs_registers_i.g_mhpmcounter[3].g_implemented","Source":"            if (!rst_n) begin"}
,{"expanded":false,"Exclusion Rule Type":"None","UNR":"none","Index":"2","Blk Type":"true part of","Src Start Line":"1518","Score":"1","Enclosing Entity":"uvmt_cv32_tb.dut_wrap.cv32e40p_wrapper_i.core_i.cs_registers_i.g_mhpmcounter[3].g_implemented","Source":"            if (!rst_n) begin"}
,{"expanded":false,"Exclusion Rule Type":"None","UNR":"none","Index":"3","Blk Type":"false part of","Src Start Line":"1520","Score":"1","Enclosing Entity":"uvmt_cv32_tb.dut_wrap.cv32e40p_wrapper_i.core_i.cs_registers_i.g_mhpmcounter[3].g_implemented","Source":"            end else begin"}
,{"expanded":false,"Exclusion Rule Type":"None","UNR":"none","Index":"4","Blk Type":"true part of","Src Start Line":"1521","Score":"0","Enclosing Entity":"uvmt_cv32_tb.dut_wrap.cv32e40p_wrapper_i.core_i.cs_registers_i.g_mhpmcounter[3].g_implemented","Source":"                if (mhpmcounter_write_lower[cnt_gidx]) begin"}
,{"expanded":false,"Exclusion Rule Type":"None","UNR":"none","Index":"5","Blk Type":"false part of","Src Start Line":"1523","Score":"1","Enclosing Entity":"uvmt_cv32_tb.dut_wrap.cv32e40p_wrapper_i.core_i.cs_registers_i.g_mhpmcounter[3].g_implemented","Source":"                end else if (mhpmcounter_write_upper[cnt_gidx]) begin"}
,{"expanded":false,"Exclusion Rule Type":"None","UNR":"none","Index":"6","Blk Type":"true part of","Src Start Line":"1523","Score":"0","Enclosing Entity":"uvmt_cv32_tb.dut_wrap.cv32e40p_wrapper_i.core_i.cs_registers_i.g_mhpmcounter[3].g_implemented","Source":"                end else if (mhpmcounter_write_upper[cnt_gidx]) begin"}
,{"expanded":false,"Exclusion Rule Type":"None","UNR":"none","Index":"7","Blk Type":"false part of","Src Start Line":"1525","Score":"1","Enclosing Entity":"uvmt_cv32_tb.dut_wrap.cv32e40p_wrapper_i.core_i.cs_registers_i.g_mhpmcounter[3].g_implemented","Source":"                end else if (mhpmcounter_write_increment[cnt_gidx]) begin"}
,{"expanded":false,"Exclusion Rule Type":"None","UNR":"none","Index":"8","Blk Type":"true part of","Src Start Line":"1525","Score":"0","Enclosing Entity":"uvmt_cv32_tb.dut_wrap.cv32e40p_wrapper_i.core_i.cs_registers_i.g_mhpmcounter[3].g_implemented","Source":"                end else if (mhpmcounter_write_increment[cnt_gidx]) begin"}
,{"expanded":false,"Exclusion Rule Type":"None","UNR":"none","Index":"9","Blk Type":"implicit else","Src Start Line":"1525","Score":"1","Enclosing Entity":"uvmt_cv32_tb.dut_wrap.cv32e40p_wrapper_i.core_i.cs_registers_i.g_mhpmcounter[3].g_implemented","Source":"                end else if (mhpmcounter_write_increment[cnt_gidx]) begin"}
]}
