{
"block_items":[{"expanded":false,"Exclusion Rule Type":"None","UNR":"none","Index":"1","Blk Type":"code block","Src Start Line":"121","Score":"1","Enclosing Entity":"uvmt_cv32_tb.dut_wrap.cv32e40p_wrapper_i.core_i.load_store_unit_i","Source":"  begin"}
,{"expanded":false,"Exclusion Rule Type":"None","UNR":"none","Index":"2","Blk Type":"a case item of","Src Start Line":"124","Score":"1","Enclosing Entity":"uvmt_cv32_tb.dut_wrap.cv32e40p_wrapper_i.core_i.load_store_unit_i","Source":"      begin // Writing a word"}
,{"expanded":false,"Exclusion Rule Type":"None","UNR":"none","Index":"3","Blk Type":"true part of","Src Start Line":"126","Score":"1","Enclosing Entity":"uvmt_cv32_tb.dut_wrap.cv32e40p_wrapper_i.core_i.load_store_unit_i","Source":"        begin // non-misaligned case"}
,{"expanded":false,"Exclusion Rule Type":"None","UNR":"none","Index":"4","Blk Type":"a case item of","Src Start Line":"128","Score":"1","Enclosing Entity":"uvmt_cv32_tb.dut_wrap.cv32e40p_wrapper_i.core_i.load_store_unit_i","Source":"            2'b00: data_be = 4'b1111;"}
,{"expanded":false,"Exclusion Rule Type":"None","UNR":"none","Index":"5","Blk Type":"a case item of","Src Start Line":"129","Score":"1","Enclosing Entity":"uvmt_cv32_tb.dut_wrap.cv32e40p_wrapper_i.core_i.load_store_unit_i","Source":"            2'b01: data_be = 4'b1110;"}
,{"expanded":false,"Exclusion Rule Type":"None","UNR":"none","Index":"6","Blk Type":"a case item of","Src Start Line":"130","Score":"1","Enclosing Entity":"uvmt_cv32_tb.dut_wrap.cv32e40p_wrapper_i.core_i.load_store_unit_i","Source":"            2'b10: data_be = 4'b1100;"}
,{"expanded":false,"Exclusion Rule Type":"None","UNR":"none","Index":"7","Blk Type":"a case item of","Src Start Line":"131","Score":"1","Enclosing Entity":"uvmt_cv32_tb.dut_wrap.cv32e40p_wrapper_i.core_i.load_store_unit_i","Source":"            2'b11: data_be = 4'b1000;"}
,{"expanded":false,"Exclusion Rule Type":"None","UNR":"none","Index":"8","Blk Type":"implicit default","Src Start Line":"127","Score":"0","Enclosing Entity":"uvmt_cv32_tb.dut_wrap.cv32e40p_wrapper_i.core_i.load_store_unit_i","Source":"          case (data_addr_int[1:0])"}
,{"expanded":false,"Exclusion Rule Type":"None","UNR":"none","Index":"9","Blk Type":"code block","Src Start Line":"132","Score":"1","Enclosing Entity":"uvmt_cv32_tb.dut_wrap.cv32e40p_wrapper_i.core_i.load_store_unit_i","Source":"          endcase; // case (data_addr_int[1:0])"}
,{"expanded":false,"Exclusion Rule Type":"None","UNR":"none","Index":"10","Blk Type":"false part of","Src Start Line":"135","Score":"1","Enclosing Entity":"uvmt_cv32_tb.dut_wrap.cv32e40p_wrapper_i.core_i.load_store_unit_i","Source":"        begin // misaligned case"}
,{"expanded":false,"Exclusion Rule Type":"None","UNR":"none","Index":"11","Blk Type":"a case item of","Src Start Line":"137","Score":"1","Enclosing Entity":"uvmt_cv32_tb.dut_wrap.cv32e40p_wrapper_i.core_i.load_store_unit_i","Source":"            2'b00: data_be = 4'b0000; // this is not used, but included for completeness"}
,{"expanded":false,"Exclusion Rule Type":"None","UNR":"none","Index":"12","Blk Type":"a case item of","Src Start Line":"138","Score":"1","Enclosing Entity":"uvmt_cv32_tb.dut_wrap.cv32e40p_wrapper_i.core_i.load_store_unit_i","Source":"            2'b01: data_be = 4'b0001;"}
,{"expanded":false,"Exclusion Rule Type":"None","UNR":"none","Index":"13","Blk Type":"a case item of","Src Start Line":"139","Score":"1","Enclosing Entity":"uvmt_cv32_tb.dut_wrap.cv32e40p_wrapper_i.core_i.load_store_unit_i","Source":"            2'b10: data_be = 4'b0011;"}
,{"expanded":false,"Exclusion Rule Type":"None","UNR":"none","Index":"14","Blk Type":"a case item of","Src Start Line":"140","Score":"1","Enclosing Entity":"uvmt_cv32_tb.dut_wrap.cv32e40p_wrapper_i.core_i.load_store_unit_i","Source":"            2'b11: data_be = 4'b0111;"}
,{"expanded":false,"Exclusion Rule Type":"Analysis Time","UNR":"none","Index":"15","Blk Type":"implicit default","Src Start Line":"136","Score":"0","Enclosing Entity":"uvmt_cv32_tb.dut_wrap.cv32e40p_wrapper_i.core_i.load_store_unit_i","Source":"          case (data_addr_int[1:0])","excluded":"1"}
,{"expanded":false,"Exclusion Rule Type":"None","UNR":"none","Index":"16","Blk Type":"code block","Src Start Line":"141","Score":"1","Enclosing Entity":"uvmt_cv32_tb.dut_wrap.cv32e40p_wrapper_i.core_i.load_store_unit_i","Source":"          endcase; // case (data_addr_int[1:0])"}
,{"expanded":false,"Exclusion Rule Type":"None","UNR":"none","Index":"17","Blk Type":"a case item of","Src Start Line":"146","Score":"1","Enclosing Entity":"uvmt_cv32_tb.dut_wrap.cv32e40p_wrapper_i.core_i.load_store_unit_i","Source":"      begin // Writing a half word"}
,{"expanded":false,"Exclusion Rule Type":"None","UNR":"none","Index":"18","Blk Type":"true part of","Src Start Line":"148","Score":"1","Enclosing Entity":"uvmt_cv32_tb.dut_wrap.cv32e40p_wrapper_i.core_i.load_store_unit_i","Source":"        begin // non-misaligned case"}
,{"expanded":false,"Exclusion Rule Type":"None","UNR":"none","Index":"19","Blk Type":"a case item of","Src Start Line":"150","Score":"1","Enclosing Entity":"uvmt_cv32_tb.dut_wrap.cv32e40p_wrapper_i.core_i.load_store_unit_i","Source":"            2'b00: data_be = 4'b0011;"}
,{"expanded":false,"Exclusion Rule Type":"None","UNR":"none","Index":"20","Blk Type":"a case item of","Src Start Line":"151","Score":"1","Enclosing Entity":"uvmt_cv32_tb.dut_wrap.cv32e40p_wrapper_i.core_i.load_store_unit_i","Source":"            2'b01: data_be = 4'b0110;"}
,{"expanded":false,"Exclusion Rule Type":"None","UNR":"none","Index":"21","Blk Type":"a case item of","Src Start Line":"152","Score":"1","Enclosing Entity":"uvmt_cv32_tb.dut_wrap.cv32e40p_wrapper_i.core_i.load_store_unit_i","Source":"            2'b10: data_be = 4'b1100;"}
,{"expanded":false,"Exclusion Rule Type":"None","UNR":"none","Index":"22","Blk Type":"a case item of","Src Start Line":"153","Score":"1","Enclosing Entity":"uvmt_cv32_tb.dut_wrap.cv32e40p_wrapper_i.core_i.load_store_unit_i","Source":"            2'b11: data_be = 4'b1000;"}
,{"expanded":false,"Exclusion Rule Type":"Analysis Time","UNR":"none","Index":"23","Blk Type":"implicit default","Src Start Line":"149","Score":"0","Enclosing Entity":"uvmt_cv32_tb.dut_wrap.cv32e40p_wrapper_i.core_i.load_store_unit_i","Source":"          case (data_addr_int[1:0])","excluded":"1"}
,{"expanded":false,"Exclusion Rule Type":"None","UNR":"none","Index":"24","Blk Type":"code block","Src Start Line":"154","Score":"1","Enclosing Entity":"uvmt_cv32_tb.dut_wrap.cv32e40p_wrapper_i.core_i.load_store_unit_i","Source":"          endcase; // case (data_addr_int[1:0])"}
,{"expanded":false,"Exclusion Rule Type":"None","UNR":"none","Index":"25","Blk Type":"false part of","Src Start Line":"157","Score":"1","Enclosing Entity":"uvmt_cv32_tb.dut_wrap.cv32e40p_wrapper_i.core_i.load_store_unit_i","Source":"        begin // misaligned case"}
,{"expanded":false,"Exclusion Rule Type":"None","UNR":"none","Index":"26","Blk Type":"a case item of","Src Start Line":"163","Score":"1","Enclosing Entity":"uvmt_cv32_tb.dut_wrap.cv32e40p_wrapper_i.core_i.load_store_unit_i","Source":"      2'b11: begin // Writing a byte"}
,{"expanded":false,"Exclusion Rule Type":"None","UNR":"none","Index":"27","Blk Type":"a case item of","Src Start Line":"165","Score":"1","Enclosing Entity":"uvmt_cv32_tb.dut_wrap.cv32e40p_wrapper_i.core_i.load_store_unit_i","Source":"          2'b00: data_be = 4'b0001;"}
,{"expanded":false,"Exclusion Rule Type":"None","UNR":"none","Index":"28","Blk Type":"a case item of","Src Start Line":"166","Score":"1","Enclosing Entity":"uvmt_cv32_tb.dut_wrap.cv32e40p_wrapper_i.core_i.load_store_unit_i","Source":"          2'b01: data_be = 4'b0010;"}
,{"expanded":false,"Exclusion Rule Type":"None","UNR":"none","Index":"29","Blk Type":"a case item of","Src Start Line":"167","Score":"1","Enclosing Entity":"uvmt_cv32_tb.dut_wrap.cv32e40p_wrapper_i.core_i.load_store_unit_i","Source":"          2'b10: data_be = 4'b0100;"}
,{"expanded":false,"Exclusion Rule Type":"None","UNR":"none","Index":"30","Blk Type":"a case item of","Src Start Line":"168","Score":"1","Enclosing Entity":"uvmt_cv32_tb.dut_wrap.cv32e40p_wrapper_i.core_i.load_store_unit_i","Source":"          2'b11: data_be = 4'b1000;"}
,{"expanded":false,"Exclusion Rule Type":"Analysis Time","UNR":"none","Index":"31","Blk Type":"implicit default","Src Start Line":"164","Score":"0","Enclosing Entity":"uvmt_cv32_tb.dut_wrap.cv32e40p_wrapper_i.core_i.load_store_unit_i","Source":"        case (data_addr_int[1:0])","excluded":"1"}
,{"expanded":false,"Exclusion Rule Type":"None","UNR":"none","Index":"32","Blk Type":"code block","Src Start Line":"169","Score":"1","Enclosing Entity":"uvmt_cv32_tb.dut_wrap.cv32e40p_wrapper_i.core_i.load_store_unit_i","Source":"        endcase; // case (data_addr_int[1:0])"}
,{"expanded":false,"Exclusion Rule Type":"None","UNR":"none","Index":"33","Blk Type":"implicit default","Src Start Line":"122","Score":"1","Enclosing Entity":"uvmt_cv32_tb.dut_wrap.cv32e40p_wrapper_i.core_i.load_store_unit_i","Source":"    case (data_type_ex_i) // Data type 00 Word, 01 Half word, 11,10 byte"}
,{"expanded":false,"Exclusion Rule Type":"None","UNR":"none","Index":"34","Blk Type":"code block","Src Start Line":"171","Score":"1","Enclosing Entity":"uvmt_cv32_tb.dut_wrap.cv32e40p_wrapper_i.core_i.load_store_unit_i","Source":"    endcase; // case (data_type_ex_i)"}
,{"expanded":false,"Exclusion Rule Type":"None","UNR":"none","Index":"35","Blk Type":"code block","Src Start Line":"179","Score":"1","Enclosing Entity":"uvmt_cv32_tb.dut_wrap.cv32e40p_wrapper_i.core_i.load_store_unit_i","Source":"  begin"}
,{"expanded":false,"Exclusion Rule Type":"None","UNR":"none","Index":"36","Blk Type":"a case item of","Src Start Line":"181","Score":"1","Enclosing Entity":"uvmt_cv32_tb.dut_wrap.cv32e40p_wrapper_i.core_i.load_store_unit_i","Source":"      2'b00: data_wdata = data_wdata_ex_i[31:0];"}
,{"expanded":false,"Exclusion Rule Type":"None","UNR":"none","Index":"37","Blk Type":"a case item of","Src Start Line":"182","Score":"1","Enclosing Entity":"uvmt_cv32_tb.dut_wrap.cv32e40p_wrapper_i.core_i.load_store_unit_i","Source":"      2'b01: data_wdata = {data_wdata_ex_i[23:0], data_wdata_ex_i[31:24]};"}
,{"expanded":false,"Exclusion Rule Type":"None","UNR":"none","Index":"38","Blk Type":"a case item of","Src Start Line":"183","Score":"1","Enclosing Entity":"uvmt_cv32_tb.dut_wrap.cv32e40p_wrapper_i.core_i.load_store_unit_i","Source":"      2'b10: data_wdata = {data_wdata_ex_i[15:0], data_wdata_ex_i[31:16]};"}
,{"expanded":false,"Exclusion Rule Type":"None","UNR":"none","Index":"39","Blk Type":"a case item of","Src Start Line":"184","Score":"1","Enclosing Entity":"uvmt_cv32_tb.dut_wrap.cv32e40p_wrapper_i.core_i.load_store_unit_i","Source":"      2'b11: data_wdata = {data_wdata_ex_i[ 7:0], data_wdata_ex_i[31: 8]};"}
,{"expanded":false,"Exclusion Rule Type":"None","UNR":"none","Index":"40","Blk Type":"implicit default","Src Start Line":"180","Score":"1","Enclosing Entity":"uvmt_cv32_tb.dut_wrap.cv32e40p_wrapper_i.core_i.load_store_unit_i","Source":"    case (wdata_offset)"}
,{"expanded":false,"Exclusion Rule Type":"None","UNR":"none","Index":"41","Blk Type":"code block","Src Start Line":"185","Score":"1","Enclosing Entity":"uvmt_cv32_tb.dut_wrap.cv32e40p_wrapper_i.core_i.load_store_unit_i","Source":"    endcase; // case (wdata_offset)"}
,{"expanded":false,"Exclusion Rule Type":"None","UNR":"none","Index":"42","Blk Type":"code block","Src Start Line":"191","Score":"1","Enclosing Entity":"uvmt_cv32_tb.dut_wrap.cv32e40p_wrapper_i.core_i.load_store_unit_i","Source":"  begin"}
,{"expanded":false,"Exclusion Rule Type":"None","UNR":"none","Index":"43","Blk Type":"true part of","Src Start Line":"193","Score":"1","Enclosing Entity":"uvmt_cv32_tb.dut_wrap.cv32e40p_wrapper_i.core_i.load_store_unit_i","Source":"    begin"}
,{"expanded":false,"Exclusion Rule Type":"None","UNR":"none","Index":"44","Blk Type":"false part of","Src Start Line":"200","Score":"1","Enclosing Entity":"uvmt_cv32_tb.dut_wrap.cv32e40p_wrapper_i.core_i.load_store_unit_i","Source":"    else if (ctrl_update) // request was granted, we wait for rvalid and can continue to WB"}
,{"expanded":false,"Exclusion Rule Type":"None","UNR":"none","Index":"45","Blk Type":"true part of","Src Start Line":"201","Score":"1","Enclosing Entity":"uvmt_cv32_tb.dut_wrap.cv32e40p_wrapper_i.core_i.load_store_unit_i","Source":"    begin"}
,{"expanded":false,"Exclusion Rule Type":"None","UNR":"none","Index":"46","Blk Type":"implicit else","Src Start Line":"200","Score":"1","Enclosing Entity":"uvmt_cv32_tb.dut_wrap.cv32e40p_wrapper_i.core_i.load_store_unit_i","Source":"    else if (ctrl_update) // request was granted, we wait for rvalid and can continue to WB"}
,{"expanded":false,"Exclusion Rule Type":"None","UNR":"none","Index":"47","Blk Type":"code block","Src Start Line":"231","Score":"1","Enclosing Entity":"uvmt_cv32_tb.dut_wrap.cv32e40p_wrapper_i.core_i.load_store_unit_i","Source":"  begin"}
,{"expanded":false,"Exclusion Rule Type":"None","UNR":"none","Index":"48","Blk Type":"a case item of","Src Start Line":"233","Score":"1","Enclosing Entity":"uvmt_cv32_tb.dut_wrap.cv32e40p_wrapper_i.core_i.load_store_unit_i","Source":"      2'b00: rdata_w_ext = resp_rdata[31:0];"}
,{"expanded":false,"Exclusion Rule Type":"None","UNR":"none","Index":"49","Blk Type":"a case item of","Src Start Line":"234","Score":"1","Enclosing Entity":"uvmt_cv32_tb.dut_wrap.cv32e40p_wrapper_i.core_i.load_store_unit_i","Source":"      2'b01: rdata_w_ext = {resp_rdata[ 7:0], rdata_q[31:8]};"}
,{"expanded":false,"Exclusion Rule Type":"None","UNR":"none","Index":"50","Blk Type":"a case item of","Src Start Line":"235","Score":"1","Enclosing Entity":"uvmt_cv32_tb.dut_wrap.cv32e40p_wrapper_i.core_i.load_store_unit_i","Source":"      2'b10: rdata_w_ext = {resp_rdata[15:0], rdata_q[31:16]};"}
,{"expanded":false,"Exclusion Rule Type":"None","UNR":"none","Index":"51","Blk Type":"a case item of","Src Start Line":"236","Score":"1","Enclosing Entity":"uvmt_cv32_tb.dut_wrap.cv32e40p_wrapper_i.core_i.load_store_unit_i","Source":"      2'b11: rdata_w_ext = {resp_rdata[23:0], rdata_q[31:24]};"}
,{"expanded":false,"Exclusion Rule Type":"None","UNR":"none","Index":"52","Blk Type":"implicit default","Src Start Line":"232","Score":"1","Enclosing Entity":"uvmt_cv32_tb.dut_wrap.cv32e40p_wrapper_i.core_i.load_store_unit_i","Source":"    case (rdata_offset_q)"}
,{"expanded":false,"Exclusion Rule Type":"None","UNR":"none","Index":"53","Blk Type":"code block","Src Start Line":"242","Score":"1","Enclosing Entity":"uvmt_cv32_tb.dut_wrap.cv32e40p_wrapper_i.core_i.load_store_unit_i","Source":"  begin"}
,{"expanded":false,"Exclusion Rule Type":"None","UNR":"none","Index":"54","Blk Type":"a case item of","Src Start Line":"245","Score":"1","Enclosing Entity":"uvmt_cv32_tb.dut_wrap.cv32e40p_wrapper_i.core_i.load_store_unit_i","Source":"      begin"}
,{"expanded":false,"Exclusion Rule Type":"None","UNR":"none","Index":"55","Blk Type":"true part of","Src Start Line":"247","Score":"1","Enclosing Entity":"uvmt_cv32_tb.dut_wrap.cv32e40p_wrapper_i.core_i.load_store_unit_i","Source":"          rdata_h_ext = {16'h0000, resp_rdata[15:0]};"}
,{"expanded":false,"Exclusion Rule Type":"None","UNR":"none","Index":"56","Blk Type":"false part of","Src Start Line":"248","Score":"1","Enclosing Entity":"uvmt_cv32_tb.dut_wrap.cv32e40p_wrapper_i.core_i.load_store_unit_i","Source":"        else if (data_sign_ext_q == 2'b10)"}
,{"expanded":false,"Exclusion Rule Type":"Analysis Time","UNR":"none","Index":"57","Blk Type":"true part of","Src Start Line":"249","Score":"0","Enclosing Entity":"uvmt_cv32_tb.dut_wrap.cv32e40p_wrapper_i.core_i.load_store_unit_i","Source":"          rdata_h_ext = {16'hffff, resp_rdata[15:0]};","excluded":"1"}
,{"expanded":false,"Exclusion Rule Type":"None","UNR":"none","Index":"58","Blk Type":"false part of","Src Start Line":"251","Score":"1","Enclosing Entity":"uvmt_cv32_tb.dut_wrap.cv32e40p_wrapper_i.core_i.load_store_unit_i","Source":"          rdata_h_ext = {{16{resp_rdata[15]}}, resp_rdata[15:0]};"}
,{"expanded":false,"Exclusion Rule Type":"None","UNR":"none","Index":"59","Blk Type":"a case item of","Src Start Line":"255","Score":"1","Enclosing Entity":"uvmt_cv32_tb.dut_wrap.cv32e40p_wrapper_i.core_i.load_store_unit_i","Source":"      begin"}
,{"expanded":false,"Exclusion Rule Type":"None","UNR":"none","Index":"60","Blk Type":"true part of","Src Start Line":"257","Score":"1","Enclosing Entity":"uvmt_cv32_tb.dut_wrap.cv32e40p_wrapper_i.core_i.load_store_unit_i","Source":"          rdata_h_ext = {16'h0000, resp_rdata[23:8]};"}
,{"expanded":false,"Exclusion Rule Type":"None","UNR":"none","Index":"61","Blk Type":"false part of","Src Start Line":"258","Score":"1","Enclosing Entity":"uvmt_cv32_tb.dut_wrap.cv32e40p_wrapper_i.core_i.load_store_unit_i","Source":"        else if (data_sign_ext_q == 2'b10)"}
,{"expanded":false,"Exclusion Rule Type":"Analysis Time","UNR":"none","Index":"62","Blk Type":"true part of","Src Start Line":"259","Score":"0","Enclosing Entity":"uvmt_cv32_tb.dut_wrap.cv32e40p_wrapper_i.core_i.load_store_unit_i","Source":"          rdata_h_ext = {16'hffff, resp_rdata[23:8]};","excluded":"1"}
,{"expanded":false,"Exclusion Rule Type":"None","UNR":"none","Index":"63","Blk Type":"false part of","Src Start Line":"261","Score":"1","Enclosing Entity":"uvmt_cv32_tb.dut_wrap.cv32e40p_wrapper_i.core_i.load_store_unit_i","Source":"          rdata_h_ext = {{16{resp_rdata[23]}}, resp_rdata[23:8]};"}
,{"expanded":false,"Exclusion Rule Type":"None","UNR":"none","Index":"64","Blk Type":"a case item of","Src Start Line":"265","Score":"1","Enclosing Entity":"uvmt_cv32_tb.dut_wrap.cv32e40p_wrapper_i.core_i.load_store_unit_i","Source":"      begin"}
,{"expanded":false,"Exclusion Rule Type":"None","UNR":"none","Index":"65","Blk Type":"true part of","Src Start Line":"267","Score":"1","Enclosing Entity":"uvmt_cv32_tb.dut_wrap.cv32e40p_wrapper_i.core_i.load_store_unit_i","Source":"          rdata_h_ext = {16'h0000, resp_rdata[31:16]};"}
,{"expanded":false,"Exclusion Rule Type":"None","UNR":"none","Index":"66","Blk Type":"false part of","Src Start Line":"268","Score":"1","Enclosing Entity":"uvmt_cv32_tb.dut_wrap.cv32e40p_wrapper_i.core_i.load_store_unit_i","Source":"        else if (data_sign_ext_q == 2'b10)"}
,{"expanded":false,"Exclusion Rule Type":"Analysis Time","UNR":"none","Index":"67","Blk Type":"true part of","Src Start Line":"269","Score":"0","Enclosing Entity":"uvmt_cv32_tb.dut_wrap.cv32e40p_wrapper_i.core_i.load_store_unit_i","Source":"          rdata_h_ext = {16'hffff, resp_rdata[31:16]};","excluded":"1"}
,{"expanded":false,"Exclusion Rule Type":"None","UNR":"none","Index":"68","Blk Type":"false part of","Src Start Line":"271","Score":"1","Enclosing Entity":"uvmt_cv32_tb.dut_wrap.cv32e40p_wrapper_i.core_i.load_store_unit_i","Source":"          rdata_h_ext = {{16{resp_rdata[31]}}, resp_rdata[31:16]};"}
,{"expanded":false,"Exclusion Rule Type":"None","UNR":"none","Index":"69","Blk Type":"a case item of","Src Start Line":"275","Score":"1","Enclosing Entity":"uvmt_cv32_tb.dut_wrap.cv32e40p_wrapper_i.core_i.load_store_unit_i","Source":"      begin"}
,{"expanded":false,"Exclusion Rule Type":"None","UNR":"none","Index":"70","Blk Type":"true part of","Src Start Line":"277","Score":"1","Enclosing Entity":"uvmt_cv32_tb.dut_wrap.cv32e40p_wrapper_i.core_i.load_store_unit_i","Source":"          rdata_h_ext = {16'h0000, resp_rdata[7:0], rdata_q[31:24]};"}
,{"expanded":false,"Exclusion Rule Type":"None","UNR":"none","Index":"71","Blk Type":"false part of","Src Start Line":"278","Score":"1","Enclosing Entity":"uvmt_cv32_tb.dut_wrap.cv32e40p_wrapper_i.core_i.load_store_unit_i","Source":"        else if (data_sign_ext_q == 2'b10)"}
,{"expanded":false,"Exclusion Rule Type":"Analysis Time","UNR":"none","Index":"72","Blk Type":"true part of","Src Start Line":"279","Score":"0","Enclosing Entity":"uvmt_cv32_tb.dut_wrap.cv32e40p_wrapper_i.core_i.load_store_unit_i","Source":"          rdata_h_ext = {16'hffff, resp_rdata[7:0], rdata_q[31:24]};","excluded":"1"}
,{"expanded":false,"Exclusion Rule Type":"None","UNR":"none","Index":"73","Blk Type":"false part of","Src Start Line":"281","Score":"1","Enclosing Entity":"uvmt_cv32_tb.dut_wrap.cv32e40p_wrapper_i.core_i.load_store_unit_i","Source":"          rdata_h_ext = {{16{resp_rdata[7]}}, resp_rdata[7:0], rdata_q[31:24]};"}
,{"expanded":false,"Exclusion Rule Type":"None","UNR":"none","Index":"74","Blk Type":"implicit default","Src Start Line":"243","Score":"1","Enclosing Entity":"uvmt_cv32_tb.dut_wrap.cv32e40p_wrapper_i.core_i.load_store_unit_i","Source":"    case (rdata_offset_q)"}
,{"expanded":false,"Exclusion Rule Type":"None","UNR":"none","Index":"75","Blk Type":"code block","Src Start Line":"288","Score":"1","Enclosing Entity":"uvmt_cv32_tb.dut_wrap.cv32e40p_wrapper_i.core_i.load_store_unit_i","Source":"  begin"}
,{"expanded":false,"Exclusion Rule Type":"None","UNR":"none","Index":"76","Blk Type":"a case item of","Src Start Line":"291","Score":"1","Enclosing Entity":"uvmt_cv32_tb.dut_wrap.cv32e40p_wrapper_i.core_i.load_store_unit_i","Source":"      begin"}
,{"expanded":false,"Exclusion Rule Type":"None","UNR":"none","Index":"77","Blk Type":"true part of","Src Start Line":"293","Score":"1","Enclosing Entity":"uvmt_cv32_tb.dut_wrap.cv32e40p_wrapper_i.core_i.load_store_unit_i","Source":"          rdata_b_ext = {24'h00_0000, resp_rdata[7:0]};"}
,{"expanded":false,"Exclusion Rule Type":"None","UNR":"none","Index":"78","Blk Type":"false part of","Src Start Line":"294","Score":"1","Enclosing Entity":"uvmt_cv32_tb.dut_wrap.cv32e40p_wrapper_i.core_i.load_store_unit_i","Source":"        else if (data_sign_ext_q == 2'b10)"}
,{"expanded":false,"Exclusion Rule Type":"Analysis Time","UNR":"none","Index":"79","Blk Type":"true part of","Src Start Line":"295","Score":"0","Enclosing Entity":"uvmt_cv32_tb.dut_wrap.cv32e40p_wrapper_i.core_i.load_store_unit_i","Source":"          rdata_b_ext = {24'hff_ffff, resp_rdata[7:0]};","excluded":"1"}
,{"expanded":false,"Exclusion Rule Type":"None","UNR":"none","Index":"80","Blk Type":"false part of","Src Start Line":"297","Score":"1","Enclosing Entity":"uvmt_cv32_tb.dut_wrap.cv32e40p_wrapper_i.core_i.load_store_unit_i","Source":"          rdata_b_ext = {{24{resp_rdata[7]}}, resp_rdata[7:0]};"}
,{"expanded":false,"Exclusion Rule Type":"None","UNR":"none","Index":"81","Blk Type":"a case item of","Src Start Line":"300","Score":"1","Enclosing Entity":"uvmt_cv32_tb.dut_wrap.cv32e40p_wrapper_i.core_i.load_store_unit_i","Source":"      2'b01: begin"}
,{"expanded":false,"Exclusion Rule Type":"None","UNR":"none","Index":"82","Blk Type":"true part of","Src Start Line":"302","Score":"1","Enclosing Entity":"uvmt_cv32_tb.dut_wrap.cv32e40p_wrapper_i.core_i.load_store_unit_i","Source":"          rdata_b_ext = {24'h00_0000, resp_rdata[15:8]};"}
,{"expanded":false,"Exclusion Rule Type":"None","UNR":"none","Index":"83","Blk Type":"false part of","Src Start Line":"303","Score":"1","Enclosing Entity":"uvmt_cv32_tb.dut_wrap.cv32e40p_wrapper_i.core_i.load_store_unit_i","Source":"        else if (data_sign_ext_q == 2'b10)"}
,{"expanded":false,"Exclusion Rule Type":"Analysis Time","UNR":"none","Index":"84","Blk Type":"true part of","Src Start Line":"304","Score":"0","Enclosing Entity":"uvmt_cv32_tb.dut_wrap.cv32e40p_wrapper_i.core_i.load_store_unit_i","Source":"          rdata_b_ext = {24'hff_ffff, resp_rdata[15:8]};","excluded":"1"}
,{"expanded":false,"Exclusion Rule Type":"None","UNR":"none","Index":"85","Blk Type":"false part of","Src Start Line":"306","Score":"1","Enclosing Entity":"uvmt_cv32_tb.dut_wrap.cv32e40p_wrapper_i.core_i.load_store_unit_i","Source":"          rdata_b_ext = {{24{resp_rdata[15]}}, resp_rdata[15:8]};"}
,{"expanded":false,"Exclusion Rule Type":"None","UNR":"none","Index":"86","Blk Type":"a case item of","Src Start Line":"310","Score":"1","Enclosing Entity":"uvmt_cv32_tb.dut_wrap.cv32e40p_wrapper_i.core_i.load_store_unit_i","Source":"      begin"}
,{"expanded":false,"Exclusion Rule Type":"None","UNR":"none","Index":"87","Blk Type":"true part of","Src Start Line":"312","Score":"1","Enclosing Entity":"uvmt_cv32_tb.dut_wrap.cv32e40p_wrapper_i.core_i.load_store_unit_i","Source":"          rdata_b_ext = {24'h00_0000, resp_rdata[23:16]};"}
,{"expanded":false,"Exclusion Rule Type":"None","UNR":"none","Index":"88","Blk Type":"false part of","Src Start Line":"313","Score":"1","Enclosing Entity":"uvmt_cv32_tb.dut_wrap.cv32e40p_wrapper_i.core_i.load_store_unit_i","Source":"        else if (data_sign_ext_q == 2'b10)"}
,{"expanded":false,"Exclusion Rule Type":"Analysis Time","UNR":"none","Index":"89","Blk Type":"true part of","Src Start Line":"314","Score":"0","Enclosing Entity":"uvmt_cv32_tb.dut_wrap.cv32e40p_wrapper_i.core_i.load_store_unit_i","Source":"          rdata_b_ext = {24'hff_ffff, resp_rdata[23:16]};","excluded":"1"}
,{"expanded":false,"Exclusion Rule Type":"None","UNR":"none","Index":"90","Blk Type":"false part of","Src Start Line":"316","Score":"1","Enclosing Entity":"uvmt_cv32_tb.dut_wrap.cv32e40p_wrapper_i.core_i.load_store_unit_i","Source":"          rdata_b_ext = {{24{resp_rdata[23]}}, resp_rdata[23:16]};"}
,{"expanded":false,"Exclusion Rule Type":"None","UNR":"none","Index":"91","Blk Type":"a case item of","Src Start Line":"320","Score":"1","Enclosing Entity":"uvmt_cv32_tb.dut_wrap.cv32e40p_wrapper_i.core_i.load_store_unit_i","Source":"      begin"}
,{"expanded":false,"Exclusion Rule Type":"None","UNR":"none","Index":"92","Blk Type":"true part of","Src Start Line":"322","Score":"1","Enclosing Entity":"uvmt_cv32_tb.dut_wrap.cv32e40p_wrapper_i.core_i.load_store_unit_i","Source":"          rdata_b_ext = {24'h00_0000, resp_rdata[31:24]};"}
,{"expanded":false,"Exclusion Rule Type":"None","UNR":"none","Index":"93","Blk Type":"false part of","Src Start Line":"323","Score":"1","Enclosing Entity":"uvmt_cv32_tb.dut_wrap.cv32e40p_wrapper_i.core_i.load_store_unit_i","Source":"        else if (data_sign_ext_q == 2'b10)"}
,{"expanded":false,"Exclusion Rule Type":"Analysis Time","UNR":"none","Index":"94","Blk Type":"true part of","Src Start Line":"324","Score":"0","Enclosing Entity":"uvmt_cv32_tb.dut_wrap.cv32e40p_wrapper_i.core_i.load_store_unit_i","Source":"          rdata_b_ext = {24'hff_ffff, resp_rdata[31:24]};","excluded":"1"}
,{"expanded":false,"Exclusion Rule Type":"None","UNR":"none","Index":"95","Blk Type":"false part of","Src Start Line":"326","Score":"1","Enclosing Entity":"uvmt_cv32_tb.dut_wrap.cv32e40p_wrapper_i.core_i.load_store_unit_i","Source":"          rdata_b_ext = {{24{resp_rdata[31]}}, resp_rdata[31:24]};"}
,{"expanded":false,"Exclusion Rule Type":"None","UNR":"none","Index":"96","Blk Type":"implicit default","Src Start Line":"289","Score":"1","Enclosing Entity":"uvmt_cv32_tb.dut_wrap.cv32e40p_wrapper_i.core_i.load_store_unit_i","Source":"    case (rdata_offset_q)"}
,{"expanded":false,"Exclusion Rule Type":"None","UNR":"none","Index":"97","Blk Type":"code block","Src Start Line":"333","Score":"1","Enclosing Entity":"uvmt_cv32_tb.dut_wrap.cv32e40p_wrapper_i.core_i.load_store_unit_i","Source":"  begin"}
,{"expanded":false,"Exclusion Rule Type":"None","UNR":"none","Index":"98","Blk Type":"a case item of","Src Start Line":"335","Score":"1","Enclosing Entity":"uvmt_cv32_tb.dut_wrap.cv32e40p_wrapper_i.core_i.load_store_unit_i","Source":"      2'b00:       data_rdata_ext = rdata_w_ext;"}
,{"expanded":false,"Exclusion Rule Type":"None","UNR":"none","Index":"99","Blk Type":"a case item of","Src Start Line":"336","Score":"1","Enclosing Entity":"uvmt_cv32_tb.dut_wrap.cv32e40p_wrapper_i.core_i.load_store_unit_i","Source":"      2'b01:       data_rdata_ext = rdata_h_ext;"}
,{"expanded":false,"Exclusion Rule Type":"None","UNR":"none","Index":"100","Blk Type":"a case item of","Src Start Line":"337","Score":"1","Enclosing Entity":"uvmt_cv32_tb.dut_wrap.cv32e40p_wrapper_i.core_i.load_store_unit_i","Source":"      2'b10,2'b11: data_rdata_ext = rdata_b_ext;"}
,{"expanded":false,"Exclusion Rule Type":"None","UNR":"none","Index":"101","Blk Type":"implicit default","Src Start Line":"334","Score":"1","Enclosing Entity":"uvmt_cv32_tb.dut_wrap.cv32e40p_wrapper_i.core_i.load_store_unit_i","Source":"    case (data_type_q)"}
,{"expanded":false,"Exclusion Rule Type":"None","UNR":"none","Index":"102","Blk Type":"code block","Src Start Line":"342","Score":"1","Enclosing Entity":"uvmt_cv32_tb.dut_wrap.cv32e40p_wrapper_i.core_i.load_store_unit_i","Source":"  begin"}
,{"expanded":false,"Exclusion Rule Type":"None","UNR":"none","Index":"103","Blk Type":"true part of","Src Start Line":"344","Score":"1","Enclosing Entity":"uvmt_cv32_tb.dut_wrap.cv32e40p_wrapper_i.core_i.load_store_unit_i","Source":"    begin"}
,{"expanded":false,"Exclusion Rule Type":"None","UNR":"none","Index":"104","Blk Type":"false part of","Src Start Line":"348","Score":"1","Enclosing Entity":"uvmt_cv32_tb.dut_wrap.cv32e40p_wrapper_i.core_i.load_store_unit_i","Source":"    begin"}
,{"expanded":false,"Exclusion Rule Type":"None","UNR":"none","Index":"105","Blk Type":"true part of","Src Start Line":"350","Score":"1","Enclosing Entity":"uvmt_cv32_tb.dut_wrap.cv32e40p_wrapper_i.core_i.load_store_unit_i","Source":"      begin"}
,{"expanded":false,"Exclusion Rule Type":"None","UNR":"none","Index":"106","Blk Type":"true part of","Src Start Line":"357","Score":"1","Enclosing Entity":"uvmt_cv32_tb.dut_wrap.cv32e40p_wrapper_i.core_i.load_store_unit_i","Source":"          rdata_q  <= resp_rdata;"}
,{"expanded":false,"Exclusion Rule Type":"None","UNR":"none","Index":"107","Blk Type":"false part of","Src Start Line":"359","Score":"1","Enclosing Entity":"uvmt_cv32_tb.dut_wrap.cv32e40p_wrapper_i.core_i.load_store_unit_i","Source":"          rdata_q  <= data_rdata_ext;"}
,{"expanded":false,"Exclusion Rule Type":"None","UNR":"none","Index":"108","Blk Type":"implicit else","Src Start Line":"349","Score":"1","Enclosing Entity":"uvmt_cv32_tb.dut_wrap.cv32e40p_wrapper_i.core_i.load_store_unit_i","Source":"      if (resp_valid && (~data_we_q))"}
,{"expanded":false,"Exclusion Rule Type":"None","UNR":"none","Index":"109","Blk Type":"code block","Src Start Line":"378","Score":"1","Enclosing Entity":"uvmt_cv32_tb.dut_wrap.cv32e40p_wrapper_i.core_i.load_store_unit_i","Source":"  begin"}
,{"expanded":false,"Exclusion Rule Type":"None","UNR":"none","Index":"110","Blk Type":"true part of","Src Start Line":"382","Score":"1","Enclosing Entity":"uvmt_cv32_tb.dut_wrap.cv32e40p_wrapper_i.core_i.load_store_unit_i","Source":"    begin"}
,{"expanded":false,"Exclusion Rule Type":"None","UNR":"none","Index":"111","Blk Type":"a case item of","Src Start Line":"385","Score":"1","Enclosing Entity":"uvmt_cv32_tb.dut_wrap.cv32e40p_wrapper_i.core_i.load_store_unit_i","Source":"        begin"}
,{"expanded":false,"Exclusion Rule Type":"None","UNR":"none","Index":"112","Blk Type":"true part of","Src Start Line":"387","Score":"1","Enclosing Entity":"uvmt_cv32_tb.dut_wrap.cv32e40p_wrapper_i.core_i.load_store_unit_i","Source":"            data_misaligned_o = 1'b1;"}
,{"expanded":false,"Exclusion Rule Type":"None","UNR":"none","Index":"113","Blk Type":"implicit else","Src Start Line":"386","Score":"1","Enclosing Entity":"uvmt_cv32_tb.dut_wrap.cv32e40p_wrapper_i.core_i.load_store_unit_i","Source":"          if(data_addr_int[1:0] != 2'b00)"}
,{"expanded":false,"Exclusion Rule Type":"None","UNR":"none","Index":"114","Blk Type":"a case item of","Src Start Line":"390","Score":"1","Enclosing Entity":"uvmt_cv32_tb.dut_wrap.cv32e40p_wrapper_i.core_i.load_store_unit_i","Source":"        begin"}
,{"expanded":false,"Exclusion Rule Type":"None","UNR":"none","Index":"115","Blk Type":"true part of","Src Start Line":"392","Score":"1","Enclosing Entity":"uvmt_cv32_tb.dut_wrap.cv32e40p_wrapper_i.core_i.load_store_unit_i","Source":"            data_misaligned_o = 1'b1;"}
,{"expanded":false,"Exclusion Rule Type":"None","UNR":"none","Index":"116","Blk Type":"implicit else","Src Start Line":"391","Score":"1","Enclosing Entity":"uvmt_cv32_tb.dut_wrap.cv32e40p_wrapper_i.core_i.load_store_unit_i","Source":"          if(data_addr_int[1:0] == 2'b11)"}
,{"expanded":false,"Exclusion Rule Type":"None","UNR":"none","Index":"117","Blk Type":"implicit default","Src Start Line":"383","Score":"1","Enclosing Entity":"uvmt_cv32_tb.dut_wrap.cv32e40p_wrapper_i.core_i.load_store_unit_i","Source":"      case (data_type_ex_i)"}
,{"expanded":false,"Exclusion Rule Type":"None","UNR":"none","Index":"118","Blk Type":"implicit else","Src Start Line":"381","Score":"1","Enclosing Entity":"uvmt_cv32_tb.dut_wrap.cv32e40p_wrapper_i.core_i.load_store_unit_i","Source":"    if((data_req_ex_i == 1'b1) && (data_misaligned_ex_i == 1'b0))"}
,{"expanded":false,"Exclusion Rule Type":"None","UNR":"none","Index":"119","Blk Type":"code block","Src Start Line":"471","Score":"1","Enclosing Entity":"uvmt_cv32_tb.dut_wrap.cv32e40p_wrapper_i.core_i.load_store_unit_i","Source":"  always_comb begin"}
,{"expanded":false,"Exclusion Rule Type":"None","UNR":"none","Index":"120","Blk Type":"a case item of","Src Start Line":"473","Score":"1","Enclosing Entity":"uvmt_cv32_tb.dut_wrap.cv32e40p_wrapper_i.core_i.load_store_unit_i","Source":"      2'b00  : begin"}
,{"expanded":false,"Exclusion Rule Type":"None","UNR":"none","Index":"121","Blk Type":"a case item of","Src Start Line":"476","Score":"1","Enclosing Entity":"uvmt_cv32_tb.dut_wrap.cv32e40p_wrapper_i.core_i.load_store_unit_i","Source":"      2'b01  : begin"}
,{"expanded":false,"Exclusion Rule Type":"None","UNR":"none","Index":"122","Blk Type":"a case item of","Src Start Line":"479","Score":"1","Enclosing Entity":"uvmt_cv32_tb.dut_wrap.cv32e40p_wrapper_i.core_i.load_store_unit_i","Source":"      2'b10  : begin"}
,{"expanded":false,"Exclusion Rule Type":"None","UNR":"none","Index":"123","Blk Type":"a case item of","Src Start Line":"482","Score":"1","Enclosing Entity":"uvmt_cv32_tb.dut_wrap.cv32e40p_wrapper_i.core_i.load_store_unit_i","Source":"      2'b11  : begin"}
,{"expanded":false,"Exclusion Rule Type":"None","UNR":"none","Index":"124","Blk Type":"code block","Src Start Line":"494","Score":"1","Enclosing Entity":"uvmt_cv32_tb.dut_wrap.cv32e40p_wrapper_i.core_i.load_store_unit_i","Source":"  begin"}
,{"expanded":false,"Exclusion Rule Type":"None","UNR":"none","Index":"125","Blk Type":"true part of","Src Start Line":"496","Score":"1","Enclosing Entity":"uvmt_cv32_tb.dut_wrap.cv32e40p_wrapper_i.core_i.load_store_unit_i","Source":"    begin"}
,{"expanded":false,"Exclusion Rule Type":"None","UNR":"none","Index":"126","Blk Type":"false part of","Src Start Line":"500","Score":"1","Enclosing Entity":"uvmt_cv32_tb.dut_wrap.cv32e40p_wrapper_i.core_i.load_store_unit_i","Source":"    begin"}
],"assertion_items"
:[{"expanded":false,"Exclusion Rule Type":"None","UNR":"none","title":"a_address_phase_signals_defined","All Average Grd":"100%","Assertion Status Grd":"100%","Enclosing Entity":"uvmt_cv32_tb.dut_wrap.cv32e40p_wrapper_i.core_i.load_store_unit_i","Source":"  a_address_phase_signals_defined : assert property(p_address_phase_signals_defined);"}
,{"expanded":false,"Exclusion Rule Type":"None","UNR":"none","title":"a_no_spurious_rvalid","All Average Grd":"100%","Assertion Status Grd":"100%","Enclosing Entity":"uvmt_cv32_tb.dut_wrap.cv32e40p_wrapper_i.core_i.load_store_unit_i","Source":"  a_no_spurious_rvalid : assert property(p_no_spurious_rvalid);"}
,{"expanded":false,"Exclusion Rule Type":"None","UNR":"none","title":"a_no_transaction_count_overflow_1","All Average Grd":"0%","Assertion Status Grd":"0%","Enclosing Entity":"uvmt_cv32_tb.dut_wrap.cv32e40p_wrapper_i.core_i.load_store_unit_i","Source":"  a_no_transaction_count_overflow_1 : assert property(p_no_transaction_count_overflow_1);"}
,{"expanded":false,"Exclusion Rule Type":"None","UNR":"none","title":"a_no_transaction_count_overflow_0","All Average Grd":"100%","Assertion Status Grd":"100%","Enclosing Entity":"uvmt_cv32_tb.dut_wrap.cv32e40p_wrapper_i.core_i.load_store_unit_i","Source":"  a_no_transaction_count_overflow_0 : assert property(p_no_transaction_count_overflow_0);"}
,{"expanded":false,"Exclusion Rule Type":"None","UNR":"none","title":"a_no_error","All Average Grd":"100%","Assertion Status Grd":"100%","Enclosing Entity":"uvmt_cv32_tb.dut_wrap.cv32e40p_wrapper_i.core_i.load_store_unit_i","Source":"  a_no_error : assert property(p_no_error);"}
]
,"expression_items":[{"expanded":false,"expanded":false,"Exclusion Rule Type":"None","UNR":"none","Index":"1","All Average Grd":"100%","All Cov":"3 / 3 (100%)","Src Start Line":"349","Enclosing Entity":"uvmt_cv32_tb.dut_wrap.cv32e40p_wrapper_i.core_i.load_store_unit_i","Source":"      if (resp_valid && (~data_we_q))"
,"subitems":[{"expanded":false,"expanded":false,"Exclusion Rule Type":"None","UNR":"none","Index":"1","All Average Grd":"100%","All Cov":"3 / 3 (100%)","Source":"      if (resp_valid && (~data_we_q))","table_type":"cov"
,"subitems":[{"title":"1;0","expanded":false,"Exclusion Rule Type":"None","UNR":"none","Score":"1","Out":"1"}
,{"title":"-;1","expanded":false,"Exclusion Rule Type":"None","UNR":"none","Score":"1","Out":"0"}
,{"title":"0;-","expanded":false,"Exclusion Rule Type":"None","UNR":"none","Score":"1","Out":"0"}
],"cov_table_title":"Coverage Table with Output","header":"resp_valid && (~ data_we_q)","columns":"resp_valid;data_we_q"}
]}
,{"expanded":false,"expanded":false,"Exclusion Rule Type":"None","UNR":"none","Index":"2","All Average Grd":"100%","All Cov":"3 / 3 (100%)","Src Start Line":"356","Enclosing Entity":"uvmt_cv32_tb.dut_wrap.cv32e40p_wrapper_i.core_i.load_store_unit_i","Source":"        if ((data_misaligned_ex_i == 1'b1) || (data_misaligned_o == 1'b1))"
,"subitems":[{"expanded":false,"expanded":false,"Exclusion Rule Type":"None","UNR":"none","Index":"1","All Average Grd":"100%","All Cov":"3 / 3 (100%)","Source":"        if ((data_misaligned_ex_i == 1'b1) || (data_misaligned_o == 1'b1))","table_type":"cov"
,"subitems":[{"title":"1;-","expanded":false,"Exclusion Rule Type":"None","UNR":"none","Score":"1","Out":"n/a"}
,{"title":"-;1","expanded":false,"Exclusion Rule Type":"None","UNR":"none","Score":"1","Out":"n/a"}
,{"title":"0;0","expanded":false,"Exclusion Rule Type":"None","UNR":"none","Score":"1","Out":"n/a"}
],"cov_table_title":"Coverage Table","header":"(data_misaligned_ex_i == 1'b1) || (data_misaligned_o == 1'b1)","columns":"(data_misaligned_ex_i == 1'b1);(data_misaligned_o == 1'b1)"}
]}
,{"expanded":false,"expanded":false,"Exclusion Rule Type":"None","UNR":"none","Index":"3","All Average Grd":"100%","All Cov":"3 / 3 (100%)","Src Start Line":"381","Enclosing Entity":"uvmt_cv32_tb.dut_wrap.cv32e40p_wrapper_i.core_i.load_store_unit_i","Source":"    if((data_req_ex_i == 1'b1) && (data_misaligned_ex_i == 1'b0))"
,"subitems":[{"expanded":false,"expanded":false,"Exclusion Rule Type":"None","UNR":"none","Index":"1","All Average Grd":"100%","All Cov":"3 / 3 (100%)","Source":"    if((data_req_ex_i == 1'b1) && (data_misaligned_ex_i == 1'b0))","table_type":"cov"
,"subitems":[{"title":"1;0","expanded":false,"Exclusion Rule Type":"None","UNR":"none","Score":"1","Out":"1"}
,{"title":"-;1","expanded":false,"Exclusion Rule Type":"None","UNR":"none","Score":"1","Out":"0"}
,{"title":"0;-","expanded":false,"Exclusion Rule Type":"None","UNR":"none","Score":"1","Out":"0"}
],"cov_table_title":"Coverage Table with Output","header":"(data_req_ex_i == 1'b1) && (data_misaligned_ex_i == 1'b0)","columns":"(data_req_ex_i == 1'b1);data_misaligned_ex_i"}
]}
]}
