{
"block_items":[{"expanded":false,"Exclusion Rule Type":"None","UNR":"none","Index":"1","Blk Type":"code block","Src Start Line":"118","Score":"1","Enclosing Entity":"uvmt_cv32_tb.dut_wrap.cv32e40p_wrapper_i.core_i.ex_stage_i.alu_i","Source":"  begin"}
,{"expanded":false,"Exclusion Rule Type":"None","UNR":"none","Index":"2","Blk Type":"true part of","Src Start Line":"137","Score":"1","Enclosing Entity":"uvmt_cv32_tb.dut_wrap.cv32e40p_wrapper_i.core_i.ex_stage_i.alu_i","Source":"    if (adder_op_b_negate || (operator_i == ALU_ABS || operator_i == ALU_CLIP)) begin"}
,{"expanded":false,"Exclusion Rule Type":"Analysis Time","UNR":"none","Index":"3","Blk Type":"a case item of","Src Start Line":"142","Score":"0","Enclosing Entity":"uvmt_cv32_tb.dut_wrap.cv32e40p_wrapper_i.core_i.ex_stage_i.alu_i","Source":"        VEC_MODE16: begin","excluded":"1"}
,{"expanded":false,"Exclusion Rule Type":"Analysis Time","UNR":"none","Index":"4","Blk Type":"a case item of","Src Start Line":"146","Score":"0","Enclosing Entity":"uvmt_cv32_tb.dut_wrap.cv32e40p_wrapper_i.core_i.ex_stage_i.alu_i","Source":"        VEC_MODE8: begin","excluded":"1"}
,{"expanded":false,"Exclusion Rule Type":"None","UNR":"none","Index":"5","Blk Type":"implicit default","Src Start Line":"141","Score":"1","Enclosing Entity":"uvmt_cv32_tb.dut_wrap.cv32e40p_wrapper_i.core_i.ex_stage_i.alu_i","Source":"      case (vector_mode_i)"}
,{"expanded":false,"Exclusion Rule Type":"None","UNR":"none","Index":"6","Blk Type":"false part of","Src Start Line":"153","Score":"1","Enclosing Entity":"uvmt_cv32_tb.dut_wrap.cv32e40p_wrapper_i.core_i.ex_stage_i.alu_i","Source":"    end else begin"}
,{"expanded":false,"Exclusion Rule Type":"Analysis Time","UNR":"none","Index":"7","Blk Type":"a case item of","Src Start Line":"156","Score":"0","Enclosing Entity":"uvmt_cv32_tb.dut_wrap.cv32e40p_wrapper_i.core_i.ex_stage_i.alu_i","Source":"        VEC_MODE16: begin","excluded":"1"}
,{"expanded":false,"Exclusion Rule Type":"Analysis Time","UNR":"none","Index":"8","Blk Type":"a case item of","Src Start Line":"160","Score":"0","Enclosing Entity":"uvmt_cv32_tb.dut_wrap.cv32e40p_wrapper_i.core_i.ex_stage_i.alu_i","Source":"        VEC_MODE8: begin","excluded":"1"}
,{"expanded":false,"Exclusion Rule Type":"None","UNR":"none","Index":"9","Blk Type":"implicit default","Src Start Line":"155","Score":"1","Enclosing Entity":"uvmt_cv32_tb.dut_wrap.cv32e40p_wrapper_i.core_i.ex_stage_i.alu_i","Source":"      case (vector_mode_i)"}
,{"expanded":false,"Exclusion Rule Type":"None","UNR":"none","Index":"10","Blk Type":"code block","Src Start Line":"215","Score":"1","Enclosing Entity":"uvmt_cv32_tb.dut_wrap.cv32e40p_wrapper_i.core_i.ex_stage_i.alu_i","Source":"  begin"}
,{"expanded":false,"Exclusion Rule Type":"Analysis Time","UNR":"none","Index":"11","Blk Type":"a case item of","Src Start Line":"218","Score":"0","Enclosing Entity":"uvmt_cv32_tb.dut_wrap.cv32e40p_wrapper_i.core_i.ex_stage_i.alu_i","Source":"      begin","excluded":"1"}
,{"expanded":false,"Exclusion Rule Type":"Analysis Time","UNR":"none","Index":"12","Blk Type":"a case item of","Src Start Line":"224","Score":"0","Enclosing Entity":"uvmt_cv32_tb.dut_wrap.cv32e40p_wrapper_i.core_i.ex_stage_i.alu_i","Source":"      begin","excluded":"1"}
,{"expanded":false,"Exclusion Rule Type":"None","UNR":"none","Index":"13","Blk Type":"a case item of","Src Start Line":"232","Score":"1","Enclosing Entity":"uvmt_cv32_tb.dut_wrap.cv32e40p_wrapper_i.core_i.ex_stage_i.alu_i","Source":"      begin"}
,{"expanded":false,"Exclusion Rule Type":"None","UNR":"none","Index":"14","Blk Type":"code block","Src Start Line":"270","Score":"1","Enclosing Entity":"uvmt_cv32_tb.dut_wrap.cv32e40p_wrapper_i.core_i.ex_stage_i.alu_i","Source":"  begin"}
,{"expanded":false,"Exclusion Rule Type":"Analysis Time","UNR":"none","Index":"15","Blk Type":"a case item of","Src Start Line":"273","Score":"0","Enclosing Entity":"uvmt_cv32_tb.dut_wrap.cv32e40p_wrapper_i.core_i.ex_stage_i.alu_i","Source":"      begin","excluded":"1"}
,{"expanded":false,"Exclusion Rule Type":"Analysis Time","UNR":"none","Index":"16","Blk Type":"a case item of","Src Start Line":"279","Score":"0","Enclosing Entity":"uvmt_cv32_tb.dut_wrap.cv32e40p_wrapper_i.core_i.ex_stage_i.alu_i","Source":"      begin","excluded":"1"}
,{"expanded":false,"Exclusion Rule Type":"None","UNR":"none","Index":"17","Blk Type":"a case item of","Src Start Line":"287","Score":"1","Enclosing Entity":"uvmt_cv32_tb.dut_wrap.cv32e40p_wrapper_i.core_i.ex_stage_i.alu_i","Source":"      begin"}
,{"expanded":false,"Exclusion Rule Type":"None","UNR":"none","Index":"18","Blk Type":"code block","Src Start Line":"290","Score":"1","Enclosing Entity":"uvmt_cv32_tb.dut_wrap.cv32e40p_wrapper_i.core_i.ex_stage_i.alu_i","Source":"    endcase; // case (vec_mode_i)"}
,{"expanded":false,"Exclusion Rule Type":"None","UNR":"none","Index":"19","Blk Type":"code block","Src Start Line":"329","Score":"1","Enclosing Entity":"uvmt_cv32_tb.dut_wrap.cv32e40p_wrapper_i.core_i.ex_stage_i.alu_i","Source":"  begin"}
,{"expanded":false,"Exclusion Rule Type":"Analysis Time","UNR":"none","Index":"20","Blk Type":"true part of","Src Start Line":"332","Score":"0","Enclosing Entity":"uvmt_cv32_tb.dut_wrap.cv32e40p_wrapper_i.core_i.ex_stage_i.alu_i","Source":"      operand_b_eq = '0;","excluded":"1"}
,{"expanded":false,"Exclusion Rule Type":"None","UNR":"none","Index":"21","Blk Type":"false part of","Src Start Line":"334","Score":"1","Enclosing Entity":"uvmt_cv32_tb.dut_wrap.cv32e40p_wrapper_i.core_i.ex_stage_i.alu_i","Source":"      operand_b_eq = operand_b_neg;"}
,{"expanded":false,"Exclusion Rule Type":"None","UNR":"none","Index":"22","Blk Type":"code block","Src Start Line":"339","Score":"1","Enclosing Entity":"uvmt_cv32_tb.dut_wrap.cv32e40p_wrapper_i.core_i.ex_stage_i.alu_i","Source":"  begin"}
,{"expanded":false,"Exclusion Rule Type":"None","UNR":"none","Index":"23","Blk Type":"a case item of","Src Start Line":"357","Score":"1","Enclosing Entity":"uvmt_cv32_tb.dut_wrap.cv32e40p_wrapper_i.core_i.ex_stage_i.alu_i","Source":"      ALU_FMIN: begin"}
,{"expanded":false,"Exclusion Rule Type":"Analysis Time","UNR":"none","Index":"24","Blk Type":"a case item of","Src Start Line":"359","Score":"0","Enclosing Entity":"uvmt_cv32_tb.dut_wrap.cv32e40p_wrapper_i.core_i.ex_stage_i.alu_i","Source":"          VEC_MODE8:  cmp_signed[3:0] = 4'b1111;","excluded":"1"}
,{"expanded":false,"Exclusion Rule Type":"Analysis Time","UNR":"none","Index":"25","Blk Type":"a case item of","Src Start Line":"360","Score":"0","Enclosing Entity":"uvmt_cv32_tb.dut_wrap.cv32e40p_wrapper_i.core_i.ex_stage_i.alu_i","Source":"          VEC_MODE16: cmp_signed[3:0] = 4'b1010;","excluded":"1"}
,{"expanded":false,"Exclusion Rule Type":"None","UNR":"none","Index":"26","Blk Type":"a case item of","Src Start Line":"361","Score":"1","Enclosing Entity":"uvmt_cv32_tb.dut_wrap.cv32e40p_wrapper_i.core_i.ex_stage_i.alu_i","Source":"          default:     cmp_signed[3:0] = 4'b1000;"}
,{"expanded":false,"Exclusion Rule Type":"None","UNR":"none","Index":"27","Blk Type":"a case item of","Src Start Line":"365","Score":"1","Enclosing Entity":"uvmt_cv32_tb.dut_wrap.cv32e40p_wrapper_i.core_i.ex_stage_i.alu_i","Source":"      default:;"}
,{"expanded":false,"Exclusion Rule Type":"None","UNR":"none","Index":"28","Blk Type":"code block","Src Start Line":"385","Score":"1","Enclosing Entity":"uvmt_cv32_tb.dut_wrap.cv32e40p_wrapper_i.core_i.ex_stage_i.alu_i","Source":"  begin"}
,{"expanded":false,"Exclusion Rule Type":"Analysis Time","UNR":"none","Index":"29","Blk Type":"a case item of","Src Start Line":"394","Score":"0","Enclosing Entity":"uvmt_cv32_tb.dut_wrap.cv32e40p_wrapper_i.core_i.ex_stage_i.alu_i","Source":"      begin","excluded":"1"}
,{"expanded":false,"Exclusion Rule Type":"Analysis Time","UNR":"none","Index":"30","Blk Type":"a case item of","Src Start Line":"402","Score":"0","Enclosing Entity":"uvmt_cv32_tb.dut_wrap.cv32e40p_wrapper_i.core_i.ex_stage_i.alu_i","Source":"      begin","excluded":"1"}
,{"expanded":false,"Exclusion Rule Type":"None","UNR":"none","Index":"31","Blk Type":"a case item of","Src Start Line":"407","Score":"1","Enclosing Entity":"uvmt_cv32_tb.dut_wrap.cv32e40p_wrapper_i.core_i.ex_stage_i.alu_i","Source":"      default:; // see default assignment"}
,{"expanded":false,"Exclusion Rule Type":"None","UNR":"none","Index":"32","Blk Type":"code block","Src Start Line":"422","Score":"1","Enclosing Entity":"uvmt_cv32_tb.dut_wrap.cv32e40p_wrapper_i.core_i.ex_stage_i.alu_i","Source":"  begin"}
,{"expanded":false,"Exclusion Rule Type":"None","UNR":"none","Index":"33","Blk Type":"a case item of","Src Start Line":"426","Score":"1","Enclosing Entity":"uvmt_cv32_tb.dut_wrap.cv32e40p_wrapper_i.core_i.ex_stage_i.alu_i","Source":"      ALU_EQ:            cmp_result = is_equal;"}
,{"expanded":false,"Exclusion Rule Type":"None","UNR":"none","Index":"34","Blk Type":"a case item of","Src Start Line":"427","Score":"1","Enclosing Entity":"uvmt_cv32_tb.dut_wrap.cv32e40p_wrapper_i.core_i.ex_stage_i.alu_i","Source":"      ALU_NE:            cmp_result = ~is_equal;"}
,{"expanded":false,"Exclusion Rule Type":"Analysis Time","UNR":"none","Index":"35","Blk Type":"a case item of","Src Start Line":"428","Score":"0","Enclosing Entity":"uvmt_cv32_tb.dut_wrap.cv32e40p_wrapper_i.core_i.ex_stage_i.alu_i","Source":"      ALU_GTS, ALU_GTU:  cmp_result = is_greater;","excluded":"1"}
,{"expanded":false,"Exclusion Rule Type":"None","UNR":"none","Index":"36","Blk Type":"a case item of","Src Start Line":"429","Score":"1","Enclosing Entity":"uvmt_cv32_tb.dut_wrap.cv32e40p_wrapper_i.core_i.ex_stage_i.alu_i","Source":"      ALU_GES, ALU_GEU:  cmp_result = is_greater | is_equal;"}
,{"expanded":false,"Exclusion Rule Type":"None","UNR":"none","Index":"37","Blk Type":"a case item of","Src Start Line":"431","Score":"1","Enclosing Entity":"uvmt_cv32_tb.dut_wrap.cv32e40p_wrapper_i.core_i.ex_stage_i.alu_i","Source":"      ALU_LTU, ALU_SLTU: cmp_result = ~(is_greater | is_equal);"}
,{"expanded":false,"Exclusion Rule Type":"Analysis Time","UNR":"none","Index":"38","Blk Type":"a case item of","Src Start Line":"434","Score":"0","Enclosing Entity":"uvmt_cv32_tb.dut_wrap.cv32e40p_wrapper_i.core_i.ex_stage_i.alu_i","Source":"      ALU_LES, ALU_LEU:  cmp_result = ~is_greater;","excluded":"1"}
,{"expanded":false,"Exclusion Rule Type":"Analysis Time","UNR":"none","Index":"39","Blk Type":"a case item of","Src Start Line":"435","Score":"0","Enclosing Entity":"uvmt_cv32_tb.dut_wrap.cv32e40p_wrapper_i.core_i.ex_stage_i.alu_i","Source":"      ALU_FEQ:           cmp_result = is_equal & ~f_is_nan;","excluded":"1"}
,{"expanded":false,"Exclusion Rule Type":"Analysis Time","UNR":"none","Index":"40","Blk Type":"a case item of","Src Start Line":"436","Score":"0","Enclosing Entity":"uvmt_cv32_tb.dut_wrap.cv32e40p_wrapper_i.core_i.ex_stage_i.alu_i","Source":"      ALU_FLE:           cmp_result = ~f_is_greater & ~f_is_nan;","excluded":"1"}
,{"expanded":false,"Exclusion Rule Type":"Analysis Time","UNR":"none","Index":"41","Blk Type":"a case item of","Src Start Line":"437","Score":"0","Enclosing Entity":"uvmt_cv32_tb.dut_wrap.cv32e40p_wrapper_i.core_i.ex_stage_i.alu_i","Source":"      ALU_FLT:           cmp_result = ~(f_is_greater | is_equal) & ~f_is_nan;","excluded":"1"}
,{"expanded":false,"Exclusion Rule Type":"None","UNR":"none","Index":"42","Blk Type":"a case item of","Src Start Line":"439","Score":"1","Enclosing Entity":"uvmt_cv32_tb.dut_wrap.cv32e40p_wrapper_i.core_i.ex_stage_i.alu_i","Source":"      default: ;"}
,{"expanded":false,"Exclusion Rule Type":"None","UNR":"none","Index":"43","Blk Type":"code block","Src Start Line":"537","Score":"1","Enclosing Entity":"uvmt_cv32_tb.dut_wrap.cv32e40p_wrapper_i.core_i.ex_stage_i.alu_i","Source":"     begin"}
,{"expanded":false,"Exclusion Rule Type":"Analysis Time","UNR":"none","Index":"44","Blk Type":"true part of","Src Start Line":"538","Score":"0","Enclosing Entity":"uvmt_cv32_tb.dut_wrap.cv32e40p_wrapper_i.core_i.ex_stage_i.alu_i","Source":"        if (FPU == 1) begin","excluded":"1"}
,{"expanded":false,"Exclusion Rule Type":"Analysis Time","UNR":"none","Index":"45","Blk Type":"a case item of","Src Start Line":"543","Score":"0","Enclosing Entity":"uvmt_cv32_tb.dut_wrap.cv32e40p_wrapper_i.core_i.ex_stage_i.alu_i","Source":"             ALU_FKEEP:  f_sign_inject_result[31] = operand_a_i[31];","excluded":"1"}
,{"expanded":false,"Exclusion Rule Type":"Analysis Time","UNR":"none","Index":"46","Blk Type":"a case item of","Src Start Line":"544","Score":"0","Enclosing Entity":"uvmt_cv32_tb.dut_wrap.cv32e40p_wrapper_i.core_i.ex_stage_i.alu_i","Source":"             ALU_FSGNJ:  f_sign_inject_result[31] = operand_b_i[31];","excluded":"1"}
,{"expanded":false,"Exclusion Rule Type":"Analysis Time","UNR":"none","Index":"47","Blk Type":"a case item of","Src Start Line":"545","Score":"0","Enclosing Entity":"uvmt_cv32_tb.dut_wrap.cv32e40p_wrapper_i.core_i.ex_stage_i.alu_i","Source":"             ALU_FSGNJN: f_sign_inject_result[31] = !operand_b_i[31];","excluded":"1"}
,{"expanded":false,"Exclusion Rule Type":"Analysis Time","UNR":"none","Index":"48","Blk Type":"a case item of","Src Start Line":"546","Score":"0","Enclosing Entity":"uvmt_cv32_tb.dut_wrap.cv32e40p_wrapper_i.core_i.ex_stage_i.alu_i","Source":"             ALU_FSGNJX: f_sign_inject_result[31] = operand_a_i[31] ^ operand_b_i[31];","excluded":"1"}
,{"expanded":false,"Exclusion Rule Type":"Analysis Time","UNR":"none","Index":"49","Blk Type":"a case item of","Src Start Line":"547","Score":"0","Enclosing Entity":"uvmt_cv32_tb.dut_wrap.cv32e40p_wrapper_i.core_i.ex_stage_i.alu_i","Source":"             default: ;","excluded":"1"}
,{"expanded":false,"Exclusion Rule Type":"None","UNR":"none","Index":"50","Blk Type":"false part of","Src Start Line":"551","Score":"1","Enclosing Entity":"uvmt_cv32_tb.dut_wrap.cv32e40p_wrapper_i.core_i.ex_stage_i.alu_i","Source":"          f_sign_inject_result = '0;"}
,{"expanded":false,"Exclusion Rule Type":"None","UNR":"none","Index":"51","Blk Type":"code block","Src Start Line":"560","Score":"1","Enclosing Entity":"uvmt_cv32_tb.dut_wrap.cv32e40p_wrapper_i.core_i.ex_stage_i.alu_i","Source":"  begin"}
,{"expanded":false,"Exclusion Rule Type":"Analysis Time","UNR":"none","Index":"52","Blk Type":"true part of","Src Start Line":"562","Score":"0","Enclosing Entity":"uvmt_cv32_tb.dut_wrap.cv32e40p_wrapper_i.core_i.ex_stage_i.alu_i","Source":"    if(operator_i == ALU_CLIPU) begin","excluded":"1"}
,{"expanded":false,"Exclusion Rule Type":"Analysis Time","UNR":"none","Index":"53","Blk Type":"true part of","Src Start Line":"563","Score":"0","Enclosing Entity":"uvmt_cv32_tb.dut_wrap.cv32e40p_wrapper_i.core_i.ex_stage_i.alu_i","Source":"      if(operand_a_i[31] || is_equal_clip) begin","excluded":"1"}
,{"expanded":false,"Exclusion Rule Type":"Analysis Time","UNR":"none","Index":"54","Blk Type":"false part of","Src Start Line":"565","Score":"0","Enclosing Entity":"uvmt_cv32_tb.dut_wrap.cv32e40p_wrapper_i.core_i.ex_stage_i.alu_i","Source":"      end else begin","excluded":"1"}
,{"expanded":false,"Exclusion Rule Type":"None","UNR":"none","Index":"55","Blk Type":"false part of","Src Start Line":"568","Score":"1","Enclosing Entity":"uvmt_cv32_tb.dut_wrap.cv32e40p_wrapper_i.core_i.ex_stage_i.alu_i","Source":"    end else begin"}
,{"expanded":false,"Exclusion Rule Type":"None","UNR":"none","Index":"56","Blk Type":"true part of","Src Start Line":"570","Score":"1","Enclosing Entity":"uvmt_cv32_tb.dut_wrap.cv32e40p_wrapper_i.core_i.ex_stage_i.alu_i","Source":"      if(adder_result_expanded[36] || is_equal_clip) begin"}
,{"expanded":false,"Exclusion Rule Type":"None","UNR":"none","Index":"57","Blk Type":"false part of","Src Start Line":"572","Score":"1","Enclosing Entity":"uvmt_cv32_tb.dut_wrap.cv32e40p_wrapper_i.core_i.ex_stage_i.alu_i","Source":"      end else begin"}
,{"expanded":false,"Exclusion Rule Type":"None","UNR":"none","Index":"58","Blk Type":"code block","Src Start Line":"601","Score":"1","Enclosing Entity":"uvmt_cv32_tb.dut_wrap.cv32e40p_wrapper_i.core_i.ex_stage_i.alu_i","Source":"  begin"}
,{"expanded":false,"Exclusion Rule Type":"Analysis Time","UNR":"none","Index":"59","Blk Type":"a case item of","Src Start Line":"608","Score":"0","Enclosing Entity":"uvmt_cv32_tb.dut_wrap.cv32e40p_wrapper_i.core_i.ex_stage_i.alu_i","Source":"      ALU_EXT, ALU_EXTS: begin","excluded":"1"}
,{"expanded":false,"Exclusion Rule Type":"Analysis Time","UNR":"none","Index":"60","Blk Type":"true part of","Src Start Line":"610","Score":"0","Enclosing Entity":"uvmt_cv32_tb.dut_wrap.cv32e40p_wrapper_i.core_i.ex_stage_i.alu_i","Source":"          shuffle_reg1_sel = 2'b11;","excluded":"1"}
,{"expanded":false,"Exclusion Rule Type":"Analysis Time","UNR":"none","Index":"61","Blk Type":"implicit else","Src Start Line":"609","Score":"0","Enclosing Entity":"uvmt_cv32_tb.dut_wrap.cv32e40p_wrapper_i.core_i.ex_stage_i.alu_i","Source":"        if (operator_i == ALU_EXTS)","excluded":"1"}
,{"expanded":false,"Exclusion Rule Type":"Analysis Time","UNR":"none","Index":"62","Blk Type":"code block","Src Start Line":"612","Score":"0","Enclosing Entity":"uvmt_cv32_tb.dut_wrap.cv32e40p_wrapper_i.core_i.ex_stage_i.alu_i","Source":"        if (vector_mode_i == VEC_MODE8) begin","excluded":"1"}
,{"expanded":false,"Exclusion Rule Type":"Analysis Time","UNR":"none","Index":"63","Blk Type":"true part of","Src Start Line":"612","Score":"0","Enclosing Entity":"uvmt_cv32_tb.dut_wrap.cv32e40p_wrapper_i.core_i.ex_stage_i.alu_i","Source":"        if (vector_mode_i == VEC_MODE8) begin","excluded":"1"}
,{"expanded":false,"Exclusion Rule Type":"Analysis Time","UNR":"none","Index":"64","Blk Type":"false part of","Src Start Line":"615","Score":"0","Enclosing Entity":"uvmt_cv32_tb.dut_wrap.cv32e40p_wrapper_i.core_i.ex_stage_i.alu_i","Source":"        end else begin","excluded":"1"}
,{"expanded":false,"Exclusion Rule Type":"Analysis Time","UNR":"none","Index":"65","Blk Type":"a case item of","Src Start Line":"621","Score":"0","Enclosing Entity":"uvmt_cv32_tb.dut_wrap.cv32e40p_wrapper_i.core_i.ex_stage_i.alu_i","Source":"      ALU_PCKLO: begin","excluded":"1"}
,{"expanded":false,"Exclusion Rule Type":"Analysis Time","UNR":"none","Index":"66","Blk Type":"true part of","Src Start Line":"624","Score":"0","Enclosing Entity":"uvmt_cv32_tb.dut_wrap.cv32e40p_wrapper_i.core_i.ex_stage_i.alu_i","Source":"        if (vector_mode_i == VEC_MODE8) begin","excluded":"1"}
,{"expanded":false,"Exclusion Rule Type":"Analysis Time","UNR":"none","Index":"67","Blk Type":"false part of","Src Start Line":"627","Score":"0","Enclosing Entity":"uvmt_cv32_tb.dut_wrap.cv32e40p_wrapper_i.core_i.ex_stage_i.alu_i","Source":"        end else begin","excluded":"1"}
,{"expanded":false,"Exclusion Rule Type":"Analysis Time","UNR":"none","Index":"68","Blk Type":"a case item of","Src Start Line":"632","Score":"0","Enclosing Entity":"uvmt_cv32_tb.dut_wrap.cv32e40p_wrapper_i.core_i.ex_stage_i.alu_i","Source":"      ALU_PCKHI: begin","excluded":"1"}
,{"expanded":false,"Exclusion Rule Type":"Analysis Time","UNR":"none","Index":"69","Blk Type":"true part of","Src Start Line":"635","Score":"0","Enclosing Entity":"uvmt_cv32_tb.dut_wrap.cv32e40p_wrapper_i.core_i.ex_stage_i.alu_i","Source":"        if (vector_mode_i == VEC_MODE8) begin","excluded":"1"}
,{"expanded":false,"Exclusion Rule Type":"Analysis Time","UNR":"none","Index":"70","Blk Type":"false part of","Src Start Line":"638","Score":"0","Enclosing Entity":"uvmt_cv32_tb.dut_wrap.cv32e40p_wrapper_i.core_i.ex_stage_i.alu_i","Source":"        end else begin","excluded":"1"}
,{"expanded":false,"Exclusion Rule Type":"Analysis Time","UNR":"none","Index":"71","Blk Type":"a case item of","Src Start Line":"643","Score":"0","Enclosing Entity":"uvmt_cv32_tb.dut_wrap.cv32e40p_wrapper_i.core_i.ex_stage_i.alu_i","Source":"      ALU_SHUF2: begin","excluded":"1"}
,{"expanded":false,"Exclusion Rule Type":"Analysis Time","UNR":"none","Index":"72","Blk Type":"a case item of","Src Start Line":"645","Score":"0","Enclosing Entity":"uvmt_cv32_tb.dut_wrap.cv32e40p_wrapper_i.core_i.ex_stage_i.alu_i","Source":"          VEC_MODE8: begin","excluded":"1"}
,{"expanded":false,"Exclusion Rule Type":"Analysis Time","UNR":"none","Index":"73","Blk Type":"a case item of","Src Start Line":"652","Score":"0","Enclosing Entity":"uvmt_cv32_tb.dut_wrap.cv32e40p_wrapper_i.core_i.ex_stage_i.alu_i","Source":"          VEC_MODE16: begin","excluded":"1"}
,{"expanded":false,"Exclusion Rule Type":"Analysis Time","UNR":"none","Index":"74","Blk Type":"a case item of","Src Start Line":"658","Score":"0","Enclosing Entity":"uvmt_cv32_tb.dut_wrap.cv32e40p_wrapper_i.core_i.ex_stage_i.alu_i","Source":"          default:;","excluded":"1"}
,{"expanded":false,"Exclusion Rule Type":"Analysis Time","UNR":"none","Index":"75","Blk Type":"a case item of","Src Start Line":"662","Score":"0","Enclosing Entity":"uvmt_cv32_tb.dut_wrap.cv32e40p_wrapper_i.core_i.ex_stage_i.alu_i","Source":"      ALU_INS: begin","excluded":"1"}
,{"expanded":false,"Exclusion Rule Type":"Analysis Time","UNR":"none","Index":"76","Blk Type":"a case item of","Src Start Line":"664","Score":"0","Enclosing Entity":"uvmt_cv32_tb.dut_wrap.cv32e40p_wrapper_i.core_i.ex_stage_i.alu_i","Source":"          VEC_MODE8: begin","excluded":"1"}
,{"expanded":false,"Exclusion Rule Type":"Analysis Time","UNR":"none","Index":"77","Blk Type":"a case item of","Src Start Line":"667","Score":"0","Enclosing Entity":"uvmt_cv32_tb.dut_wrap.cv32e40p_wrapper_i.core_i.ex_stage_i.alu_i","Source":"              2'b00: begin","excluded":"1"}
,{"expanded":false,"Exclusion Rule Type":"Analysis Time","UNR":"none","Index":"78","Blk Type":"a case item of","Src Start Line":"670","Score":"0","Enclosing Entity":"uvmt_cv32_tb.dut_wrap.cv32e40p_wrapper_i.core_i.ex_stage_i.alu_i","Source":"              2'b01: begin","excluded":"1"}
,{"expanded":false,"Exclusion Rule Type":"Analysis Time","UNR":"none","Index":"79","Blk Type":"a case item of","Src Start Line":"673","Score":"0","Enclosing Entity":"uvmt_cv32_tb.dut_wrap.cv32e40p_wrapper_i.core_i.ex_stage_i.alu_i","Source":"              2'b10: begin","excluded":"1"}
,{"expanded":false,"Exclusion Rule Type":"Analysis Time","UNR":"none","Index":"80","Blk Type":"a case item of","Src Start Line":"676","Score":"0","Enclosing Entity":"uvmt_cv32_tb.dut_wrap.cv32e40p_wrapper_i.core_i.ex_stage_i.alu_i","Source":"              2'b11: begin","excluded":"1"}
,{"expanded":false,"Exclusion Rule Type":"Analysis Time","UNR":"none","Index":"81","Blk Type":"a case item of","Src Start Line":"681","Score":"0","Enclosing Entity":"uvmt_cv32_tb.dut_wrap.cv32e40p_wrapper_i.core_i.ex_stage_i.alu_i","Source":"          VEC_MODE16: begin","excluded":"1"}
,{"expanded":false,"Exclusion Rule Type":"Analysis Time","UNR":"none","Index":"82","Blk Type":"a case item of","Src Start Line":"688","Score":"0","Enclosing Entity":"uvmt_cv32_tb.dut_wrap.cv32e40p_wrapper_i.core_i.ex_stage_i.alu_i","Source":"          default:;","excluded":"1"}
,{"expanded":false,"Exclusion Rule Type":"None","UNR":"none","Index":"83","Blk Type":"a case item of","Src Start Line":"692","Score":"1","Enclosing Entity":"uvmt_cv32_tb.dut_wrap.cv32e40p_wrapper_i.core_i.ex_stage_i.alu_i","Source":"      default:;"}
,{"expanded":false,"Exclusion Rule Type":"None","UNR":"none","Index":"84","Blk Type":"code block","Src Start Line":"697","Score":"1","Enclosing Entity":"uvmt_cv32_tb.dut_wrap.cv32e40p_wrapper_i.core_i.ex_stage_i.alu_i","Source":"  begin"}
,{"expanded":false,"Exclusion Rule Type":"Analysis Time","UNR":"none","Index":"85","Blk Type":"a case item of","Src Start Line":"703","Score":"0","Enclosing Entity":"uvmt_cv32_tb.dut_wrap.cv32e40p_wrapper_i.core_i.ex_stage_i.alu_i","Source":"      ALU_EXT: begin","excluded":"1"}
,{"expanded":false,"Exclusion Rule Type":"Analysis Time","UNR":"none","Index":"86","Blk Type":"a case item of","Src Start Line":"705","Score":"0","Enclosing Entity":"uvmt_cv32_tb.dut_wrap.cv32e40p_wrapper_i.core_i.ex_stage_i.alu_i","Source":"          VEC_MODE8: begin","excluded":"1"}
,{"expanded":false,"Exclusion Rule Type":"Analysis Time","UNR":"none","Index":"87","Blk Type":"a case item of","Src Start Line":"712","Score":"0","Enclosing Entity":"uvmt_cv32_tb.dut_wrap.cv32e40p_wrapper_i.core_i.ex_stage_i.alu_i","Source":"          VEC_MODE16: begin","excluded":"1"}
,{"expanded":false,"Exclusion Rule Type":"Analysis Time","UNR":"none","Index":"88","Blk Type":"a case item of","Src Start Line":"719","Score":"0","Enclosing Entity":"uvmt_cv32_tb.dut_wrap.cv32e40p_wrapper_i.core_i.ex_stage_i.alu_i","Source":"          default:;","excluded":"1"}
,{"expanded":false,"Exclusion Rule Type":"Analysis Time","UNR":"none","Index":"89","Blk Type":"a case item of","Src Start Line":"723","Score":"0","Enclosing Entity":"uvmt_cv32_tb.dut_wrap.cv32e40p_wrapper_i.core_i.ex_stage_i.alu_i","Source":"      ALU_PCKLO: begin","excluded":"1"}
,{"expanded":false,"Exclusion Rule Type":"Analysis Time","UNR":"none","Index":"90","Blk Type":"a case item of","Src Start Line":"725","Score":"0","Enclosing Entity":"uvmt_cv32_tb.dut_wrap.cv32e40p_wrapper_i.core_i.ex_stage_i.alu_i","Source":"          VEC_MODE8: begin","excluded":"1"}
,{"expanded":false,"Exclusion Rule Type":"Analysis Time","UNR":"none","Index":"91","Blk Type":"a case item of","Src Start Line":"732","Score":"0","Enclosing Entity":"uvmt_cv32_tb.dut_wrap.cv32e40p_wrapper_i.core_i.ex_stage_i.alu_i","Source":"          VEC_MODE16: begin","excluded":"1"}
,{"expanded":false,"Exclusion Rule Type":"Analysis Time","UNR":"none","Index":"92","Blk Type":"a case item of","Src Start Line":"739","Score":"0","Enclosing Entity":"uvmt_cv32_tb.dut_wrap.cv32e40p_wrapper_i.core_i.ex_stage_i.alu_i","Source":"          default:;","excluded":"1"}
,{"expanded":false,"Exclusion Rule Type":"Analysis Time","UNR":"none","Index":"93","Blk Type":"a case item of","Src Start Line":"743","Score":"0","Enclosing Entity":"uvmt_cv32_tb.dut_wrap.cv32e40p_wrapper_i.core_i.ex_stage_i.alu_i","Source":"      ALU_PCKHI: begin","excluded":"1"}
,{"expanded":false,"Exclusion Rule Type":"Analysis Time","UNR":"none","Index":"94","Blk Type":"a case item of","Src Start Line":"745","Score":"0","Enclosing Entity":"uvmt_cv32_tb.dut_wrap.cv32e40p_wrapper_i.core_i.ex_stage_i.alu_i","Source":"          VEC_MODE8: begin","excluded":"1"}
,{"expanded":false,"Exclusion Rule Type":"Analysis Time","UNR":"none","Index":"95","Blk Type":"a case item of","Src Start Line":"752","Score":"0","Enclosing Entity":"uvmt_cv32_tb.dut_wrap.cv32e40p_wrapper_i.core_i.ex_stage_i.alu_i","Source":"          VEC_MODE16: begin","excluded":"1"}
,{"expanded":false,"Exclusion Rule Type":"Analysis Time","UNR":"none","Index":"96","Blk Type":"a case item of","Src Start Line":"759","Score":"0","Enclosing Entity":"uvmt_cv32_tb.dut_wrap.cv32e40p_wrapper_i.core_i.ex_stage_i.alu_i","Source":"          default:;","excluded":"1"}
,{"expanded":false,"Exclusion Rule Type":"Analysis Time","UNR":"none","Index":"97","Blk Type":"a case item of","Src Start Line":"764","Score":"0","Enclosing Entity":"uvmt_cv32_tb.dut_wrap.cv32e40p_wrapper_i.core_i.ex_stage_i.alu_i","Source":"      ALU_SHUF: begin","excluded":"1"}
,{"expanded":false,"Exclusion Rule Type":"Analysis Time","UNR":"none","Index":"98","Blk Type":"a case item of","Src Start Line":"766","Score":"0","Enclosing Entity":"uvmt_cv32_tb.dut_wrap.cv32e40p_wrapper_i.core_i.ex_stage_i.alu_i","Source":"          VEC_MODE8: begin","excluded":"1"}
,{"expanded":false,"Exclusion Rule Type":"Analysis Time","UNR":"none","Index":"99","Blk Type":"a case item of","Src Start Line":"773","Score":"0","Enclosing Entity":"uvmt_cv32_tb.dut_wrap.cv32e40p_wrapper_i.core_i.ex_stage_i.alu_i","Source":"          VEC_MODE16: begin","excluded":"1"}
,{"expanded":false,"Exclusion Rule Type":"Analysis Time","UNR":"none","Index":"100","Blk Type":"a case item of","Src Start Line":"779","Score":"0","Enclosing Entity":"uvmt_cv32_tb.dut_wrap.cv32e40p_wrapper_i.core_i.ex_stage_i.alu_i","Source":"          default:;","excluded":"1"}
,{"expanded":false,"Exclusion Rule Type":"Analysis Time","UNR":"none","Index":"101","Blk Type":"a case item of","Src Start Line":"783","Score":"0","Enclosing Entity":"uvmt_cv32_tb.dut_wrap.cv32e40p_wrapper_i.core_i.ex_stage_i.alu_i","Source":"      ALU_INS: begin","excluded":"1"}
,{"expanded":false,"Exclusion Rule Type":"None","UNR":"none","Index":"102","Blk Type":"a case item of","Src Start Line":"790","Score":"1","Enclosing Entity":"uvmt_cv32_tb.dut_wrap.cv32e40p_wrapper_i.core_i.ex_stage_i.alu_i","Source":"      default:;"}
,{"expanded":false,"Exclusion Rule Type":"None","UNR":"none","Index":"103","Blk Type":"code block","Src Start Line":"863","Score":"1","Enclosing Entity":"uvmt_cv32_tb.dut_wrap.cv32e40p_wrapper_i.core_i.ex_stage_i.alu_i","Source":"  begin"}
,{"expanded":false,"Exclusion Rule Type":"Analysis Time","UNR":"none","Index":"104","Blk Type":"a case item of","Src Start Line":"867","Score":"0","Enclosing Entity":"uvmt_cv32_tb.dut_wrap.cv32e40p_wrapper_i.core_i.ex_stage_i.alu_i","Source":"      ALU_FF1: ff_input = operand_a_i;","excluded":"1"}
,{"expanded":false,"Exclusion Rule Type":"None","UNR":"none","Index":"105","Blk Type":"a case item of","Src Start Line":"871","Score":"1","Enclosing Entity":"uvmt_cv32_tb.dut_wrap.cv32e40p_wrapper_i.core_i.ex_stage_i.alu_i","Source":"      ALU_FL1: ff_input = operand_a_rev;"}
,{"expanded":false,"Exclusion Rule Type":"None","UNR":"none","Index":"106","Blk Type":"a case item of","Src Start Line":"875","Score":"1","Enclosing Entity":"uvmt_cv32_tb.dut_wrap.cv32e40p_wrapper_i.core_i.ex_stage_i.alu_i","Source":"      ALU_CLB: begin"}
,{"expanded":false,"Exclusion Rule Type":"None","UNR":"none","Index":"107","Blk Type":"true part of","Src Start Line":"877","Score":"1","Enclosing Entity":"uvmt_cv32_tb.dut_wrap.cv32e40p_wrapper_i.core_i.ex_stage_i.alu_i","Source":"          ff_input = operand_a_neg_rev;"}
,{"expanded":false,"Exclusion Rule Type":"None","UNR":"none","Index":"108","Blk Type":"false part of","Src Start Line":"879","Score":"1","Enclosing Entity":"uvmt_cv32_tb.dut_wrap.cv32e40p_wrapper_i.core_i.ex_stage_i.alu_i","Source":"          ff_input = operand_a_rev;"}
,{"expanded":false,"Exclusion Rule Type":"None","UNR":"none","Index":"109","Blk Type":"implicit default","Src Start Line":"866","Score":"1","Enclosing Entity":"uvmt_cv32_tb.dut_wrap.cv32e40p_wrapper_i.core_i.ex_stage_i.alu_i","Source":"    case (operator_i)"}
,{"expanded":false,"Exclusion Rule Type":"None","UNR":"none","Index":"110","Blk Type":"code block","Src Start Line":"897","Score":"1","Enclosing Entity":"uvmt_cv32_tb.dut_wrap.cv32e40p_wrapper_i.core_i.ex_stage_i.alu_i","Source":"  begin"}
,{"expanded":false,"Exclusion Rule Type":"Analysis Time","UNR":"none","Index":"111","Blk Type":"a case item of","Src Start Line":"900","Score":"0","Enclosing Entity":"uvmt_cv32_tb.dut_wrap.cv32e40p_wrapper_i.core_i.ex_stage_i.alu_i","Source":"      ALU_FF1: bitop_result = ff_no_one ? 6'd32 : {1'b0, ff1_result};","excluded":"1"}
,{"expanded":false,"Exclusion Rule Type":"Analysis Time","UNR":"none","Index":"112","Blk Type":"a case item of","Src Start Line":"901","Score":"0","Enclosing Entity":"uvmt_cv32_tb.dut_wrap.cv32e40p_wrapper_i.core_i.ex_stage_i.alu_i","Source":"      ALU_FL1: bitop_result = ff_no_one ? 6'd32 : {1'b0, fl1_result};","excluded":"1"}
,{"expanded":false,"Exclusion Rule Type":"Analysis Time","UNR":"none","Index":"113","Blk Type":"a case item of","Src Start Line":"902","Score":"0","Enclosing Entity":"uvmt_cv32_tb.dut_wrap.cv32e40p_wrapper_i.core_i.ex_stage_i.alu_i","Source":"      ALU_CNT: bitop_result = cnt_result;","excluded":"1"}
,{"expanded":false,"Exclusion Rule Type":"Analysis Time","UNR":"none","Index":"114","Blk Type":"a case item of","Src Start Line":"903","Score":"0","Enclosing Entity":"uvmt_cv32_tb.dut_wrap.cv32e40p_wrapper_i.core_i.ex_stage_i.alu_i","Source":"      ALU_CLB: begin","excluded":"1"}
,{"expanded":false,"Exclusion Rule Type":"Analysis Time","UNR":"none","Index":"115","Blk Type":"true part of","Src Start Line":"904","Score":"0","Enclosing Entity":"uvmt_cv32_tb.dut_wrap.cv32e40p_wrapper_i.core_i.ex_stage_i.alu_i","Source":"        if (ff_no_one) begin","excluded":"1"}
,{"expanded":false,"Exclusion Rule Type":"Analysis Time","UNR":"none","Index":"116","Blk Type":"true part of","Src Start Line":"906","Score":"0","Enclosing Entity":"uvmt_cv32_tb.dut_wrap.cv32e40p_wrapper_i.core_i.ex_stage_i.alu_i","Source":"            bitop_result = 6'd31;","excluded":"1"}
,{"expanded":false,"Exclusion Rule Type":"Analysis Time","UNR":"none","Index":"117","Blk Type":"false part of","Src Start Line":"908","Score":"0","Enclosing Entity":"uvmt_cv32_tb.dut_wrap.cv32e40p_wrapper_i.core_i.ex_stage_i.alu_i","Source":"            bitop_result = '0;","excluded":"1"}
,{"expanded":false,"Exclusion Rule Type":"Analysis Time","UNR":"none","Index":"118","Blk Type":"false part of","Src Start Line":"909","Score":"0","Enclosing Entity":"uvmt_cv32_tb.dut_wrap.cv32e40p_wrapper_i.core_i.ex_stage_i.alu_i","Source":"        end else begin","excluded":"1"}
,{"expanded":false,"Exclusion Rule Type":"None","UNR":"none","Index":"119","Blk Type":"a case item of","Src Start Line":"913","Score":"1","Enclosing Entity":"uvmt_cv32_tb.dut_wrap.cv32e40p_wrapper_i.core_i.ex_stage_i.alu_i","Source":"      default:;"}
,{"expanded":false,"Exclusion Rule Type":"None","UNR":"none","Index":"120","Blk Type":"code block","Src Start Line":"988","Score":"1","Enclosing Entity":"uvmt_cv32_tb.dut_wrap.cv32e40p_wrapper_i.core_i.ex_stage_i.alu_i","Source":"  begin"}
,{"expanded":false,"Exclusion Rule Type":"None","UNR":"none","Index":"121","Blk Type":"a case item of","Src Start Line":"992","Score":"1","Enclosing Entity":"uvmt_cv32_tb.dut_wrap.cv32e40p_wrapper_i.core_i.ex_stage_i.alu_i","Source":"      2'b00: reverse_result = radix_2_rev;"}
,{"expanded":false,"Exclusion Rule Type":"Analysis Time","UNR":"none","Index":"122","Blk Type":"a case item of","Src Start Line":"993","Score":"0","Enclosing Entity":"uvmt_cv32_tb.dut_wrap.cv32e40p_wrapper_i.core_i.ex_stage_i.alu_i","Source":"      2'b01: reverse_result = radix_4_rev;","excluded":"1"}
,{"expanded":false,"Exclusion Rule Type":"Analysis Time","UNR":"none","Index":"123","Blk Type":"a case item of","Src Start Line":"994","Score":"0","Enclosing Entity":"uvmt_cv32_tb.dut_wrap.cv32e40p_wrapper_i.core_i.ex_stage_i.alu_i","Source":"      2'b10: reverse_result = radix_8_rev;","excluded":"1"}
,{"expanded":false,"Exclusion Rule Type":"None","UNR":"none","Index":"124","Blk Type":"a case item of","Src Start Line":"996","Score":"1","Enclosing Entity":"uvmt_cv32_tb.dut_wrap.cv32e40p_wrapper_i.core_i.ex_stage_i.alu_i","Source":"      default: reverse_result = radix_2_rev;"}
,{"expanded":false,"Exclusion Rule Type":"None","UNR":"none","Index":"125","Blk Type":"code block","Src Start Line":"1069","Score":"1","Enclosing Entity":"uvmt_cv32_tb.dut_wrap.cv32e40p_wrapper_i.core_i.ex_stage_i.alu_i","Source":"  begin"}
,{"expanded":false,"Exclusion Rule Type":"None","UNR":"none","Index":"126","Blk Type":"a case item of","Src Start Line":"1074","Score":"1","Enclosing Entity":"uvmt_cv32_tb.dut_wrap.cv32e40p_wrapper_i.core_i.ex_stage_i.alu_i","Source":"      ALU_AND:  result_o = operand_a_i & operand_b_i;"}
,{"expanded":false,"Exclusion Rule Type":"None","UNR":"none","Index":"127","Blk Type":"a case item of","Src Start Line":"1075","Score":"1","Enclosing Entity":"uvmt_cv32_tb.dut_wrap.cv32e40p_wrapper_i.core_i.ex_stage_i.alu_i","Source":"      ALU_OR:   result_o = operand_a_i | operand_b_i;"}
,{"expanded":false,"Exclusion Rule Type":"None","UNR":"none","Index":"128","Blk Type":"a case item of","Src Start Line":"1076","Score":"1","Enclosing Entity":"uvmt_cv32_tb.dut_wrap.cv32e40p_wrapper_i.core_i.ex_stage_i.alu_i","Source":"      ALU_XOR:  result_o = operand_a_i ^ operand_b_i;"}
,{"expanded":false,"Exclusion Rule Type":"None","UNR":"none","Index":"129","Blk Type":"a case item of","Src Start Line":"1083","Score":"1","Enclosing Entity":"uvmt_cv32_tb.dut_wrap.cv32e40p_wrapper_i.core_i.ex_stage_i.alu_i","Source":"      ALU_ROR:  result_o = shift_result;"}
,{"expanded":false,"Exclusion Rule Type":"Analysis Time","UNR":"none","Index":"130","Blk Type":"a case item of","Src Start Line":"1088","Score":"0","Enclosing Entity":"uvmt_cv32_tb.dut_wrap.cv32e40p_wrapper_i.core_i.ex_stage_i.alu_i","Source":"      ALU_BEXTU: result_o = bextins_result;","excluded":"1"}
,{"expanded":false,"Exclusion Rule Type":"Analysis Time","UNR":"none","Index":"131","Blk Type":"a case item of","Src Start Line":"1090","Score":"0","Enclosing Entity":"uvmt_cv32_tb.dut_wrap.cv32e40p_wrapper_i.core_i.ex_stage_i.alu_i","Source":"      ALU_BCLR:  result_o = bclr_result;","excluded":"1"}
,{"expanded":false,"Exclusion Rule Type":"Analysis Time","UNR":"none","Index":"132","Blk Type":"a case item of","Src Start Line":"1091","Score":"0","Enclosing Entity":"uvmt_cv32_tb.dut_wrap.cv32e40p_wrapper_i.core_i.ex_stage_i.alu_i","Source":"      ALU_BSET:  result_o = bset_result;","excluded":"1"}
,{"expanded":false,"Exclusion Rule Type":"Analysis Time","UNR":"none","Index":"133","Blk Type":"a case item of","Src Start Line":"1094","Score":"0","Enclosing Entity":"uvmt_cv32_tb.dut_wrap.cv32e40p_wrapper_i.core_i.ex_stage_i.alu_i","Source":"      ALU_BREV:  result_o = reverse_result;","excluded":"1"}
,{"expanded":false,"Exclusion Rule Type":"Analysis Time","UNR":"none","Index":"134","Blk Type":"a case item of","Src Start Line":"1100","Score":"0","Enclosing Entity":"uvmt_cv32_tb.dut_wrap.cv32e40p_wrapper_i.core_i.ex_stage_i.alu_i","Source":"      ALU_INS: result_o = pack_result;","excluded":"1"}
,{"expanded":false,"Exclusion Rule Type":"Analysis Time","UNR":"none","Index":"135","Blk Type":"a case item of","Src Start Line":"1106","Score":"0","Enclosing Entity":"uvmt_cv32_tb.dut_wrap.cv32e40p_wrapper_i.core_i.ex_stage_i.alu_i","Source":"      ALU_FMAX: result_o = minmax_is_fp_special ? fp_canonical_nan : result_minmax;","excluded":"1"}
,{"expanded":false,"Exclusion Rule Type":"Analysis Time","UNR":"none","Index":"136","Blk Type":"a case item of","Src Start Line":"1109","Score":"0","Enclosing Entity":"uvmt_cv32_tb.dut_wrap.cv32e40p_wrapper_i.core_i.ex_stage_i.alu_i","Source":"      ALU_ABS:  result_o = is_clpx_i ? {adder_result[31:16], operand_a_i[15:0]} : result_minmax;","excluded":"1"}
,{"expanded":false,"Exclusion Rule Type":"Analysis Time","UNR":"none","Index":"137","Blk Type":"a case item of","Src Start Line":"1111","Score":"0","Enclosing Entity":"uvmt_cv32_tb.dut_wrap.cv32e40p_wrapper_i.core_i.ex_stage_i.alu_i","Source":"      ALU_CLIP, ALU_CLIPU: result_o = clip_result;","excluded":"1"}
,{"expanded":false,"Exclusion Rule Type":"None","UNR":"none","Index":"138","Blk Type":"a case item of","Src Start Line":"1118","Score":"1","Enclosing Entity":"uvmt_cv32_tb.dut_wrap.cv32e40p_wrapper_i.core_i.ex_stage_i.alu_i","Source":"      ALU_LTS,   ALU_LES: begin"}
,{"expanded":false,"Exclusion Rule Type":"None","UNR":"none","Index":"139","Blk Type":"a case item of","Src Start Line":"1128","Score":"1","Enclosing Entity":"uvmt_cv32_tb.dut_wrap.cv32e40p_wrapper_i.core_i.ex_stage_i.alu_i","Source":"      ALU_SLETS, ALU_SLETU: result_o = {31'b0, comparison_result_o};"}
,{"expanded":false,"Exclusion Rule Type":"Analysis Time","UNR":"none","Index":"140","Blk Type":"a case item of","Src Start Line":"1130","Score":"0","Enclosing Entity":"uvmt_cv32_tb.dut_wrap.cv32e40p_wrapper_i.core_i.ex_stage_i.alu_i","Source":"      ALU_FF1, ALU_FL1, ALU_CLB, ALU_CNT: result_o = {26'h0, bitop_result[5:0]};","excluded":"1"}
,{"expanded":false,"Exclusion Rule Type":"None","UNR":"none","Index":"141","Blk Type":"a case item of","Src Start Line":"1134","Score":"1","Enclosing Entity":"uvmt_cv32_tb.dut_wrap.cv32e40p_wrapper_i.core_i.ex_stage_i.alu_i","Source":"      ALU_REM, ALU_REMU: result_o = result_div;"}
,{"expanded":false,"Exclusion Rule Type":"Analysis Time","UNR":"none","Index":"142","Blk Type":"a case item of","Src Start Line":"1137","Score":"0","Enclosing Entity":"uvmt_cv32_tb.dut_wrap.cv32e40p_wrapper_i.core_i.ex_stage_i.alu_i","Source":"      ALU_FCLASS: result_o = fclass_result;","excluded":"1"}
,{"expanded":false,"Exclusion Rule Type":"Analysis Time","UNR":"none","Index":"143","Blk Type":"a case item of","Src Start Line":"1141","Score":"0","Enclosing Entity":"uvmt_cv32_tb.dut_wrap.cv32e40p_wrapper_i.core_i.ex_stage_i.alu_i","Source":"      ALU_FSGNJX, ALU_FKEEP: result_o = f_sign_inject_result;","excluded":"1"}
,{"expanded":false,"Exclusion Rule Type":"None","UNR":"none","Index":"144","Blk Type":"a case item of","Src Start Line":"1143","Score":"1","Enclosing Entity":"uvmt_cv32_tb.dut_wrap.cv32e40p_wrapper_i.core_i.ex_stage_i.alu_i","Source":"      default: ; // default case to suppress unique warning"}
]
,"expression_items":[{"expanded":false,"expanded":false,"Exclusion Rule Type":"None","UNR":"none","Index":"1","All Average Grd":"100%","All Cov":"2 / 2 (100%)","Src Start Line":"137","Enclosing Entity":"uvmt_cv32_tb.dut_wrap.cv32e40p_wrapper_i.core_i.ex_stage_i.alu_i","Source":"    if (adder_op_b_negate || (operator_i == ALU_ABS || operator_i == ALU_CLIP)) begin"
,"subitems":[{"expanded":false,"expanded":false,"Exclusion Rule Type":"None","UNR":"none","Index":"1","All Average Grd":"100%","All Cov":"2 / 2 (100%)","Source":"    if (adder_op_b_negate || (operator_i == ALU_ABS || operator_i == ALU_CLIP)) begin","table_type":"cov"
,"subitems":[{"title":"1;-;-","expanded":false,"Exclusion Rule Type":"None","UNR":"none","Score":"1","Out":"n/a"}
,{"title":"-;1;-","expanded":false,"Exclusion Rule Type":"Analysis Time","UNR":"none","Score":"0","Out":"n/a","excluded":"1"}
,{"title":"-;-;1","expanded":false,"Exclusion Rule Type":"Analysis Time","UNR":"none","Score":"0","Out":"n/a","excluded":"1"}
,{"title":"0;0;0","expanded":false,"Exclusion Rule Type":"None","UNR":"none","Score":"1","Out":"n/a"}
],"cov_table_title":"Coverage Table","header":"adder_op_b_negate || ((operator_i == ALU_ABS) || (operator_i == ALU_CLIP))","columns":"adder_op_b_negate;(operator_i == ALU_ABS);(operator_i == ALU_CLIP)"}
]}
,{"expanded":false,"expanded":false,"Exclusion Rule Type":"None","UNR":"none","Index":"2","All Average Grd":"100%","All Cov":"1 / 1 (100%)","Src Start Line":"182","Enclosing Entity":"uvmt_cv32_tb.dut_wrap.cv32e40p_wrapper_i.core_i.ex_stage_i.alu_i","Source":"                               (operator_i == ALU_ADDUR) || (operator_i == ALU_SUBUR)) ?"
,"subitems":[{"expanded":false,"expanded":false,"Exclusion Rule Type":"None","UNR":"none","Index":"1","All Average Grd":"100%","All Cov":"1 / 1 (100%)","Source":"                               (operator_i == ALU_ADDUR) || (operator_i == ALU_SUBUR)) ?","table_type":"cov"
,"subitems":[{"title":"1;-;-;-","expanded":false,"Exclusion Rule Type":"Analysis Time","UNR":"none","Score":"0","Out":"n/a","excluded":"1"}
,{"title":"-;1;-;-","expanded":false,"Exclusion Rule Type":"Analysis Time","UNR":"none","Score":"0","Out":"n/a","excluded":"1"}
,{"title":"-;-;1;-","expanded":false,"Exclusion Rule Type":"Analysis Time","UNR":"none","Score":"0","Out":"n/a","excluded":"1"}
,{"title":"-;-;-;1","expanded":false,"Exclusion Rule Type":"Analysis Time","UNR":"none","Score":"0","Out":"n/a","excluded":"1"}
,{"title":"0;0;0;0","expanded":false,"Exclusion Rule Type":"None","UNR":"none","Score":"1","Out":"n/a"}
],"cov_table_title":"Coverage Table","header":"((((operator_i == ALU_ADDR) || (operator_i == ALU_SUBR)) || (operator_i == ALU_ADDUR)) || (operator_i == ALU_SUBUR))","columns":"(operator_i == ALU_ADDR);(operator_i == ALU_SUBR);(operator_i == ALU_ADDUR);(operator_i == ALU_SUBUR)"}
]}
,{"expanded":false,"expanded":false,"Exclusion Rule Type":"None","UNR":"none","Index":"3","All Average Grd":"100%","All Cov":"1 / 1 (100%)","Src Start Line":"460","Enclosing Entity":"uvmt_cv32_tb.dut_wrap.cv32e40p_wrapper_i.core_i.ex_stage_i.alu_i","Source":"  assign sel_minmax[3:0]      = ((operator_i == ALU_FMIN || operator_i == ALU_FMAX) ? f_is_greater : is_greater) ^ {4{do_min}};"
,"subitems":[{"expanded":false,"expanded":false,"Exclusion Rule Type":"None","UNR":"none","Index":"1","All Average Grd":"100%","All Cov":"1 / 1 (100%)","Source":"  assign sel_minmax[3:0]      = ((operator_i == ALU_FMIN || operator_i == ALU_FMAX) ? f_is_greater : is_greater) ^ {4{do_min}};","table_type":"cov"
,"subitems":[{"title":"1;-","expanded":false,"Exclusion Rule Type":"Analysis Time","UNR":"none","Score":"0","Out":"n/a","excluded":"1"}
,{"title":"-;1","expanded":false,"Exclusion Rule Type":"Analysis Time","UNR":"none","Score":"0","Out":"n/a","excluded":"1"}
,{"title":"0;0","expanded":false,"Exclusion Rule Type":"None","UNR":"none","Score":"1","Out":"n/a"}
],"cov_table_title":"Coverage Table","header":"((operator_i == ALU_FMIN) || (operator_i == ALU_FMAX))","columns":"(operator_i == ALU_FMIN);(operator_i == ALU_FMAX)"}
]}
,{"expanded":false,"expanded":false,"Exclusion Rule Type":"Analysis Time","UNR":"none","Index":"4","All Average Grd":"n/a","All Cov":"0 / 0 (n/a)","Src Start Line":"563","Enclosing Entity":"uvmt_cv32_tb.dut_wrap.cv32e40p_wrapper_i.core_i.ex_stage_i.alu_i","Source":"      if(operand_a_i[31] || is_equal_clip) begin","excluded":"1"
,"subitems":[{"expanded":false,"expanded":false,"Exclusion Rule Type":"None","UNR":"none","Index":"1","All Average Grd":"n/a","All Cov":"0 / 0 (n/a)","Source":"      if(operand_a_i[31] || is_equal_clip) begin","excluded":"1","table_type":"cov"
,"subitems":[{"title":"1;-","expanded":false,"Exclusion Rule Type":"None","UNR":"none","Score":"0","Out":"n/a","excluded":"1"}
,{"title":"-;1","expanded":false,"Exclusion Rule Type":"None","UNR":"none","Score":"0","Out":"n/a","excluded":"1"}
,{"title":"0;0","expanded":false,"Exclusion Rule Type":"None","UNR":"none","Score":"0","Out":"n/a","excluded":"1"}
],"cov_table_title":"Coverage Table","header":"operand_a_i[31] || is_equal_clip","columns":"operand_a_i[31];is_equal_clip"}
]}
,{"expanded":false,"expanded":false,"Exclusion Rule Type":"None","UNR":"none","Index":"5","All Average Grd":"100%","All Cov":"3 / 3 (100%)","Src Start Line":"570","Enclosing Entity":"uvmt_cv32_tb.dut_wrap.cv32e40p_wrapper_i.core_i.ex_stage_i.alu_i","Source":"      if(adder_result_expanded[36] || is_equal_clip) begin"
,"subitems":[{"expanded":false,"expanded":false,"Exclusion Rule Type":"None","UNR":"none","Index":"1","All Average Grd":"100%","All Cov":"3 / 3 (100%)","Source":"      if(adder_result_expanded[36] || is_equal_clip) begin","table_type":"cov"
,"subitems":[{"title":"1;-","expanded":false,"Exclusion Rule Type":"None","UNR":"none","Score":"1","Out":"n/a"}
,{"title":"-;1","expanded":false,"Exclusion Rule Type":"None","UNR":"none","Score":"1","Out":"n/a"}
,{"title":"0;0","expanded":false,"Exclusion Rule Type":"None","UNR":"none","Score":"1","Out":"n/a"}
],"cov_table_title":"Coverage Table","header":"adder_result_expanded[36] || is_equal_clip","columns":"adder_result_expanded[36];is_equal_clip"}
]}
]}
