{"cover_group_items"
:[{"expanded":false,"Exclusion Rule Type":"None","UNR":"none","title":"cg_irq_entry","All Average Grd":"84.78%","All Cov":"78 / 92 (84.78%)","Enclosing Entity":"uvm_pkg.uvm_test_top.env.cov_model.interrupt_covg","Source":"    covergroup cg_irq_entry with function sample(ins_t ins);"
,"subitems":[{"expanded":false,"Exclusion Rule Type":"None","UNR":"none","title":"cp_irq","At Least":"1","All Average Grd":"84.78%","All Cov":"78 / 92 (84.78%)","Source":"        cp_irq : coverpoint ins.asm;"
,"subitems":[{"expanded":false,"Exclusion Rule Type":"None","UNR":"none","title":"auto[ADD]","All Average Grd":"100%","All Cov":"1 / 1 (100%)","Score":"321","At Least":"1","Source":"        cp_irq : coverpoint ins.asm;"}
,{"expanded":false,"Exclusion Rule Type":"None","UNR":"none","title":"auto[ADDI]","All Average Grd":"100%","All Cov":"1 / 1 (100%)","Score":"6865","At Least":"1","Source":"        cp_irq : coverpoint ins.asm;"}
,{"expanded":false,"Exclusion Rule Type":"None","UNR":"none","title":"auto[AND]","All Average Grd":"100%","All Cov":"1 / 1 (100%)","Score":"356","At Least":"1","Source":"        cp_irq : coverpoint ins.asm;"}
,{"expanded":false,"Exclusion Rule Type":"None","UNR":"none","title":"auto[ANDI]","All Average Grd":"100%","All Cov":"1 / 1 (100%)","Score":"334","At Least":"1","Source":"        cp_irq : coverpoint ins.asm;"}
,{"expanded":false,"Exclusion Rule Type":"None","UNR":"none","title":"auto[AUIPC]","All Average Grd":"100%","All Cov":"1 / 1 (100%)","Score":"435","At Least":"1","Source":"        cp_irq : coverpoint ins.asm;"}
,{"expanded":false,"Exclusion Rule Type":"None","UNR":"none","title":"auto[BEQ]","All Average Grd":"100%","All Cov":"1 / 1 (100%)","Score":"285","At Least":"1","Source":"        cp_irq : coverpoint ins.asm;"}
,{"expanded":false,"Exclusion Rule Type":"None","UNR":"none","title":"auto[BGE]","All Average Grd":"100%","All Cov":"1 / 1 (100%)","Score":"568","At Least":"1","Source":"        cp_irq : coverpoint ins.asm;"}
,{"expanded":false,"Exclusion Rule Type":"None","UNR":"none","title":"auto[BGEU]","All Average Grd":"100%","All Cov":"1 / 1 (100%)","Score":"513","At Least":"1","Source":"        cp_irq : coverpoint ins.asm;"}
,{"expanded":false,"Exclusion Rule Type":"None","UNR":"none","title":"auto[BLTU]","All Average Grd":"100%","All Cov":"1 / 1 (100%)","Score":"484","At Least":"1","Source":"        cp_irq : coverpoint ins.asm;"}
,{"expanded":false,"Exclusion Rule Type":"None","UNR":"none","title":"auto[BNE]","All Average Grd":"100%","All Cov":"1 / 1 (100%)","Score":"708","At Least":"1","Source":"        cp_irq : coverpoint ins.asm;"}
,{"expanded":false,"Exclusion Rule Type":"None","UNR":"none","title":"auto[BLT]","All Average Grd":"100%","All Cov":"1 / 1 (100%)","Score":"491","At Least":"1","Source":"        cp_irq : coverpoint ins.asm;"}
,{"expanded":false,"Exclusion Rule Type":"None","UNR":"none","title":"auto[FENCE]","All Average Grd":"100%","All Cov":"1 / 1 (100%)","Score":"1048","At Least":"1","Source":"        cp_irq : coverpoint ins.asm;"}
,{"expanded":false,"Exclusion Rule Type":"None","UNR":"none","title":"auto[FENCE_I]","All Average Grd":"100%","All Cov":"1 / 1 (100%)","Score":"1019","At Least":"1","Source":"        cp_irq : coverpoint ins.asm;"}
,{"expanded":false,"Exclusion Rule Type":"None","UNR":"none","title":"auto[EBREAK]","All Average Grd":"0%","All Cov":"0 / 1 (0%)","Score":"0","At Least":"1","Source":"        cp_irq : coverpoint ins.asm;"}
,{"expanded":false,"Exclusion Rule Type":"None","UNR":"none","title":"auto[ECALL]","All Average Grd":"0%","All Cov":"0 / 1 (0%)","Score":"0","At Least":"1","Source":"        cp_irq : coverpoint ins.asm;"}
,{"expanded":false,"Exclusion Rule Type":"None","UNR":"none","title":"auto[JAL]","All Average Grd":"100%","All Cov":"1 / 1 (100%)","Score":"4","At Least":"1","Source":"        cp_irq : coverpoint ins.asm;"}
,{"expanded":false,"Exclusion Rule Type":"None","UNR":"none","title":"auto[JALR]","All Average Grd":"0%","All Cov":"0 / 1 (0%)","Score":"0","At Least":"1","Source":"        cp_irq : coverpoint ins.asm;"}
,{"expanded":false,"Exclusion Rule Type":"None","UNR":"none","title":"auto[LB]","All Average Grd":"100%","All Cov":"1 / 1 (100%)","Score":"994","At Least":"1","Source":"        cp_irq : coverpoint ins.asm;"}
,{"expanded":false,"Exclusion Rule Type":"None","UNR":"none","title":"auto[LBU]","All Average Grd":"100%","All Cov":"1 / 1 (100%)","Score":"958","At Least":"1","Source":"        cp_irq : coverpoint ins.asm;"}
,{"expanded":false,"Exclusion Rule Type":"None","UNR":"none","title":"auto[LH]","All Average Grd":"100%","All Cov":"1 / 1 (100%)","Score":"323","At Least":"1","Source":"        cp_irq : coverpoint ins.asm;"}
,{"expanded":false,"Exclusion Rule Type":"None","UNR":"none","title":"auto[LHU]","All Average Grd":"100%","All Cov":"1 / 1 (100%)","Score":"270","At Least":"1","Source":"        cp_irq : coverpoint ins.asm;"}
,{"expanded":false,"Exclusion Rule Type":"None","UNR":"none","title":"auto[LUI]","All Average Grd":"100%","All Cov":"1 / 1 (100%)","Score":"371","At Least":"1","Source":"        cp_irq : coverpoint ins.asm;"}
,{"expanded":false,"Exclusion Rule Type":"None","UNR":"none","title":"auto[LW]","All Average Grd":"100%","All Cov":"1 / 1 (100%)","Score":"123","At Least":"1","Source":"        cp_irq : coverpoint ins.asm;"}
,{"expanded":false,"Exclusion Rule Type":"None","UNR":"none","title":"auto[NOP]","All Average Grd":"0%","All Cov":"0 / 1 (0%)","Score":"0","At Least":"1","Source":"        cp_irq : coverpoint ins.asm;"}
,{"expanded":false,"Exclusion Rule Type":"None","UNR":"none","title":"auto[OR]","All Average Grd":"100%","All Cov":"1 / 1 (100%)","Score":"366","At Least":"1","Source":"        cp_irq : coverpoint ins.asm;"}
,{"expanded":false,"Exclusion Rule Type":"None","UNR":"none","title":"auto[ORI]","All Average Grd":"100%","All Cov":"1 / 1 (100%)","Score":"305","At Least":"1","Source":"        cp_irq : coverpoint ins.asm;"}
,{"expanded":false,"Exclusion Rule Type":"None","UNR":"none","title":"auto[SB]","All Average Grd":"0%","All Cov":"0 / 1 (0%)","Score":"0","At Least":"1","Source":"        cp_irq : coverpoint ins.asm;"}
,{"expanded":false,"Exclusion Rule Type":"None","UNR":"none","title":"auto[SH]","All Average Grd":"100%","All Cov":"1 / 1 (100%)","Score":"1329","At Least":"1","Source":"        cp_irq : coverpoint ins.asm;"}
,{"expanded":false,"Exclusion Rule Type":"None","UNR":"none","title":"auto[SLL]","All Average Grd":"100%","All Cov":"1 / 1 (100%)","Score":"340","At Least":"1","Source":"        cp_irq : coverpoint ins.asm;"}
,{"expanded":false,"Exclusion Rule Type":"None","UNR":"none","title":"auto[SLLI]","All Average Grd":"100%","All Cov":"1 / 1 (100%)","Score":"301","At Least":"1","Source":"        cp_irq : coverpoint ins.asm;"}
,{"expanded":false,"Exclusion Rule Type":"None","UNR":"none","title":"auto[SLT]","All Average Grd":"100%","All Cov":"1 / 1 (100%)","Score":"318","At Least":"1","Source":"        cp_irq : coverpoint ins.asm;"}
,{"expanded":false,"Exclusion Rule Type":"None","UNR":"none","title":"auto[SLTI]","All Average Grd":"100%","All Cov":"1 / 1 (100%)","Score":"341","At Least":"1","Source":"        cp_irq : coverpoint ins.asm;"}
,{"expanded":false,"Exclusion Rule Type":"None","UNR":"none","title":"auto[SLTIU]","All Average Grd":"100%","All Cov":"1 / 1 (100%)","Score":"336","At Least":"1","Source":"        cp_irq : coverpoint ins.asm;"}
,{"expanded":false,"Exclusion Rule Type":"None","UNR":"none","title":"auto[SLTU]","All Average Grd":"100%","All Cov":"1 / 1 (100%)","Score":"304","At Least":"1","Source":"        cp_irq : coverpoint ins.asm;"}
,{"expanded":false,"Exclusion Rule Type":"None","UNR":"none","title":"auto[SRA]","All Average Grd":"100%","All Cov":"1 / 1 (100%)","Score":"348","At Least":"1","Source":"        cp_irq : coverpoint ins.asm;"}
,{"expanded":false,"Exclusion Rule Type":"None","UNR":"none","title":"auto[SRAI]","All Average Grd":"100%","All Cov":"1 / 1 (100%)","Score":"302","At Least":"1","Source":"        cp_irq : coverpoint ins.asm;"}
,{"expanded":false,"Exclusion Rule Type":"None","UNR":"none","title":"auto[SRL]","All Average Grd":"100%","All Cov":"1 / 1 (100%)","Score":"314","At Least":"1","Source":"        cp_irq : coverpoint ins.asm;"}
,{"expanded":false,"Exclusion Rule Type":"None","UNR":"none","title":"auto[SRLI]","All Average Grd":"100%","All Cov":"1 / 1 (100%)","Score":"308","At Least":"1","Source":"        cp_irq : coverpoint ins.asm;"}
,{"expanded":false,"Exclusion Rule Type":"None","UNR":"none","title":"auto[SUB]","All Average Grd":"100%","All Cov":"1 / 1 (100%)","Score":"348","At Least":"1","Source":"        cp_irq : coverpoint ins.asm;"}
,{"expanded":false,"Exclusion Rule Type":"None","UNR":"none","title":"auto[SW]","All Average Grd":"100%","All Cov":"1 / 1 (100%)","Score":"115","At Least":"1","Source":"        cp_irq : coverpoint ins.asm;"}
,{"expanded":false,"Exclusion Rule Type":"None","UNR":"none","title":"auto[XOR]","All Average Grd":"100%","All Cov":"1 / 1 (100%)","Score":"333","At Least":"1","Source":"        cp_irq : coverpoint ins.asm;"}
,{"expanded":false,"Exclusion Rule Type":"None","UNR":"none","title":"auto[XORI]","All Average Grd":"100%","All Cov":"1 / 1 (100%)","Score":"326","At Least":"1","Source":"        cp_irq : coverpoint ins.asm;"}
,{"expanded":false,"Exclusion Rule Type":"None","UNR":"none","title":"auto[MUL]","All Average Grd":"100%","All Cov":"1 / 1 (100%)","Score":"322","At Least":"1","Source":"        cp_irq : coverpoint ins.asm;"}
,{"expanded":false,"Exclusion Rule Type":"None","UNR":"none","title":"auto[MULH]","All Average Grd":"100%","All Cov":"1 / 1 (100%)","Score":"299","At Least":"1","Source":"        cp_irq : coverpoint ins.asm;"}
,{"expanded":false,"Exclusion Rule Type":"None","UNR":"none","title":"auto[MULHU]","All Average Grd":"100%","All Cov":"1 / 1 (100%)","Score":"294","At Least":"1","Source":"        cp_irq : coverpoint ins.asm;"}
,{"expanded":false,"Exclusion Rule Type":"None","UNR":"none","title":"auto[MULHSU]","All Average Grd":"100%","All Cov":"1 / 1 (100%)","Score":"316","At Least":"1","Source":"        cp_irq : coverpoint ins.asm;"}
,{"expanded":false,"Exclusion Rule Type":"None","UNR":"none","title":"auto[DIV]","All Average Grd":"100%","All Cov":"1 / 1 (100%)","Score":"222","At Least":"1","Source":"        cp_irq : coverpoint ins.asm;"}
,{"expanded":false,"Exclusion Rule Type":"None","UNR":"none","title":"auto[REM]","All Average Grd":"100%","All Cov":"1 / 1 (100%)","Score":"223","At Least":"1","Source":"        cp_irq : coverpoint ins.asm;"}
,{"expanded":false,"Exclusion Rule Type":"None","UNR":"none","title":"auto[DIVU]","All Average Grd":"100%","All Cov":"1 / 1 (100%)","Score":"207","At Least":"1","Source":"        cp_irq : coverpoint ins.asm;"}
,{"expanded":false,"Exclusion Rule Type":"None","UNR":"none","title":"auto[REMU]","All Average Grd":"100%","All Cov":"1 / 1 (100%)","Score":"225","At Least":"1","Source":"        cp_irq : coverpoint ins.asm;"}
,{"expanded":false,"Exclusion Rule Type":"None","UNR":"none","title":"auto[WFI]","All Average Grd":"100%","All Cov":"1 / 1 (100%)","Score":"48972","At Least":"1","Source":"        cp_irq : coverpoint ins.asm;"}
,{"expanded":false,"Exclusion Rule Type":"None","UNR":"none","title":"auto[MRET]","All Average Grd":"100%","All Cov":"1 / 1 (100%)","Score":"514191","At Least":"1","Source":"        cp_irq : coverpoint ins.asm;"}
,{"expanded":false,"Exclusion Rule Type":"None","UNR":"none","title":"auto[DRET]","All Average Grd":"100%","All Cov":"1 / 1 (100%)","Score":"3","At Least":"1","Source":"        cp_irq : coverpoint ins.asm;"}
,{"expanded":false,"Exclusion Rule Type":"None","UNR":"none","title":"auto[CSRR]","All Average Grd":"0%","All Cov":"0 / 1 (0%)","Score":"0","At Least":"1","Source":"        cp_irq : coverpoint ins.asm;"}
,{"expanded":false,"Exclusion Rule Type":"None","UNR":"none","title":"auto[CSRC]","All Average Grd":"0%","All Cov":"0 / 1 (0%)","Score":"0","At Least":"1","Source":"        cp_irq : coverpoint ins.asm;"}
,{"expanded":false,"Exclusion Rule Type":"None","UNR":"none","title":"auto[CSRCI]","All Average Grd":"0%","All Cov":"0 / 1 (0%)","Score":"0","At Least":"1","Source":"        cp_irq : coverpoint ins.asm;"}
,{"expanded":false,"Exclusion Rule Type":"None","UNR":"none","title":"auto[CSRRC]","All Average Grd":"100%","All Cov":"1 / 1 (100%)","Score":"309","At Least":"1","Source":"        cp_irq : coverpoint ins.asm;"}
,{"expanded":false,"Exclusion Rule Type":"None","UNR":"none","title":"auto[CSRRCI]","All Average Grd":"100%","All Cov":"1 / 1 (100%)","Score":"370","At Least":"1","Source":"        cp_irq : coverpoint ins.asm;"}
,{"expanded":false,"Exclusion Rule Type":"None","UNR":"none","title":"auto[CSRRS]","All Average Grd":"100%","All Cov":"1 / 1 (100%)","Score":"2302","At Least":"1","Source":"        cp_irq : coverpoint ins.asm;"}
,{"expanded":false,"Exclusion Rule Type":"None","UNR":"none","title":"auto[CSRRSI]","All Average Grd":"100%","All Cov":"1 / 1 (100%)","Score":"219957","At Least":"1","Source":"        cp_irq : coverpoint ins.asm;"}
,{"expanded":false,"Exclusion Rule Type":"None","UNR":"none","title":"auto[CSRRW]","All Average Grd":"100%","All Cov":"1 / 1 (100%)","Score":"301","At Least":"1","Source":"        cp_irq : coverpoint ins.asm;"}
,{"expanded":false,"Exclusion Rule Type":"None","UNR":"none","title":"auto[CSRRWI]","All Average Grd":"100%","All Cov":"1 / 1 (100%)","Score":"317","At Least":"1","Source":"        cp_irq : coverpoint ins.asm;"}
,{"expanded":false,"Exclusion Rule Type":"None","UNR":"none","title":"auto[CSRS]","All Average Grd":"0%","All Cov":"0 / 1 (0%)","Score":"0","At Least":"1","Source":"        cp_irq : coverpoint ins.asm;"}
,{"expanded":false,"Exclusion Rule Type":"None","UNR":"none","title":"auto[CSRSI]","All Average Grd":"0%","All Cov":"0 / 1 (0%)","Score":"0","At Least":"1","Source":"        cp_irq : coverpoint ins.asm;"}
,{"expanded":false,"Exclusion Rule Type":"None","UNR":"none","title":"auto[CSRW]","All Average Grd":"0%","All Cov":"0 / 1 (0%)","Score":"0","At Least":"1","Source":"        cp_irq : coverpoint ins.asm;"}
,{"expanded":false,"Exclusion Rule Type":"None","UNR":"none","title":"auto[CSRWI]","All Average Grd":"0%","All Cov":"0 / 1 (0%)","Score":"0","At Least":"1","Source":"        cp_irq : coverpoint ins.asm;"}
,{"expanded":false,"Exclusion Rule Type":"None","UNR":"none","title":"auto[C_LWSP]","All Average Grd":"100%","All Cov":"1 / 1 (100%)","Score":"20","At Least":"1","Source":"        cp_irq : coverpoint ins.asm;"}
,{"expanded":false,"Exclusion Rule Type":"None","UNR":"none","title":"auto[C_SWSP]","All Average Grd":"100%","All Cov":"1 / 1 (100%)","Score":"17","At Least":"1","Source":"        cp_irq : coverpoint ins.asm;"}
,{"expanded":false,"Exclusion Rule Type":"None","UNR":"none","title":"auto[C_LW]","All Average Grd":"100%","All Cov":"1 / 1 (100%)","Score":"3","At Least":"1","Source":"        cp_irq : coverpoint ins.asm;"}
,{"expanded":false,"Exclusion Rule Type":"None","UNR":"none","title":"auto[C_SW]","All Average Grd":"100%","All Cov":"1 / 1 (100%)","Score":"4","At Least":"1","Source":"        cp_irq : coverpoint ins.asm;"}
,{"expanded":false,"Exclusion Rule Type":"None","UNR":"none","title":"auto[C_BEQZ]","All Average Grd":"100%","All Cov":"1 / 1 (100%)","Score":"359","At Least":"1","Source":"        cp_irq : coverpoint ins.asm;"}
,{"expanded":false,"Exclusion Rule Type":"None","UNR":"none","title":"auto[C_BNEZ]","All Average Grd":"100%","All Cov":"1 / 1 (100%)","Score":"508","At Least":"1","Source":"        cp_irq : coverpoint ins.asm;"}
,{"expanded":false,"Exclusion Rule Type":"None","UNR":"none","title":"auto[C_J]","All Average Grd":"100%","All Cov":"1 / 1 (100%)","Score":"3","At Least":"1","Source":"        cp_irq : coverpoint ins.asm;"}
,{"expanded":false,"Exclusion Rule Type":"None","UNR":"none","title":"auto[C_JR]","All Average Grd":"100%","All Cov":"1 / 1 (100%)","Score":"5","At Least":"1","Source":"        cp_irq : coverpoint ins.asm;"}
,{"expanded":false,"Exclusion Rule Type":"None","UNR":"none","title":"auto[C_JAL]","All Average Grd":"0%","All Cov":"0 / 1 (0%)","Score":"0","At Least":"1","Source":"        cp_irq : coverpoint ins.asm;"}
,{"expanded":false,"Exclusion Rule Type":"None","UNR":"none","title":"auto[C_JALR]","All Average Grd":"100%","All Cov":"1 / 1 (100%)","Score":"4","At Least":"1","Source":"        cp_irq : coverpoint ins.asm;"}
,{"expanded":false,"Exclusion Rule Type":"None","UNR":"none","title":"auto[C_LI]","All Average Grd":"100%","All Cov":"1 / 1 (100%)","Score":"328","At Least":"1","Source":"        cp_irq : coverpoint ins.asm;"}
,{"expanded":false,"Exclusion Rule Type":"None","UNR":"none","title":"auto[C_LUI]","All Average Grd":"100%","All Cov":"1 / 1 (100%)","Score":"325","At Least":"1","Source":"        cp_irq : coverpoint ins.asm;"}
,{"expanded":false,"Exclusion Rule Type":"None","UNR":"none","title":"auto[C_ADDI]","All Average Grd":"100%","All Cov":"1 / 1 (100%)","Score":"687","At Least":"1","Source":"        cp_irq : coverpoint ins.asm;"}
,{"expanded":false,"Exclusion Rule Type":"None","UNR":"none","title":"auto[C_ADDI16SP]","All Average Grd":"100%","All Cov":"1 / 1 (100%)","Score":"251","At Least":"1","Source":"        cp_irq : coverpoint ins.asm;"}
,{"expanded":false,"Exclusion Rule Type":"None","UNR":"none","title":"auto[C_ADDI4SPN]","All Average Grd":"100%","All Cov":"1 / 1 (100%)","Score":"256","At Least":"1","Source":"        cp_irq : coverpoint ins.asm;"}
,{"expanded":false,"Exclusion Rule Type":"None","UNR":"none","title":"auto[C_SLLI]","All Average Grd":"100%","All Cov":"1 / 1 (100%)","Score":"325","At Least":"1","Source":"        cp_irq : coverpoint ins.asm;"}
,{"expanded":false,"Exclusion Rule Type":"None","UNR":"none","title":"auto[C_SRLI]","All Average Grd":"100%","All Cov":"1 / 1 (100%)","Score":"327","At Least":"1","Source":"        cp_irq : coverpoint ins.asm;"}
,{"expanded":false,"Exclusion Rule Type":"None","UNR":"none","title":"auto[C_SRAI]","All Average Grd":"100%","All Cov":"1 / 1 (100%)","Score":"336","At Least":"1","Source":"        cp_irq : coverpoint ins.asm;"}
,{"expanded":false,"Exclusion Rule Type":"None","UNR":"none","title":"auto[C_ANDI]","All Average Grd":"100%","All Cov":"1 / 1 (100%)","Score":"306","At Least":"1","Source":"        cp_irq : coverpoint ins.asm;"}
,{"expanded":false,"Exclusion Rule Type":"None","UNR":"none","title":"auto[C_ADD]","All Average Grd":"100%","All Cov":"1 / 1 (100%)","Score":"659","At Least":"1","Source":"        cp_irq : coverpoint ins.asm;"}
,{"expanded":false,"Exclusion Rule Type":"None","UNR":"none","title":"auto[C_AND]","All Average Grd":"100%","All Cov":"1 / 1 (100%)","Score":"340","At Least":"1","Source":"        cp_irq : coverpoint ins.asm;"}
,{"expanded":false,"Exclusion Rule Type":"None","UNR":"none","title":"auto[C_OR]","All Average Grd":"100%","All Cov":"1 / 1 (100%)","Score":"372","At Least":"1","Source":"        cp_irq : coverpoint ins.asm;"}
,{"expanded":false,"Exclusion Rule Type":"None","UNR":"none","title":"auto[C_XOR]","All Average Grd":"100%","All Cov":"1 / 1 (100%)","Score":"329","At Least":"1","Source":"        cp_irq : coverpoint ins.asm;"}
,{"expanded":false,"Exclusion Rule Type":"None","UNR":"none","title":"auto[C_SUB]","All Average Grd":"100%","All Cov":"1 / 1 (100%)","Score":"351","At Least":"1","Source":"        cp_irq : coverpoint ins.asm;"}
,{"expanded":false,"Exclusion Rule Type":"None","UNR":"none","title":"auto[C_NOP]","All Average Grd":"100%","All Cov":"1 / 1 (100%)","Score":"682","At Least":"1","Source":"        cp_irq : coverpoint ins.asm;"}
,{"expanded":false,"Exclusion Rule Type":"None","UNR":"none","title":"auto[C_EBREAK]","All Average Grd":"0%","All Cov":"0 / 1 (0%)","Score":"0","At Least":"1","Source":"        cp_irq : coverpoint ins.asm;"}
],"columns":""}
]}
,{"expanded":false,"Exclusion Rule Type":"None","UNR":"none","title":"cg_wfi_entry","All Average Grd":"84.78%","All Cov":"78 / 92 (84.78%)","Enclosing Entity":"uvm_pkg.uvm_test_top.env.cov_model.interrupt_covg","Source":"    covergroup cg_wfi_entry with function sample(ins_t ins);"
,"subitems":[{"expanded":false,"Exclusion Rule Type":"None","UNR":"none","title":"cp_wfi","At Least":"1","All Average Grd":"84.78%","All Cov":"78 / 92 (84.78%)","Source":"        cp_wfi : coverpoint ins.asm;"
,"subitems":[{"expanded":false,"Exclusion Rule Type":"None","UNR":"none","title":"auto[ADD]","All Average Grd":"100%","All Cov":"1 / 1 (100%)","Score":"28938","At Least":"1","Source":"        cp_wfi : coverpoint ins.asm;"}
,{"expanded":false,"Exclusion Rule Type":"None","UNR":"none","title":"auto[ADDI]","All Average Grd":"100%","All Cov":"1 / 1 (100%)","Score":"22493","At Least":"1","Source":"        cp_wfi : coverpoint ins.asm;"}
,{"expanded":false,"Exclusion Rule Type":"None","UNR":"none","title":"auto[AND]","All Average Grd":"100%","All Cov":"1 / 1 (100%)","Score":"30160","At Least":"1","Source":"        cp_wfi : coverpoint ins.asm;"}
,{"expanded":false,"Exclusion Rule Type":"None","UNR":"none","title":"auto[ANDI]","All Average Grd":"100%","All Cov":"1 / 1 (100%)","Score":"35955","At Least":"1","Source":"        cp_wfi : coverpoint ins.asm;"}
,{"expanded":false,"Exclusion Rule Type":"None","UNR":"none","title":"auto[AUIPC]","All Average Grd":"100%","All Cov":"1 / 1 (100%)","Score":"26434","At Least":"1","Source":"        cp_wfi : coverpoint ins.asm;"}
,{"expanded":false,"Exclusion Rule Type":"None","UNR":"none","title":"auto[BEQ]","All Average Grd":"100%","All Cov":"1 / 1 (100%)","Score":"991","At Least":"1","Source":"        cp_wfi : coverpoint ins.asm;"}
,{"expanded":false,"Exclusion Rule Type":"None","UNR":"none","title":"auto[BGE]","All Average Grd":"100%","All Cov":"1 / 1 (100%)","Score":"1012","At Least":"1","Source":"        cp_wfi : coverpoint ins.asm;"}
,{"expanded":false,"Exclusion Rule Type":"None","UNR":"none","title":"auto[BGEU]","All Average Grd":"100%","All Cov":"1 / 1 (100%)","Score":"1000","At Least":"1","Source":"        cp_wfi : coverpoint ins.asm;"}
,{"expanded":false,"Exclusion Rule Type":"None","UNR":"none","title":"auto[BLTU]","All Average Grd":"100%","All Cov":"1 / 1 (100%)","Score":"1117","At Least":"1","Source":"        cp_wfi : coverpoint ins.asm;"}
,{"expanded":false,"Exclusion Rule Type":"None","UNR":"none","title":"auto[BNE]","All Average Grd":"100%","All Cov":"1 / 1 (100%)","Score":"1057","At Least":"1","Source":"        cp_wfi : coverpoint ins.asm;"}
,{"expanded":false,"Exclusion Rule Type":"None","UNR":"none","title":"auto[BLT]","All Average Grd":"100%","All Cov":"1 / 1 (100%)","Score":"982","At Least":"1","Source":"        cp_wfi : coverpoint ins.asm;"}
,{"expanded":false,"Exclusion Rule Type":"None","UNR":"none","title":"auto[FENCE]","All Average Grd":"100%","All Cov":"1 / 1 (100%)","Score":"1212","At Least":"1","Source":"        cp_wfi : coverpoint ins.asm;"}
,{"expanded":false,"Exclusion Rule Type":"None","UNR":"none","title":"auto[FENCE_I]","All Average Grd":"100%","All Cov":"1 / 1 (100%)","Score":"1260","At Least":"1","Source":"        cp_wfi : coverpoint ins.asm;"}
,{"expanded":false,"Exclusion Rule Type":"None","UNR":"none","title":"auto[EBREAK]","All Average Grd":"0%","All Cov":"0 / 1 (0%)","Score":"0","At Least":"1","Source":"        cp_wfi : coverpoint ins.asm;"}
,{"expanded":false,"Exclusion Rule Type":"None","UNR":"none","title":"auto[ECALL]","All Average Grd":"0%","All Cov":"0 / 1 (0%)","Score":"0","At Least":"1","Source":"        cp_wfi : coverpoint ins.asm;"}
,{"expanded":false,"Exclusion Rule Type":"None","UNR":"none","title":"auto[JAL]","All Average Grd":"100%","All Cov":"1 / 1 (100%)","Score":"19","At Least":"1","Source":"        cp_wfi : coverpoint ins.asm;"}
,{"expanded":false,"Exclusion Rule Type":"None","UNR":"none","title":"auto[JALR]","All Average Grd":"0%","All Cov":"0 / 1 (0%)","Score":"0","At Least":"1","Source":"        cp_wfi : coverpoint ins.asm;"}
,{"expanded":false,"Exclusion Rule Type":"None","UNR":"none","title":"auto[LB]","All Average Grd":"100%","All Cov":"1 / 1 (100%)","Score":"2848","At Least":"1","Source":"        cp_wfi : coverpoint ins.asm;"}
,{"expanded":false,"Exclusion Rule Type":"None","UNR":"none","title":"auto[LBU]","All Average Grd":"100%","All Cov":"1 / 1 (100%)","Score":"2907","At Least":"1","Source":"        cp_wfi : coverpoint ins.asm;"}
,{"expanded":false,"Exclusion Rule Type":"None","UNR":"none","title":"auto[LH]","All Average Grd":"100%","All Cov":"1 / 1 (100%)","Score":"838","At Least":"1","Source":"        cp_wfi : coverpoint ins.asm;"}
,{"expanded":false,"Exclusion Rule Type":"None","UNR":"none","title":"auto[LHU]","All Average Grd":"100%","All Cov":"1 / 1 (100%)","Score":"860","At Least":"1","Source":"        cp_wfi : coverpoint ins.asm;"}
,{"expanded":false,"Exclusion Rule Type":"None","UNR":"none","title":"auto[LUI]","All Average Grd":"100%","All Cov":"1 / 1 (100%)","Score":"20952","At Least":"1","Source":"        cp_wfi : coverpoint ins.asm;"}
,{"expanded":false,"Exclusion Rule Type":"None","UNR":"none","title":"auto[LW]","All Average Grd":"100%","All Cov":"1 / 1 (100%)","Score":"391","At Least":"1","Source":"        cp_wfi : coverpoint ins.asm;"}
,{"expanded":false,"Exclusion Rule Type":"None","UNR":"none","title":"auto[NOP]","All Average Grd":"100%","All Cov":"1 / 1 (100%)","Score":"8","At Least":"1","Source":"        cp_wfi : coverpoint ins.asm;"}
,{"expanded":false,"Exclusion Rule Type":"None","UNR":"none","title":"auto[OR]","All Average Grd":"100%","All Cov":"1 / 1 (100%)","Score":"33079","At Least":"1","Source":"        cp_wfi : coverpoint ins.asm;"}
,{"expanded":false,"Exclusion Rule Type":"None","UNR":"none","title":"auto[ORI]","All Average Grd":"100%","All Cov":"1 / 1 (100%)","Score":"23529","At Least":"1","Source":"        cp_wfi : coverpoint ins.asm;"}
,{"expanded":false,"Exclusion Rule Type":"None","UNR":"none","title":"auto[SB]","All Average Grd":"0%","All Cov":"0 / 1 (0%)","Score":"0","At Least":"1","Source":"        cp_wfi : coverpoint ins.asm;"}
,{"expanded":false,"Exclusion Rule Type":"None","UNR":"none","title":"auto[SH]","All Average Grd":"100%","All Cov":"1 / 1 (100%)","Score":"3654","At Least":"1","Source":"        cp_wfi : coverpoint ins.asm;"}
,{"expanded":false,"Exclusion Rule Type":"None","UNR":"none","title":"auto[SLL]","All Average Grd":"100%","All Cov":"1 / 1 (100%)","Score":"34874","At Least":"1","Source":"        cp_wfi : coverpoint ins.asm;"}
,{"expanded":false,"Exclusion Rule Type":"None","UNR":"none","title":"auto[SLLI]","All Average Grd":"100%","All Cov":"1 / 1 (100%)","Score":"25020","At Least":"1","Source":"        cp_wfi : coverpoint ins.asm;"}
,{"expanded":false,"Exclusion Rule Type":"None","UNR":"none","title":"auto[SLT]","All Average Grd":"100%","All Cov":"1 / 1 (100%)","Score":"27592","At Least":"1","Source":"        cp_wfi : coverpoint ins.asm;"}
,{"expanded":false,"Exclusion Rule Type":"None","UNR":"none","title":"auto[SLTI]","All Average Grd":"100%","All Cov":"1 / 1 (100%)","Score":"37024","At Least":"1","Source":"        cp_wfi : coverpoint ins.asm;"}
,{"expanded":false,"Exclusion Rule Type":"None","UNR":"none","title":"auto[SLTIU]","All Average Grd":"100%","All Cov":"1 / 1 (100%)","Score":"42813","At Least":"1","Source":"        cp_wfi : coverpoint ins.asm;"}
,{"expanded":false,"Exclusion Rule Type":"None","UNR":"none","title":"auto[SLTU]","All Average Grd":"100%","All Cov":"1 / 1 (100%)","Score":"32826","At Least":"1","Source":"        cp_wfi : coverpoint ins.asm;"}
,{"expanded":false,"Exclusion Rule Type":"None","UNR":"none","title":"auto[SRA]","All Average Grd":"100%","All Cov":"1 / 1 (100%)","Score":"49591","At Least":"1","Source":"        cp_wfi : coverpoint ins.asm;"}
,{"expanded":false,"Exclusion Rule Type":"None","UNR":"none","title":"auto[SRAI]","All Average Grd":"100%","All Cov":"1 / 1 (100%)","Score":"26123","At Least":"1","Source":"        cp_wfi : coverpoint ins.asm;"}
,{"expanded":false,"Exclusion Rule Type":"None","UNR":"none","title":"auto[SRL]","All Average Grd":"100%","All Cov":"1 / 1 (100%)","Score":"34269","At Least":"1","Source":"        cp_wfi : coverpoint ins.asm;"}
,{"expanded":false,"Exclusion Rule Type":"None","UNR":"none","title":"auto[SRLI]","All Average Grd":"100%","All Cov":"1 / 1 (100%)","Score":"31412","At Least":"1","Source":"        cp_wfi : coverpoint ins.asm;"}
,{"expanded":false,"Exclusion Rule Type":"None","UNR":"none","title":"auto[SUB]","All Average Grd":"100%","All Cov":"1 / 1 (100%)","Score":"34161","At Least":"1","Source":"        cp_wfi : coverpoint ins.asm;"}
,{"expanded":false,"Exclusion Rule Type":"None","UNR":"none","title":"auto[SW]","All Average Grd":"100%","All Cov":"1 / 1 (100%)","Score":"356","At Least":"1","Source":"        cp_wfi : coverpoint ins.asm;"}
,{"expanded":false,"Exclusion Rule Type":"None","UNR":"none","title":"auto[XOR]","All Average Grd":"100%","All Cov":"1 / 1 (100%)","Score":"25469","At Least":"1","Source":"        cp_wfi : coverpoint ins.asm;"}
,{"expanded":false,"Exclusion Rule Type":"None","UNR":"none","title":"auto[XORI]","All Average Grd":"100%","All Cov":"1 / 1 (100%)","Score":"26819","At Least":"1","Source":"        cp_wfi : coverpoint ins.asm;"}
,{"expanded":false,"Exclusion Rule Type":"None","UNR":"none","title":"auto[MUL]","All Average Grd":"100%","All Cov":"1 / 1 (100%)","Score":"38574","At Least":"1","Source":"        cp_wfi : coverpoint ins.asm;"}
,{"expanded":false,"Exclusion Rule Type":"None","UNR":"none","title":"auto[MULH]","All Average Grd":"100%","All Cov":"1 / 1 (100%)","Score":"30363","At Least":"1","Source":"        cp_wfi : coverpoint ins.asm;"}
,{"expanded":false,"Exclusion Rule Type":"None","UNR":"none","title":"auto[MULHU]","All Average Grd":"100%","All Cov":"1 / 1 (100%)","Score":"33315","At Least":"1","Source":"        cp_wfi : coverpoint ins.asm;"}
,{"expanded":false,"Exclusion Rule Type":"None","UNR":"none","title":"auto[MULHSU]","All Average Grd":"100%","All Cov":"1 / 1 (100%)","Score":"19567","At Least":"1","Source":"        cp_wfi : coverpoint ins.asm;"}
,{"expanded":false,"Exclusion Rule Type":"None","UNR":"none","title":"auto[DIV]","All Average Grd":"100%","All Cov":"1 / 1 (100%)","Score":"29509","At Least":"1","Source":"        cp_wfi : coverpoint ins.asm;"}
,{"expanded":false,"Exclusion Rule Type":"None","UNR":"none","title":"auto[REM]","All Average Grd":"100%","All Cov":"1 / 1 (100%)","Score":"35547","At Least":"1","Source":"        cp_wfi : coverpoint ins.asm;"}
,{"expanded":false,"Exclusion Rule Type":"None","UNR":"none","title":"auto[DIVU]","All Average Grd":"100%","All Cov":"1 / 1 (100%)","Score":"32583","At Least":"1","Source":"        cp_wfi : coverpoint ins.asm;"}
,{"expanded":false,"Exclusion Rule Type":"None","UNR":"none","title":"auto[REMU]","All Average Grd":"100%","All Cov":"1 / 1 (100%)","Score":"26242","At Least":"1","Source":"        cp_wfi : coverpoint ins.asm;"}
,{"expanded":false,"Exclusion Rule Type":"None","UNR":"none","title":"auto[WFI]","All Average Grd":"100%","All Cov":"1 / 1 (100%)","Score":"26533","At Least":"1","Source":"        cp_wfi : coverpoint ins.asm;"}
,{"expanded":false,"Exclusion Rule Type":"None","UNR":"none","title":"auto[MRET]","All Average Grd":"100%","All Cov":"1 / 1 (100%)","Score":"955","At Least":"1","Source":"        cp_wfi : coverpoint ins.asm;"}
,{"expanded":false,"Exclusion Rule Type":"None","UNR":"none","title":"auto[DRET]","All Average Grd":"100%","All Cov":"1 / 1 (100%)","Score":"5121","At Least":"1","Source":"        cp_wfi : coverpoint ins.asm;"}
,{"expanded":false,"Exclusion Rule Type":"None","UNR":"none","title":"auto[CSRR]","All Average Grd":"0%","All Cov":"0 / 1 (0%)","Score":"0","At Least":"1","Source":"        cp_wfi : coverpoint ins.asm;"}
,{"expanded":false,"Exclusion Rule Type":"None","UNR":"none","title":"auto[CSRC]","All Average Grd":"0%","All Cov":"0 / 1 (0%)","Score":"0","At Least":"1","Source":"        cp_wfi : coverpoint ins.asm;"}
,{"expanded":false,"Exclusion Rule Type":"None","UNR":"none","title":"auto[CSRCI]","All Average Grd":"0%","All Cov":"0 / 1 (0%)","Score":"0","At Least":"1","Source":"        cp_wfi : coverpoint ins.asm;"}
,{"expanded":false,"Exclusion Rule Type":"None","UNR":"none","title":"auto[CSRRC]","All Average Grd":"100%","All Cov":"1 / 1 (100%)","Score":"1346","At Least":"1","Source":"        cp_wfi : coverpoint ins.asm;"}
,{"expanded":false,"Exclusion Rule Type":"None","UNR":"none","title":"auto[CSRRCI]","All Average Grd":"100%","All Cov":"1 / 1 (100%)","Score":"1347","At Least":"1","Source":"        cp_wfi : coverpoint ins.asm;"}
,{"expanded":false,"Exclusion Rule Type":"None","UNR":"none","title":"auto[CSRRS]","All Average Grd":"100%","All Cov":"1 / 1 (100%)","Score":"1320","At Least":"1","Source":"        cp_wfi : coverpoint ins.asm;"}
,{"expanded":false,"Exclusion Rule Type":"None","UNR":"none","title":"auto[CSRRSI]","All Average Grd":"100%","All Cov":"1 / 1 (100%)","Score":"1421","At Least":"1","Source":"        cp_wfi : coverpoint ins.asm;"}
,{"expanded":false,"Exclusion Rule Type":"None","UNR":"none","title":"auto[CSRRW]","All Average Grd":"100%","All Cov":"1 / 1 (100%)","Score":"1302","At Least":"1","Source":"        cp_wfi : coverpoint ins.asm;"}
,{"expanded":false,"Exclusion Rule Type":"None","UNR":"none","title":"auto[CSRRWI]","All Average Grd":"100%","All Cov":"1 / 1 (100%)","Score":"2701","At Least":"1","Source":"        cp_wfi : coverpoint ins.asm;"}
,{"expanded":false,"Exclusion Rule Type":"None","UNR":"none","title":"auto[CSRS]","All Average Grd":"0%","All Cov":"0 / 1 (0%)","Score":"0","At Least":"1","Source":"        cp_wfi : coverpoint ins.asm;"}
,{"expanded":false,"Exclusion Rule Type":"None","UNR":"none","title":"auto[CSRSI]","All Average Grd":"0%","All Cov":"0 / 1 (0%)","Score":"0","At Least":"1","Source":"        cp_wfi : coverpoint ins.asm;"}
,{"expanded":false,"Exclusion Rule Type":"None","UNR":"none","title":"auto[CSRW]","All Average Grd":"0%","All Cov":"0 / 1 (0%)","Score":"0","At Least":"1","Source":"        cp_wfi : coverpoint ins.asm;"}
,{"expanded":false,"Exclusion Rule Type":"None","UNR":"none","title":"auto[CSRWI]","All Average Grd":"0%","All Cov":"0 / 1 (0%)","Score":"0","At Least":"1","Source":"        cp_wfi : coverpoint ins.asm;"}
,{"expanded":false,"Exclusion Rule Type":"None","UNR":"none","title":"auto[C_LWSP]","All Average Grd":"100%","All Cov":"1 / 1 (100%)","Score":"59","At Least":"1","Source":"        cp_wfi : coverpoint ins.asm;"}
,{"expanded":false,"Exclusion Rule Type":"None","UNR":"none","title":"auto[C_SWSP]","All Average Grd":"100%","All Cov":"1 / 1 (100%)","Score":"44","At Least":"1","Source":"        cp_wfi : coverpoint ins.asm;"}
,{"expanded":false,"Exclusion Rule Type":"None","UNR":"none","title":"auto[C_LW]","All Average Grd":"100%","All Cov":"1 / 1 (100%)","Score":"8","At Least":"1","Source":"        cp_wfi : coverpoint ins.asm;"}
,{"expanded":false,"Exclusion Rule Type":"None","UNR":"none","title":"auto[C_SW]","All Average Grd":"100%","All Cov":"1 / 1 (100%)","Score":"18","At Least":"1","Source":"        cp_wfi : coverpoint ins.asm;"}
,{"expanded":false,"Exclusion Rule Type":"None","UNR":"none","title":"auto[C_BEQZ]","All Average Grd":"100%","All Cov":"1 / 1 (100%)","Score":"1011","At Least":"1","Source":"        cp_wfi : coverpoint ins.asm;"}
,{"expanded":false,"Exclusion Rule Type":"None","UNR":"none","title":"auto[C_BNEZ]","All Average Grd":"100%","All Cov":"1 / 1 (100%)","Score":"1114","At Least":"1","Source":"        cp_wfi : coverpoint ins.asm;"}
,{"expanded":false,"Exclusion Rule Type":"None","UNR":"none","title":"auto[C_J]","All Average Grd":"0%","All Cov":"0 / 1 (0%)","Score":"0","At Least":"1","Source":"        cp_wfi : coverpoint ins.asm;"}
,{"expanded":false,"Exclusion Rule Type":"None","UNR":"none","title":"auto[C_JR]","All Average Grd":"100%","All Cov":"1 / 1 (100%)","Score":"10","At Least":"1","Source":"        cp_wfi : coverpoint ins.asm;"}
,{"expanded":false,"Exclusion Rule Type":"None","UNR":"none","title":"auto[C_JAL]","All Average Grd":"0%","All Cov":"0 / 1 (0%)","Score":"0","At Least":"1","Source":"        cp_wfi : coverpoint ins.asm;"}
,{"expanded":false,"Exclusion Rule Type":"None","UNR":"none","title":"auto[C_JALR]","All Average Grd":"100%","All Cov":"1 / 1 (100%)","Score":"12","At Least":"1","Source":"        cp_wfi : coverpoint ins.asm;"}
,{"expanded":false,"Exclusion Rule Type":"None","UNR":"none","title":"auto[C_LI]","All Average Grd":"100%","All Cov":"1 / 1 (100%)","Score":"26531","At Least":"1","Source":"        cp_wfi : coverpoint ins.asm;"}
,{"expanded":false,"Exclusion Rule Type":"None","UNR":"none","title":"auto[C_LUI]","All Average Grd":"100%","All Cov":"1 / 1 (100%)","Score":"27767","At Least":"1","Source":"        cp_wfi : coverpoint ins.asm;"}
,{"expanded":false,"Exclusion Rule Type":"None","UNR":"none","title":"auto[C_ADDI]","All Average Grd":"100%","All Cov":"1 / 1 (100%)","Score":"30476","At Least":"1","Source":"        cp_wfi : coverpoint ins.asm;"}
,{"expanded":false,"Exclusion Rule Type":"None","UNR":"none","title":"auto[C_ADDI16SP]","All Average Grd":"100%","All Cov":"1 / 1 (100%)","Score":"21451","At Least":"1","Source":"        cp_wfi : coverpoint ins.asm;"}
,{"expanded":false,"Exclusion Rule Type":"None","UNR":"none","title":"auto[C_ADDI4SPN]","All Average Grd":"100%","All Cov":"1 / 1 (100%)","Score":"22395","At Least":"1","Source":"        cp_wfi : coverpoint ins.asm;"}
,{"expanded":false,"Exclusion Rule Type":"None","UNR":"none","title":"auto[C_SLLI]","All Average Grd":"100%","All Cov":"1 / 1 (100%)","Score":"33240","At Least":"1","Source":"        cp_wfi : coverpoint ins.asm;"}
,{"expanded":false,"Exclusion Rule Type":"None","UNR":"none","title":"auto[C_SRLI]","All Average Grd":"100%","All Cov":"1 / 1 (100%)","Score":"33062","At Least":"1","Source":"        cp_wfi : coverpoint ins.asm;"}
,{"expanded":false,"Exclusion Rule Type":"None","UNR":"none","title":"auto[C_SRAI]","All Average Grd":"100%","All Cov":"1 / 1 (100%)","Score":"36103","At Least":"1","Source":"        cp_wfi : coverpoint ins.asm;"}
,{"expanded":false,"Exclusion Rule Type":"None","UNR":"none","title":"auto[C_ANDI]","All Average Grd":"100%","All Cov":"1 / 1 (100%)","Score":"25282","At Least":"1","Source":"        cp_wfi : coverpoint ins.asm;"}
,{"expanded":false,"Exclusion Rule Type":"None","UNR":"none","title":"auto[C_ADD]","All Average Grd":"100%","All Cov":"1 / 1 (100%)","Score":"64336","At Least":"1","Source":"        cp_wfi : coverpoint ins.asm;"}
,{"expanded":false,"Exclusion Rule Type":"None","UNR":"none","title":"auto[C_AND]","All Average Grd":"100%","All Cov":"1 / 1 (100%)","Score":"23695","At Least":"1","Source":"        cp_wfi : coverpoint ins.asm;"}
,{"expanded":false,"Exclusion Rule Type":"None","UNR":"none","title":"auto[C_OR]","All Average Grd":"100%","All Cov":"1 / 1 (100%)","Score":"35546","At Least":"1","Source":"        cp_wfi : coverpoint ins.asm;"}
,{"expanded":false,"Exclusion Rule Type":"None","UNR":"none","title":"auto[C_XOR]","All Average Grd":"100%","All Cov":"1 / 1 (100%)","Score":"30213","At Least":"1","Source":"        cp_wfi : coverpoint ins.asm;"}
,{"expanded":false,"Exclusion Rule Type":"None","UNR":"none","title":"auto[C_SUB]","All Average Grd":"100%","All Cov":"1 / 1 (100%)","Score":"27888","At Least":"1","Source":"        cp_wfi : coverpoint ins.asm;"}
,{"expanded":false,"Exclusion Rule Type":"None","UNR":"none","title":"auto[C_NOP]","All Average Grd":"100%","All Cov":"1 / 1 (100%)","Score":"82196","At Least":"1","Source":"        cp_wfi : coverpoint ins.asm;"}
,{"expanded":false,"Exclusion Rule Type":"None","UNR":"none","title":"auto[C_EBREAK]","All Average Grd":"0%","All Cov":"0 / 1 (0%)","Score":"0","At Least":"1","Source":"        cp_wfi : coverpoint ins.asm;"}
],"columns":""}
]}
,{"expanded":false,"Exclusion Rule Type":"None","UNR":"none","title":"cg_irq_exit","All Average Grd":"83.7%","All Cov":"77 / 92 (83.7%)","Enclosing Entity":"uvm_pkg.uvm_test_top.env.cov_model.interrupt_covg","Source":"    covergroup cg_irq_exit with function sample(ins_t ins);"
,"subitems":[{"expanded":false,"Exclusion Rule Type":"None","UNR":"none","title":"cp_irq","At Least":"1","All Average Grd":"83.7%","All Cov":"77 / 92 (83.7%)","Source":"        cp_irq : coverpoint ins.asm;"
,"subitems":[{"expanded":false,"Exclusion Rule Type":"None","UNR":"none","title":"auto[ADD]","All Average Grd":"100%","All Cov":"1 / 1 (100%)","Score":"1049","At Least":"1","Source":"        cp_irq : coverpoint ins.asm;"}
,{"expanded":false,"Exclusion Rule Type":"None","UNR":"none","title":"auto[ADDI]","All Average Grd":"100%","All Cov":"1 / 1 (100%)","Score":"1972","At Least":"1","Source":"        cp_irq : coverpoint ins.asm;"}
,{"expanded":false,"Exclusion Rule Type":"None","UNR":"none","title":"auto[AND]","All Average Grd":"100%","All Cov":"1 / 1 (100%)","Score":"1106","At Least":"1","Source":"        cp_irq : coverpoint ins.asm;"}
,{"expanded":false,"Exclusion Rule Type":"None","UNR":"none","title":"auto[ANDI]","All Average Grd":"100%","All Cov":"1 / 1 (100%)","Score":"1264","At Least":"1","Source":"        cp_irq : coverpoint ins.asm;"}
,{"expanded":false,"Exclusion Rule Type":"None","UNR":"none","title":"auto[AUIPC]","All Average Grd":"100%","All Cov":"1 / 1 (100%)","Score":"1560","At Least":"1","Source":"        cp_irq : coverpoint ins.asm;"}
,{"expanded":false,"Exclusion Rule Type":"None","UNR":"none","title":"auto[BEQ]","All Average Grd":"100%","All Cov":"1 / 1 (100%)","Score":"818","At Least":"1","Source":"        cp_irq : coverpoint ins.asm;"}
,{"expanded":false,"Exclusion Rule Type":"None","UNR":"none","title":"auto[BGE]","All Average Grd":"100%","All Cov":"1 / 1 (100%)","Score":"989","At Least":"1","Source":"        cp_irq : coverpoint ins.asm;"}
,{"expanded":false,"Exclusion Rule Type":"None","UNR":"none","title":"auto[BGEU]","All Average Grd":"100%","All Cov":"1 / 1 (100%)","Score":"793","At Least":"1","Source":"        cp_irq : coverpoint ins.asm;"}
,{"expanded":false,"Exclusion Rule Type":"None","UNR":"none","title":"auto[BLTU]","All Average Grd":"100%","All Cov":"1 / 1 (100%)","Score":"952","At Least":"1","Source":"        cp_irq : coverpoint ins.asm;"}
,{"expanded":false,"Exclusion Rule Type":"None","UNR":"none","title":"auto[BNE]","All Average Grd":"100%","All Cov":"1 / 1 (100%)","Score":"862","At Least":"1","Source":"        cp_irq : coverpoint ins.asm;"}
,{"expanded":false,"Exclusion Rule Type":"None","UNR":"none","title":"auto[BLT]","All Average Grd":"100%","All Cov":"1 / 1 (100%)","Score":"938","At Least":"1","Source":"        cp_irq : coverpoint ins.asm;"}
,{"expanded":false,"Exclusion Rule Type":"None","UNR":"none","title":"auto[FENCE]","All Average Grd":"100%","All Cov":"1 / 1 (100%)","Score":"1082","At Least":"1","Source":"        cp_irq : coverpoint ins.asm;"}
,{"expanded":false,"Exclusion Rule Type":"None","UNR":"none","title":"auto[FENCE_I]","All Average Grd":"100%","All Cov":"1 / 1 (100%)","Score":"1297","At Least":"1","Source":"        cp_irq : coverpoint ins.asm;"}
,{"expanded":false,"Exclusion Rule Type":"None","UNR":"none","title":"auto[EBREAK]","All Average Grd":"0%","All Cov":"0 / 1 (0%)","Score":"0","At Least":"1","Source":"        cp_irq : coverpoint ins.asm;"}
,{"expanded":false,"Exclusion Rule Type":"None","UNR":"none","title":"auto[ECALL]","All Average Grd":"0%","All Cov":"0 / 1 (0%)","Score":"0","At Least":"1","Source":"        cp_irq : coverpoint ins.asm;"}
,{"expanded":false,"Exclusion Rule Type":"None","UNR":"none","title":"auto[JAL]","All Average Grd":"100%","All Cov":"1 / 1 (100%)","Score":"512159","At Least":"1","Source":"        cp_irq : coverpoint ins.asm;"}
,{"expanded":false,"Exclusion Rule Type":"None","UNR":"none","title":"auto[JALR]","All Average Grd":"0%","All Cov":"0 / 1 (0%)","Score":"0","At Least":"1","Source":"        cp_irq : coverpoint ins.asm;"}
,{"expanded":false,"Exclusion Rule Type":"None","UNR":"none","title":"auto[LB]","All Average Grd":"100%","All Cov":"1 / 1 (100%)","Score":"3825","At Least":"1","Source":"        cp_irq : coverpoint ins.asm;"}
,{"expanded":false,"Exclusion Rule Type":"None","UNR":"none","title":"auto[LBU]","All Average Grd":"100%","All Cov":"1 / 1 (100%)","Score":"3702","At Least":"1","Source":"        cp_irq : coverpoint ins.asm;"}
,{"expanded":false,"Exclusion Rule Type":"None","UNR":"none","title":"auto[LH]","All Average Grd":"100%","All Cov":"1 / 1 (100%)","Score":"1158","At Least":"1","Source":"        cp_irq : coverpoint ins.asm;"}
,{"expanded":false,"Exclusion Rule Type":"None","UNR":"none","title":"auto[LHU]","All Average Grd":"100%","All Cov":"1 / 1 (100%)","Score":"1148","At Least":"1","Source":"        cp_irq : coverpoint ins.asm;"}
,{"expanded":false,"Exclusion Rule Type":"None","UNR":"none","title":"auto[LUI]","All Average Grd":"100%","All Cov":"1 / 1 (100%)","Score":"1242","At Least":"1","Source":"        cp_irq : coverpoint ins.asm;"}
,{"expanded":false,"Exclusion Rule Type":"None","UNR":"none","title":"auto[LW]","All Average Grd":"100%","All Cov":"1 / 1 (100%)","Score":"516","At Least":"1","Source":"        cp_irq : coverpoint ins.asm;"}
,{"expanded":false,"Exclusion Rule Type":"None","UNR":"none","title":"auto[NOP]","All Average Grd":"100%","All Cov":"1 / 1 (100%)","Score":"1","At Least":"1","Source":"        cp_irq : coverpoint ins.asm;"}
,{"expanded":false,"Exclusion Rule Type":"None","UNR":"none","title":"auto[OR]","All Average Grd":"100%","All Cov":"1 / 1 (100%)","Score":"1156","At Least":"1","Source":"        cp_irq : coverpoint ins.asm;"}
,{"expanded":false,"Exclusion Rule Type":"None","UNR":"none","title":"auto[ORI]","All Average Grd":"100%","All Cov":"1 / 1 (100%)","Score":"1172","At Least":"1","Source":"        cp_irq : coverpoint ins.asm;"}
,{"expanded":false,"Exclusion Rule Type":"None","UNR":"none","title":"auto[SB]","All Average Grd":"0%","All Cov":"0 / 1 (0%)","Score":"0","At Least":"1","Source":"        cp_irq : coverpoint ins.asm;"}
,{"expanded":false,"Exclusion Rule Type":"None","UNR":"none","title":"auto[SH]","All Average Grd":"100%","All Cov":"1 / 1 (100%)","Score":"5020","At Least":"1","Source":"        cp_irq : coverpoint ins.asm;"}
,{"expanded":false,"Exclusion Rule Type":"None","UNR":"none","title":"auto[SLL]","All Average Grd":"100%","All Cov":"1 / 1 (100%)","Score":"1168","At Least":"1","Source":"        cp_irq : coverpoint ins.asm;"}
,{"expanded":false,"Exclusion Rule Type":"None","UNR":"none","title":"auto[SLLI]","All Average Grd":"100%","All Cov":"1 / 1 (100%)","Score":"1121","At Least":"1","Source":"        cp_irq : coverpoint ins.asm;"}
,{"expanded":false,"Exclusion Rule Type":"None","UNR":"none","title":"auto[SLT]","All Average Grd":"100%","All Cov":"1 / 1 (100%)","Score":"1228","At Least":"1","Source":"        cp_irq : coverpoint ins.asm;"}
,{"expanded":false,"Exclusion Rule Type":"None","UNR":"none","title":"auto[SLTI]","All Average Grd":"100%","All Cov":"1 / 1 (100%)","Score":"1075","At Least":"1","Source":"        cp_irq : coverpoint ins.asm;"}
,{"expanded":false,"Exclusion Rule Type":"None","UNR":"none","title":"auto[SLTIU]","All Average Grd":"100%","All Cov":"1 / 1 (100%)","Score":"1183","At Least":"1","Source":"        cp_irq : coverpoint ins.asm;"}
,{"expanded":false,"Exclusion Rule Type":"None","UNR":"none","title":"auto[SLTU]","All Average Grd":"100%","All Cov":"1 / 1 (100%)","Score":"1190","At Least":"1","Source":"        cp_irq : coverpoint ins.asm;"}
,{"expanded":false,"Exclusion Rule Type":"None","UNR":"none","title":"auto[SRA]","All Average Grd":"100%","All Cov":"1 / 1 (100%)","Score":"1185","At Least":"1","Source":"        cp_irq : coverpoint ins.asm;"}
,{"expanded":false,"Exclusion Rule Type":"None","UNR":"none","title":"auto[SRAI]","All Average Grd":"100%","All Cov":"1 / 1 (100%)","Score":"1053","At Least":"1","Source":"        cp_irq : coverpoint ins.asm;"}
,{"expanded":false,"Exclusion Rule Type":"None","UNR":"none","title":"auto[SRL]","All Average Grd":"100%","All Cov":"1 / 1 (100%)","Score":"1072","At Least":"1","Source":"        cp_irq : coverpoint ins.asm;"}
,{"expanded":false,"Exclusion Rule Type":"None","UNR":"none","title":"auto[SRLI]","All Average Grd":"100%","All Cov":"1 / 1 (100%)","Score":"1272","At Least":"1","Source":"        cp_irq : coverpoint ins.asm;"}
,{"expanded":false,"Exclusion Rule Type":"None","UNR":"none","title":"auto[SUB]","All Average Grd":"100%","All Cov":"1 / 1 (100%)","Score":"1188","At Least":"1","Source":"        cp_irq : coverpoint ins.asm;"}
,{"expanded":false,"Exclusion Rule Type":"None","UNR":"none","title":"auto[SW]","All Average Grd":"100%","All Cov":"1 / 1 (100%)","Score":"481","At Least":"1","Source":"        cp_irq : coverpoint ins.asm;"}
,{"expanded":false,"Exclusion Rule Type":"None","UNR":"none","title":"auto[XOR]","All Average Grd":"100%","All Cov":"1 / 1 (100%)","Score":"1254","At Least":"1","Source":"        cp_irq : coverpoint ins.asm;"}
,{"expanded":false,"Exclusion Rule Type":"None","UNR":"none","title":"auto[XORI]","All Average Grd":"100%","All Cov":"1 / 1 (100%)","Score":"1127","At Least":"1","Source":"        cp_irq : coverpoint ins.asm;"}
,{"expanded":false,"Exclusion Rule Type":"None","UNR":"none","title":"auto[MUL]","All Average Grd":"100%","All Cov":"1 / 1 (100%)","Score":"1185","At Least":"1","Source":"        cp_irq : coverpoint ins.asm;"}
,{"expanded":false,"Exclusion Rule Type":"None","UNR":"none","title":"auto[MULH]","All Average Grd":"100%","All Cov":"1 / 1 (100%)","Score":"1119","At Least":"1","Source":"        cp_irq : coverpoint ins.asm;"}
,{"expanded":false,"Exclusion Rule Type":"None","UNR":"none","title":"auto[MULHU]","All Average Grd":"100%","All Cov":"1 / 1 (100%)","Score":"1130","At Least":"1","Source":"        cp_irq : coverpoint ins.asm;"}
,{"expanded":false,"Exclusion Rule Type":"None","UNR":"none","title":"auto[MULHSU]","All Average Grd":"100%","All Cov":"1 / 1 (100%)","Score":"1115","At Least":"1","Source":"        cp_irq : coverpoint ins.asm;"}
,{"expanded":false,"Exclusion Rule Type":"None","UNR":"none","title":"auto[DIV]","All Average Grd":"100%","All Cov":"1 / 1 (100%)","Score":"1175","At Least":"1","Source":"        cp_irq : coverpoint ins.asm;"}
,{"expanded":false,"Exclusion Rule Type":"None","UNR":"none","title":"auto[REM]","All Average Grd":"100%","All Cov":"1 / 1 (100%)","Score":"1124","At Least":"1","Source":"        cp_irq : coverpoint ins.asm;"}
,{"expanded":false,"Exclusion Rule Type":"None","UNR":"none","title":"auto[DIVU]","All Average Grd":"100%","All Cov":"1 / 1 (100%)","Score":"1218","At Least":"1","Source":"        cp_irq : coverpoint ins.asm;"}
,{"expanded":false,"Exclusion Rule Type":"None","UNR":"none","title":"auto[REMU]","All Average Grd":"100%","All Cov":"1 / 1 (100%)","Score":"1167","At Least":"1","Source":"        cp_irq : coverpoint ins.asm;"}
,{"expanded":false,"Exclusion Rule Type":"None","UNR":"none","title":"auto[WFI]","All Average Grd":"100%","All Cov":"1 / 1 (100%)","Score":"955","At Least":"1","Source":"        cp_irq : coverpoint ins.asm;"}
,{"expanded":false,"Exclusion Rule Type":"None","UNR":"none","title":"auto[MRET]","All Average Grd":"0%","All Cov":"0 / 1 (0%)","Score":"0","At Least":"1","Source":"        cp_irq : coverpoint ins.asm;"}
,{"expanded":false,"Exclusion Rule Type":"None","UNR":"none","title":"auto[DRET]","All Average Grd":"0%","All Cov":"0 / 1 (0%)","Score":"0","At Least":"1","Source":"        cp_irq : coverpoint ins.asm;"}
,{"expanded":false,"Exclusion Rule Type":"None","UNR":"none","title":"auto[CSRR]","All Average Grd":"0%","All Cov":"0 / 1 (0%)","Score":"0","At Least":"1","Source":"        cp_irq : coverpoint ins.asm;"}
,{"expanded":false,"Exclusion Rule Type":"None","UNR":"none","title":"auto[CSRC]","All Average Grd":"0%","All Cov":"0 / 1 (0%)","Score":"0","At Least":"1","Source":"        cp_irq : coverpoint ins.asm;"}
,{"expanded":false,"Exclusion Rule Type":"None","UNR":"none","title":"auto[CSRCI]","All Average Grd":"0%","All Cov":"0 / 1 (0%)","Score":"0","At Least":"1","Source":"        cp_irq : coverpoint ins.asm;"}
,{"expanded":false,"Exclusion Rule Type":"None","UNR":"none","title":"auto[CSRRC]","All Average Grd":"100%","All Cov":"1 / 1 (100%)","Score":"1133","At Least":"1","Source":"        cp_irq : coverpoint ins.asm;"}
,{"expanded":false,"Exclusion Rule Type":"None","UNR":"none","title":"auto[CSRRCI]","All Average Grd":"100%","All Cov":"1 / 1 (100%)","Score":"1576","At Least":"1","Source":"        cp_irq : coverpoint ins.asm;"}
,{"expanded":false,"Exclusion Rule Type":"None","UNR":"none","title":"auto[CSRRS]","All Average Grd":"100%","All Cov":"1 / 1 (100%)","Score":"218118","At Least":"1","Source":"        cp_irq : coverpoint ins.asm;"}
,{"expanded":false,"Exclusion Rule Type":"None","UNR":"none","title":"auto[CSRRSI]","All Average Grd":"100%","All Cov":"1 / 1 (100%)","Score":"1272","At Least":"1","Source":"        cp_irq : coverpoint ins.asm;"}
,{"expanded":false,"Exclusion Rule Type":"None","UNR":"none","title":"auto[CSRRW]","All Average Grd":"100%","All Cov":"1 / 1 (100%)","Score":"1154","At Least":"1","Source":"        cp_irq : coverpoint ins.asm;"}
,{"expanded":false,"Exclusion Rule Type":"None","UNR":"none","title":"auto[CSRRWI]","All Average Grd":"100%","All Cov":"1 / 1 (100%)","Score":"1123","At Least":"1","Source":"        cp_irq : coverpoint ins.asm;"}
,{"expanded":false,"Exclusion Rule Type":"None","UNR":"none","title":"auto[CSRS]","All Average Grd":"0%","All Cov":"0 / 1 (0%)","Score":"0","At Least":"1","Source":"        cp_irq : coverpoint ins.asm;"}
,{"expanded":false,"Exclusion Rule Type":"None","UNR":"none","title":"auto[CSRSI]","All Average Grd":"0%","All Cov":"0 / 1 (0%)","Score":"0","At Least":"1","Source":"        cp_irq : coverpoint ins.asm;"}
,{"expanded":false,"Exclusion Rule Type":"None","UNR":"none","title":"auto[CSRW]","All Average Grd":"0%","All Cov":"0 / 1 (0%)","Score":"0","At Least":"1","Source":"        cp_irq : coverpoint ins.asm;"}
,{"expanded":false,"Exclusion Rule Type":"None","UNR":"none","title":"auto[CSRWI]","All Average Grd":"0%","All Cov":"0 / 1 (0%)","Score":"0","At Least":"1","Source":"        cp_irq : coverpoint ins.asm;"}
,{"expanded":false,"Exclusion Rule Type":"None","UNR":"none","title":"auto[C_LWSP]","All Average Grd":"100%","All Cov":"1 / 1 (100%)","Score":"55","At Least":"1","Source":"        cp_irq : coverpoint ins.asm;"}
,{"expanded":false,"Exclusion Rule Type":"None","UNR":"none","title":"auto[C_SWSP]","All Average Grd":"100%","All Cov":"1 / 1 (100%)","Score":"57","At Least":"1","Source":"        cp_irq : coverpoint ins.asm;"}
,{"expanded":false,"Exclusion Rule Type":"None","UNR":"none","title":"auto[C_LW]","All Average Grd":"100%","All Cov":"1 / 1 (100%)","Score":"15","At Least":"1","Source":"        cp_irq : coverpoint ins.asm;"}
,{"expanded":false,"Exclusion Rule Type":"None","UNR":"none","title":"auto[C_SW]","All Average Grd":"100%","All Cov":"1 / 1 (100%)","Score":"5","At Least":"1","Source":"        cp_irq : coverpoint ins.asm;"}
,{"expanded":false,"Exclusion Rule Type":"None","UNR":"none","title":"auto[C_BEQZ]","All Average Grd":"100%","All Cov":"1 / 1 (100%)","Score":"806","At Least":"1","Source":"        cp_irq : coverpoint ins.asm;"}
,{"expanded":false,"Exclusion Rule Type":"None","UNR":"none","title":"auto[C_BNEZ]","All Average Grd":"100%","All Cov":"1 / 1 (100%)","Score":"846","At Least":"1","Source":"        cp_irq : coverpoint ins.asm;"}
,{"expanded":false,"Exclusion Rule Type":"None","UNR":"none","title":"auto[C_J]","All Average Grd":"100%","All Cov":"1 / 1 (100%)","Score":"5","At Least":"1","Source":"        cp_irq : coverpoint ins.asm;"}
,{"expanded":false,"Exclusion Rule Type":"None","UNR":"none","title":"auto[C_JR]","All Average Grd":"100%","All Cov":"1 / 1 (100%)","Score":"241","At Least":"1","Source":"        cp_irq : coverpoint ins.asm;"}
,{"expanded":false,"Exclusion Rule Type":"None","UNR":"none","title":"auto[C_JAL]","All Average Grd":"0%","All Cov":"0 / 1 (0%)","Score":"0","At Least":"1","Source":"        cp_irq : coverpoint ins.asm;"}
,{"expanded":false,"Exclusion Rule Type":"None","UNR":"none","title":"auto[C_JALR]","All Average Grd":"100%","All Cov":"1 / 1 (100%)","Score":"5","At Least":"1","Source":"        cp_irq : coverpoint ins.asm;"}
,{"expanded":false,"Exclusion Rule Type":"None","UNR":"none","title":"auto[C_LI]","All Average Grd":"100%","All Cov":"1 / 1 (100%)","Score":"1249","At Least":"1","Source":"        cp_irq : coverpoint ins.asm;"}
,{"expanded":false,"Exclusion Rule Type":"None","UNR":"none","title":"auto[C_LUI]","All Average Grd":"100%","All Cov":"1 / 1 (100%)","Score":"1210","At Least":"1","Source":"        cp_irq : coverpoint ins.asm;"}
,{"expanded":false,"Exclusion Rule Type":"None","UNR":"none","title":"auto[C_ADDI]","All Average Grd":"100%","All Cov":"1 / 1 (100%)","Score":"2217","At Least":"1","Source":"        cp_irq : coverpoint ins.asm;"}
,{"expanded":false,"Exclusion Rule Type":"None","UNR":"none","title":"auto[C_ADDI16SP]","All Average Grd":"100%","All Cov":"1 / 1 (100%)","Score":"928","At Least":"1","Source":"        cp_irq : coverpoint ins.asm;"}
,{"expanded":false,"Exclusion Rule Type":"None","UNR":"none","title":"auto[C_ADDI4SPN]","All Average Grd":"100%","All Cov":"1 / 1 (100%)","Score":"886","At Least":"1","Source":"        cp_irq : coverpoint ins.asm;"}
,{"expanded":false,"Exclusion Rule Type":"None","UNR":"none","title":"auto[C_SLLI]","All Average Grd":"100%","All Cov":"1 / 1 (100%)","Score":"1136","At Least":"1","Source":"        cp_irq : coverpoint ins.asm;"}
,{"expanded":false,"Exclusion Rule Type":"None","UNR":"none","title":"auto[C_SRLI]","All Average Grd":"100%","All Cov":"1 / 1 (100%)","Score":"1145","At Least":"1","Source":"        cp_irq : coverpoint ins.asm;"}
,{"expanded":false,"Exclusion Rule Type":"None","UNR":"none","title":"auto[C_SRAI]","All Average Grd":"100%","All Cov":"1 / 1 (100%)","Score":"1125","At Least":"1","Source":"        cp_irq : coverpoint ins.asm;"}
,{"expanded":false,"Exclusion Rule Type":"None","UNR":"none","title":"auto[C_ANDI]","All Average Grd":"100%","All Cov":"1 / 1 (100%)","Score":"1209","At Least":"1","Source":"        cp_irq : coverpoint ins.asm;"}
,{"expanded":false,"Exclusion Rule Type":"None","UNR":"none","title":"auto[C_ADD]","All Average Grd":"100%","All Cov":"1 / 1 (100%)","Score":"2339","At Least":"1","Source":"        cp_irq : coverpoint ins.asm;"}
,{"expanded":false,"Exclusion Rule Type":"None","UNR":"none","title":"auto[C_AND]","All Average Grd":"100%","All Cov":"1 / 1 (100%)","Score":"1157","At Least":"1","Source":"        cp_irq : coverpoint ins.asm;"}
,{"expanded":false,"Exclusion Rule Type":"None","UNR":"none","title":"auto[C_OR]","All Average Grd":"100%","All Cov":"1 / 1 (100%)","Score":"1152","At Least":"1","Source":"        cp_irq : coverpoint ins.asm;"}
,{"expanded":false,"Exclusion Rule Type":"None","UNR":"none","title":"auto[C_XOR]","All Average Grd":"100%","All Cov":"1 / 1 (100%)","Score":"1139","At Least":"1","Source":"        cp_irq : coverpoint ins.asm;"}
,{"expanded":false,"Exclusion Rule Type":"None","UNR":"none","title":"auto[C_SUB]","All Average Grd":"100%","All Cov":"1 / 1 (100%)","Score":"1157","At Least":"1","Source":"        cp_irq : coverpoint ins.asm;"}
,{"expanded":false,"Exclusion Rule Type":"None","UNR":"none","title":"auto[C_NOP]","All Average Grd":"100%","All Cov":"1 / 1 (100%)","Score":"2405","At Least":"1","Source":"        cp_irq : coverpoint ins.asm;"}
,{"expanded":false,"Exclusion Rule Type":"None","UNR":"none","title":"auto[C_EBREAK]","All Average Grd":"0%","All Cov":"0 / 1 (0%)","Score":"0","At Least":"1","Source":"        cp_irq : coverpoint ins.asm;"}
],"columns":""}
]}
,{"expanded":false,"Exclusion Rule Type":"None","UNR":"none","title":"cg_wfi_exit","All Average Grd":"82.61%","All Cov":"76 / 92 (82.61%)","Enclosing Entity":"uvm_pkg.uvm_test_top.env.cov_model.interrupt_covg","Source":"    covergroup cg_wfi_exit with function sample(ins_t ins);"
,"subitems":[{"expanded":false,"Exclusion Rule Type":"None","UNR":"none","title":"cp_wfi","At Least":"1","All Average Grd":"82.61%","All Cov":"76 / 92 (82.61%)","Source":"        cp_wfi : coverpoint ins.asm;"
,"subitems":[{"expanded":false,"Exclusion Rule Type":"None","UNR":"none","title":"auto[ADD]","All Average Grd":"100%","All Cov":"1 / 1 (100%)","Score":"35026","At Least":"1","Source":"        cp_wfi : coverpoint ins.asm;"}
,{"expanded":false,"Exclusion Rule Type":"None","UNR":"none","title":"auto[ADDI]","All Average Grd":"100%","All Cov":"1 / 1 (100%)","Score":"36263","At Least":"1","Source":"        cp_wfi : coverpoint ins.asm;"}
,{"expanded":false,"Exclusion Rule Type":"None","UNR":"none","title":"auto[AND]","All Average Grd":"100%","All Cov":"1 / 1 (100%)","Score":"23491","At Least":"1","Source":"        cp_wfi : coverpoint ins.asm;"}
,{"expanded":false,"Exclusion Rule Type":"None","UNR":"none","title":"auto[ANDI]","All Average Grd":"100%","All Cov":"1 / 1 (100%)","Score":"26594","At Least":"1","Source":"        cp_wfi : coverpoint ins.asm;"}
,{"expanded":false,"Exclusion Rule Type":"None","UNR":"none","title":"auto[AUIPC]","All Average Grd":"100%","All Cov":"1 / 1 (100%)","Score":"30596","At Least":"1","Source":"        cp_wfi : coverpoint ins.asm;"}
,{"expanded":false,"Exclusion Rule Type":"None","UNR":"none","title":"auto[BEQ]","All Average Grd":"100%","All Cov":"1 / 1 (100%)","Score":"486","At Least":"1","Source":"        cp_wfi : coverpoint ins.asm;"}
,{"expanded":false,"Exclusion Rule Type":"None","UNR":"none","title":"auto[BGE]","All Average Grd":"100%","All Cov":"1 / 1 (100%)","Score":"530","At Least":"1","Source":"        cp_wfi : coverpoint ins.asm;"}
,{"expanded":false,"Exclusion Rule Type":"None","UNR":"none","title":"auto[BGEU]","All Average Grd":"100%","All Cov":"1 / 1 (100%)","Score":"566","At Least":"1","Source":"        cp_wfi : coverpoint ins.asm;"}
,{"expanded":false,"Exclusion Rule Type":"None","UNR":"none","title":"auto[BLTU]","All Average Grd":"100%","All Cov":"1 / 1 (100%)","Score":"447","At Least":"1","Source":"        cp_wfi : coverpoint ins.asm;"}
,{"expanded":false,"Exclusion Rule Type":"None","UNR":"none","title":"auto[BNE]","All Average Grd":"100%","All Cov":"1 / 1 (100%)","Score":"600","At Least":"1","Source":"        cp_wfi : coverpoint ins.asm;"}
,{"expanded":false,"Exclusion Rule Type":"None","UNR":"none","title":"auto[BLT]","All Average Grd":"100%","All Cov":"1 / 1 (100%)","Score":"564","At Least":"1","Source":"        cp_wfi : coverpoint ins.asm;"}
,{"expanded":false,"Exclusion Rule Type":"None","UNR":"none","title":"auto[FENCE]","All Average Grd":"100%","All Cov":"1 / 1 (100%)","Score":"587","At Least":"1","Source":"        cp_wfi : coverpoint ins.asm;"}
,{"expanded":false,"Exclusion Rule Type":"None","UNR":"none","title":"auto[FENCE_I]","All Average Grd":"100%","All Cov":"1 / 1 (100%)","Score":"576","At Least":"1","Source":"        cp_wfi : coverpoint ins.asm;"}
,{"expanded":false,"Exclusion Rule Type":"None","UNR":"none","title":"auto[EBREAK]","All Average Grd":"0%","All Cov":"0 / 1 (0%)","Score":"0","At Least":"1","Source":"        cp_wfi : coverpoint ins.asm;"}
,{"expanded":false,"Exclusion Rule Type":"None","UNR":"none","title":"auto[ECALL]","All Average Grd":"0%","All Cov":"0 / 1 (0%)","Score":"0","At Least":"1","Source":"        cp_wfi : coverpoint ins.asm;"}
,{"expanded":false,"Exclusion Rule Type":"None","UNR":"none","title":"auto[JAL]","All Average Grd":"100%","All Cov":"1 / 1 (100%)","Score":"48976","At Least":"1","Source":"        cp_wfi : coverpoint ins.asm;"}
,{"expanded":false,"Exclusion Rule Type":"None","UNR":"none","title":"auto[JALR]","All Average Grd":"0%","All Cov":"0 / 1 (0%)","Score":"0","At Least":"1","Source":"        cp_wfi : coverpoint ins.asm;"}
,{"expanded":false,"Exclusion Rule Type":"None","UNR":"none","title":"auto[LB]","All Average Grd":"100%","All Cov":"1 / 1 (100%)","Score":"1474","At Least":"1","Source":"        cp_wfi : coverpoint ins.asm;"}
,{"expanded":false,"Exclusion Rule Type":"None","UNR":"none","title":"auto[LBU]","All Average Grd":"100%","All Cov":"1 / 1 (100%)","Score":"1423","At Least":"1","Source":"        cp_wfi : coverpoint ins.asm;"}
,{"expanded":false,"Exclusion Rule Type":"None","UNR":"none","title":"auto[LH]","All Average Grd":"100%","All Cov":"1 / 1 (100%)","Score":"431","At Least":"1","Source":"        cp_wfi : coverpoint ins.asm;"}
,{"expanded":false,"Exclusion Rule Type":"None","UNR":"none","title":"auto[LHU]","All Average Grd":"100%","All Cov":"1 / 1 (100%)","Score":"390","At Least":"1","Source":"        cp_wfi : coverpoint ins.asm;"}
,{"expanded":false,"Exclusion Rule Type":"None","UNR":"none","title":"auto[LUI]","All Average Grd":"100%","All Cov":"1 / 1 (100%)","Score":"23937","At Least":"1","Source":"        cp_wfi : coverpoint ins.asm;"}
,{"expanded":false,"Exclusion Rule Type":"None","UNR":"none","title":"auto[LW]","All Average Grd":"100%","All Cov":"1 / 1 (100%)","Score":"5759","At Least":"1","Source":"        cp_wfi : coverpoint ins.asm;"}
,{"expanded":false,"Exclusion Rule Type":"None","UNR":"none","title":"auto[NOP]","All Average Grd":"100%","All Cov":"1 / 1 (100%)","Score":"1","At Least":"1","Source":"        cp_wfi : coverpoint ins.asm;"}
,{"expanded":false,"Exclusion Rule Type":"None","UNR":"none","title":"auto[OR]","All Average Grd":"100%","All Cov":"1 / 1 (100%)","Score":"29321","At Least":"1","Source":"        cp_wfi : coverpoint ins.asm;"}
,{"expanded":false,"Exclusion Rule Type":"None","UNR":"none","title":"auto[ORI]","All Average Grd":"100%","All Cov":"1 / 1 (100%)","Score":"25690","At Least":"1","Source":"        cp_wfi : coverpoint ins.asm;"}
,{"expanded":false,"Exclusion Rule Type":"None","UNR":"none","title":"auto[SB]","All Average Grd":"0%","All Cov":"0 / 1 (0%)","Score":"0","At Least":"1","Source":"        cp_wfi : coverpoint ins.asm;"}
,{"expanded":false,"Exclusion Rule Type":"None","UNR":"none","title":"auto[SH]","All Average Grd":"100%","All Cov":"1 / 1 (100%)","Score":"1746","At Least":"1","Source":"        cp_wfi : coverpoint ins.asm;"}
,{"expanded":false,"Exclusion Rule Type":"None","UNR":"none","title":"auto[SLL]","All Average Grd":"100%","All Cov":"1 / 1 (100%)","Score":"23383","At Least":"1","Source":"        cp_wfi : coverpoint ins.asm;"}
,{"expanded":false,"Exclusion Rule Type":"None","UNR":"none","title":"auto[SLLI]","All Average Grd":"100%","All Cov":"1 / 1 (100%)","Score":"25381","At Least":"1","Source":"        cp_wfi : coverpoint ins.asm;"}
,{"expanded":false,"Exclusion Rule Type":"None","UNR":"none","title":"auto[SLT]","All Average Grd":"100%","All Cov":"1 / 1 (100%)","Score":"27783","At Least":"1","Source":"        cp_wfi : coverpoint ins.asm;"}
,{"expanded":false,"Exclusion Rule Type":"None","UNR":"none","title":"auto[SLTI]","All Average Grd":"100%","All Cov":"1 / 1 (100%)","Score":"22205","At Least":"1","Source":"        cp_wfi : coverpoint ins.asm;"}
,{"expanded":false,"Exclusion Rule Type":"None","UNR":"none","title":"auto[SLTIU]","All Average Grd":"100%","All Cov":"1 / 1 (100%)","Score":"22556","At Least":"1","Source":"        cp_wfi : coverpoint ins.asm;"}
,{"expanded":false,"Exclusion Rule Type":"None","UNR":"none","title":"auto[SLTU]","All Average Grd":"100%","All Cov":"1 / 1 (100%)","Score":"22723","At Least":"1","Source":"        cp_wfi : coverpoint ins.asm;"}
,{"expanded":false,"Exclusion Rule Type":"None","UNR":"none","title":"auto[SRA]","All Average Grd":"100%","All Cov":"1 / 1 (100%)","Score":"30438","At Least":"1","Source":"        cp_wfi : coverpoint ins.asm;"}
,{"expanded":false,"Exclusion Rule Type":"None","UNR":"none","title":"auto[SRAI]","All Average Grd":"100%","All Cov":"1 / 1 (100%)","Score":"29799","At Least":"1","Source":"        cp_wfi : coverpoint ins.asm;"}
,{"expanded":false,"Exclusion Rule Type":"None","UNR":"none","title":"auto[SRL]","All Average Grd":"100%","All Cov":"1 / 1 (100%)","Score":"30811","At Least":"1","Source":"        cp_wfi : coverpoint ins.asm;"}
,{"expanded":false,"Exclusion Rule Type":"None","UNR":"none","title":"auto[SRLI]","All Average Grd":"100%","All Cov":"1 / 1 (100%)","Score":"37147","At Least":"1","Source":"        cp_wfi : coverpoint ins.asm;"}
,{"expanded":false,"Exclusion Rule Type":"None","UNR":"none","title":"auto[SUB]","All Average Grd":"100%","All Cov":"1 / 1 (100%)","Score":"25158","At Least":"1","Source":"        cp_wfi : coverpoint ins.asm;"}
,{"expanded":false,"Exclusion Rule Type":"None","UNR":"none","title":"auto[SW]","All Average Grd":"100%","All Cov":"1 / 1 (100%)","Score":"165","At Least":"1","Source":"        cp_wfi : coverpoint ins.asm;"}
,{"expanded":false,"Exclusion Rule Type":"None","UNR":"none","title":"auto[XOR]","All Average Grd":"100%","All Cov":"1 / 1 (100%)","Score":"29387","At Least":"1","Source":"        cp_wfi : coverpoint ins.asm;"}
,{"expanded":false,"Exclusion Rule Type":"None","UNR":"none","title":"auto[XORI]","All Average Grd":"100%","All Cov":"1 / 1 (100%)","Score":"16995","At Least":"1","Source":"        cp_wfi : coverpoint ins.asm;"}
,{"expanded":false,"Exclusion Rule Type":"None","UNR":"none","title":"auto[MUL]","All Average Grd":"100%","All Cov":"1 / 1 (100%)","Score":"34433","At Least":"1","Source":"        cp_wfi : coverpoint ins.asm;"}
,{"expanded":false,"Exclusion Rule Type":"None","UNR":"none","title":"auto[MULH]","All Average Grd":"100%","All Cov":"1 / 1 (100%)","Score":"19441","At Least":"1","Source":"        cp_wfi : coverpoint ins.asm;"}
,{"expanded":false,"Exclusion Rule Type":"None","UNR":"none","title":"auto[MULHU]","All Average Grd":"100%","All Cov":"1 / 1 (100%)","Score":"25261","At Least":"1","Source":"        cp_wfi : coverpoint ins.asm;"}
,{"expanded":false,"Exclusion Rule Type":"None","UNR":"none","title":"auto[MULHSU]","All Average Grd":"100%","All Cov":"1 / 1 (100%)","Score":"15502","At Least":"1","Source":"        cp_wfi : coverpoint ins.asm;"}
,{"expanded":false,"Exclusion Rule Type":"None","UNR":"none","title":"auto[DIV]","All Average Grd":"100%","All Cov":"1 / 1 (100%)","Score":"33457","At Least":"1","Source":"        cp_wfi : coverpoint ins.asm;"}
,{"expanded":false,"Exclusion Rule Type":"None","UNR":"none","title":"auto[REM]","All Average Grd":"100%","All Cov":"1 / 1 (100%)","Score":"21389","At Least":"1","Source":"        cp_wfi : coverpoint ins.asm;"}
,{"expanded":false,"Exclusion Rule Type":"None","UNR":"none","title":"auto[DIVU]","All Average Grd":"100%","All Cov":"1 / 1 (100%)","Score":"27830","At Least":"1","Source":"        cp_wfi : coverpoint ins.asm;"}
,{"expanded":false,"Exclusion Rule Type":"None","UNR":"none","title":"auto[REMU]","All Average Grd":"100%","All Cov":"1 / 1 (100%)","Score":"15409","At Least":"1","Source":"        cp_wfi : coverpoint ins.asm;"}
,{"expanded":false,"Exclusion Rule Type":"None","UNR":"none","title":"auto[WFI]","All Average Grd":"100%","All Cov":"1 / 1 (100%)","Score":"26533","At Least":"1","Source":"        cp_wfi : coverpoint ins.asm;"}
,{"expanded":false,"Exclusion Rule Type":"None","UNR":"none","title":"auto[MRET]","All Average Grd":"0%","All Cov":"0 / 1 (0%)","Score":"0","At Least":"1","Source":"        cp_wfi : coverpoint ins.asm;"}
,{"expanded":false,"Exclusion Rule Type":"None","UNR":"none","title":"auto[DRET]","All Average Grd":"0%","All Cov":"0 / 1 (0%)","Score":"0","At Least":"1","Source":"        cp_wfi : coverpoint ins.asm;"}
,{"expanded":false,"Exclusion Rule Type":"None","UNR":"none","title":"auto[CSRR]","All Average Grd":"0%","All Cov":"0 / 1 (0%)","Score":"0","At Least":"1","Source":"        cp_wfi : coverpoint ins.asm;"}
,{"expanded":false,"Exclusion Rule Type":"None","UNR":"none","title":"auto[CSRC]","All Average Grd":"0%","All Cov":"0 / 1 (0%)","Score":"0","At Least":"1","Source":"        cp_wfi : coverpoint ins.asm;"}
,{"expanded":false,"Exclusion Rule Type":"None","UNR":"none","title":"auto[CSRCI]","All Average Grd":"0%","All Cov":"0 / 1 (0%)","Score":"0","At Least":"1","Source":"        cp_wfi : coverpoint ins.asm;"}
,{"expanded":false,"Exclusion Rule Type":"None","UNR":"none","title":"auto[CSRRC]","All Average Grd":"100%","All Cov":"1 / 1 (100%)","Score":"770","At Least":"1","Source":"        cp_wfi : coverpoint ins.asm;"}
,{"expanded":false,"Exclusion Rule Type":"None","UNR":"none","title":"auto[CSRRCI]","All Average Grd":"100%","All Cov":"1 / 1 (100%)","Score":"658","At Least":"1","Source":"        cp_wfi : coverpoint ins.asm;"}
,{"expanded":false,"Exclusion Rule Type":"None","UNR":"none","title":"auto[CSRRS]","All Average Grd":"100%","All Cov":"1 / 1 (100%)","Score":"595","At Least":"1","Source":"        cp_wfi : coverpoint ins.asm;"}
,{"expanded":false,"Exclusion Rule Type":"None","UNR":"none","title":"auto[CSRRSI]","All Average Grd":"100%","All Cov":"1 / 1 (100%)","Score":"657","At Least":"1","Source":"        cp_wfi : coverpoint ins.asm;"}
,{"expanded":false,"Exclusion Rule Type":"None","UNR":"none","title":"auto[CSRRW]","All Average Grd":"100%","All Cov":"1 / 1 (100%)","Score":"215242","At Least":"1","Source":"        cp_wfi : coverpoint ins.asm;"}
,{"expanded":false,"Exclusion Rule Type":"None","UNR":"none","title":"auto[CSRRWI]","All Average Grd":"100%","All Cov":"1 / 1 (100%)","Score":"603","At Least":"1","Source":"        cp_wfi : coverpoint ins.asm;"}
,{"expanded":false,"Exclusion Rule Type":"None","UNR":"none","title":"auto[CSRS]","All Average Grd":"0%","All Cov":"0 / 1 (0%)","Score":"0","At Least":"1","Source":"        cp_wfi : coverpoint ins.asm;"}
,{"expanded":false,"Exclusion Rule Type":"None","UNR":"none","title":"auto[CSRSI]","All Average Grd":"0%","All Cov":"0 / 1 (0%)","Score":"0","At Least":"1","Source":"        cp_wfi : coverpoint ins.asm;"}
,{"expanded":false,"Exclusion Rule Type":"None","UNR":"none","title":"auto[CSRW]","All Average Grd":"0%","All Cov":"0 / 1 (0%)","Score":"0","At Least":"1","Source":"        cp_wfi : coverpoint ins.asm;"}
,{"expanded":false,"Exclusion Rule Type":"None","UNR":"none","title":"auto[CSRWI]","All Average Grd":"0%","All Cov":"0 / 1 (0%)","Score":"0","At Least":"1","Source":"        cp_wfi : coverpoint ins.asm;"}
,{"expanded":false,"Exclusion Rule Type":"None","UNR":"none","title":"auto[C_LWSP]","All Average Grd":"100%","All Cov":"1 / 1 (100%)","Score":"1426","At Least":"1","Source":"        cp_wfi : coverpoint ins.asm;"}
,{"expanded":false,"Exclusion Rule Type":"None","UNR":"none","title":"auto[C_SWSP]","All Average Grd":"100%","All Cov":"1 / 1 (100%)","Score":"18","At Least":"1","Source":"        cp_wfi : coverpoint ins.asm;"}
,{"expanded":false,"Exclusion Rule Type":"None","UNR":"none","title":"auto[C_LW]","All Average Grd":"100%","All Cov":"1 / 1 (100%)","Score":"2","At Least":"1","Source":"        cp_wfi : coverpoint ins.asm;"}
,{"expanded":false,"Exclusion Rule Type":"None","UNR":"none","title":"auto[C_SW]","All Average Grd":"100%","All Cov":"1 / 1 (100%)","Score":"2","At Least":"1","Source":"        cp_wfi : coverpoint ins.asm;"}
,{"expanded":false,"Exclusion Rule Type":"None","UNR":"none","title":"auto[C_BEQZ]","All Average Grd":"100%","All Cov":"1 / 1 (100%)","Score":"499","At Least":"1","Source":"        cp_wfi : coverpoint ins.asm;"}
,{"expanded":false,"Exclusion Rule Type":"None","UNR":"none","title":"auto[C_BNEZ]","All Average Grd":"100%","All Cov":"1 / 1 (100%)","Score":"527","At Least":"1","Source":"        cp_wfi : coverpoint ins.asm;"}
,{"expanded":false,"Exclusion Rule Type":"None","UNR":"none","title":"auto[C_J]","All Average Grd":"100%","All Cov":"1 / 1 (100%)","Score":"5","At Least":"1","Source":"        cp_wfi : coverpoint ins.asm;"}
,{"expanded":false,"Exclusion Rule Type":"None","UNR":"none","title":"auto[C_JR]","All Average Grd":"0%","All Cov":"0 / 1 (0%)","Score":"0","At Least":"1","Source":"        cp_wfi : coverpoint ins.asm;"}
,{"expanded":false,"Exclusion Rule Type":"None","UNR":"none","title":"auto[C_JAL]","All Average Grd":"0%","All Cov":"0 / 1 (0%)","Score":"0","At Least":"1","Source":"        cp_wfi : coverpoint ins.asm;"}
,{"expanded":false,"Exclusion Rule Type":"None","UNR":"none","title":"auto[C_JALR]","All Average Grd":"100%","All Cov":"1 / 1 (100%)","Score":"2","At Least":"1","Source":"        cp_wfi : coverpoint ins.asm;"}
,{"expanded":false,"Exclusion Rule Type":"None","UNR":"none","title":"auto[C_LI]","All Average Grd":"100%","All Cov":"1 / 1 (100%)","Score":"28249","At Least":"1","Source":"        cp_wfi : coverpoint ins.asm;"}
,{"expanded":false,"Exclusion Rule Type":"None","UNR":"none","title":"auto[C_LUI]","All Average Grd":"100%","All Cov":"1 / 1 (100%)","Score":"28026","At Least":"1","Source":"        cp_wfi : coverpoint ins.asm;"}
,{"expanded":false,"Exclusion Rule Type":"None","UNR":"none","title":"auto[C_ADDI]","All Average Grd":"100%","All Cov":"1 / 1 (100%)","Score":"13720","At Least":"1","Source":"        cp_wfi : coverpoint ins.asm;"}
,{"expanded":false,"Exclusion Rule Type":"None","UNR":"none","title":"auto[C_ADDI16SP]","All Average Grd":"100%","All Cov":"1 / 1 (100%)","Score":"20914","At Least":"1","Source":"        cp_wfi : coverpoint ins.asm;"}
,{"expanded":false,"Exclusion Rule Type":"None","UNR":"none","title":"auto[C_ADDI4SPN]","All Average Grd":"100%","All Cov":"1 / 1 (100%)","Score":"15490","At Least":"1","Source":"        cp_wfi : coverpoint ins.asm;"}
,{"expanded":false,"Exclusion Rule Type":"None","UNR":"none","title":"auto[C_SLLI]","All Average Grd":"100%","All Cov":"1 / 1 (100%)","Score":"28127","At Least":"1","Source":"        cp_wfi : coverpoint ins.asm;"}
,{"expanded":false,"Exclusion Rule Type":"None","UNR":"none","title":"auto[C_SRLI]","All Average Grd":"100%","All Cov":"1 / 1 (100%)","Score":"21152","At Least":"1","Source":"        cp_wfi : coverpoint ins.asm;"}
,{"expanded":false,"Exclusion Rule Type":"None","UNR":"none","title":"auto[C_SRAI]","All Average Grd":"100%","All Cov":"1 / 1 (100%)","Score":"37233","At Least":"1","Source":"        cp_wfi : coverpoint ins.asm;"}
,{"expanded":false,"Exclusion Rule Type":"None","UNR":"none","title":"auto[C_ANDI]","All Average Grd":"100%","All Cov":"1 / 1 (100%)","Score":"20894","At Least":"1","Source":"        cp_wfi : coverpoint ins.asm;"}
,{"expanded":false,"Exclusion Rule Type":"None","UNR":"none","title":"auto[C_ADD]","All Average Grd":"100%","All Cov":"1 / 1 (100%)","Score":"41937","At Least":"1","Source":"        cp_wfi : coverpoint ins.asm;"}
,{"expanded":false,"Exclusion Rule Type":"None","UNR":"none","title":"auto[C_AND]","All Average Grd":"100%","All Cov":"1 / 1 (100%)","Score":"23763","At Least":"1","Source":"        cp_wfi : coverpoint ins.asm;"}
,{"expanded":false,"Exclusion Rule Type":"None","UNR":"none","title":"auto[C_OR]","All Average Grd":"100%","All Cov":"1 / 1 (100%)","Score":"21180","At Least":"1","Source":"        cp_wfi : coverpoint ins.asm;"}
,{"expanded":false,"Exclusion Rule Type":"None","UNR":"none","title":"auto[C_XOR]","All Average Grd":"100%","All Cov":"1 / 1 (100%)","Score":"21422","At Least":"1","Source":"        cp_wfi : coverpoint ins.asm;"}
,{"expanded":false,"Exclusion Rule Type":"None","UNR":"none","title":"auto[C_SUB]","All Average Grd":"100%","All Cov":"1 / 1 (100%)","Score":"21126","At Least":"1","Source":"        cp_wfi : coverpoint ins.asm;"}
,{"expanded":false,"Exclusion Rule Type":"None","UNR":"none","title":"auto[C_NOP]","All Average Grd":"100%","All Cov":"1 / 1 (100%)","Score":"55953","At Least":"1","Source":"        cp_wfi : coverpoint ins.asm;"}
,{"expanded":false,"Exclusion Rule Type":"None","UNR":"none","title":"auto[C_EBREAK]","All Average Grd":"0%","All Cov":"0 / 1 (0%)","Score":"0","At Least":"1","Source":"        cp_wfi : coverpoint ins.asm;"}
],"columns":""}
]}
]
}
