{"assertion_items"
:[{"expanded":false,"Exclusion Rule Type":"None","UNR":"none","title":"a_irq_enabled_1","All Average Grd":"100%","Assertion Status Grd":"100%","Enclosing Entity":"uvmt_cv32_tb.dut_wrap.cv32e40p_wrapper_i.core_i.genblk4","Source":"    a_irq_enabled_1 : assert property(p_irq_enabled_1);"}
,{"expanded":false,"Exclusion Rule Type":"None","UNR":"none","title":"a_irq_enabled_0","All Average Grd":"100%","Assertion Status Grd":"100%","Enclosing Entity":"uvmt_cv32_tb.dut_wrap.cv32e40p_wrapper_i.core_i.genblk4","Source":"    a_irq_enabled_0 : assert property(p_irq_enabled_0);"}
]}
