{
"block_items":[{"expanded":false,"Exclusion Rule Type":"None","UNR":"none","Index":"12","Blk Type":"implicit else","Src Start Line":"388","Score":"0","All Average Grd":"0%","Enclosing Entity":"uvmt_cv32_tb.dut_wrap.cv32e40p_wrapper_i.core_i.id_stage_i.controller_i","Source":"        if ((id_ready_i == 1'b1) )"}
,{"expanded":false,"Exclusion Rule Type":"None","UNR":"none","Index":"17","Blk Type":"true part of","Src Start Line":"403","Score":"0","All Average Grd":"0%","Enclosing Entity":"uvmt_cv32_tb.dut_wrap.cv32e40p_wrapper_i.core_i.id_stage_i.controller_i","Source":"        begin"}
,{"expanded":false,"Exclusion Rule Type":"None","UNR":"none","Index":"27","Blk Type":"true part of","Src Start Line":"476","Score":"0","All Average Grd":"0%","Enclosing Entity":"uvmt_cv32_tb.dut_wrap.cv32e40p_wrapper_i.core_i.id_stage_i.controller_i","Source":"              begin"}
,{"expanded":false,"Exclusion Rule Type":"None","UNR":"none","Index":"37","Blk Type":"true part of","Src Start Line":"527","Score":"0","All Average Grd":"0%","Enclosing Entity":"uvmt_cv32_tb.dut_wrap.cv32e40p_wrapper_i.core_i.id_stage_i.controller_i","Source":"                        ctrl_fsm_ns = DBG_FLUSH;"}
,{"expanded":false,"Exclusion Rule Type":"None","UNR":"none","Index":"39","Blk Type":"true part of","Src Start Line":"531","Score":"0","All Average Grd":"0%","Enclosing Entity":"uvmt_cv32_tb.dut_wrap.cv32e40p_wrapper_i.core_i.id_stage_i.controller_i","Source":"                        ctrl_fsm_ns  = DBG_FLUSH;"}
,{"expanded":false,"Exclusion Rule Type":"None","UNR":"none","Index":"60","Blk Type":"true part of","Src Start Line":"612","Score":"0","All Average Grd":"0%","Enclosing Entity":"uvmt_cv32_tb.dut_wrap.cv32e40p_wrapper_i.core_i.id_stage_i.controller_i","Source":"                if (debug_single_step_i & ~debug_mode_q) begin"}
,{"expanded":false,"Exclusion Rule Type":"None","UNR":"none","Index":"61","Blk Type":"true part of","Src Start Line":"624","Score":"0","All Average Grd":"0%","Enclosing Entity":"uvmt_cv32_tb.dut_wrap.cv32e40p_wrapper_i.core_i.id_stage_i.controller_i","Source":"                    if (id_ready_i) begin"}
,{"expanded":false,"Exclusion Rule Type":"None","UNR":"none","Index":"62","Blk Type":"a case item of","Src Start Line":"629","Score":"0","All Average Grd":"0%","Enclosing Entity":"uvmt_cv32_tb.dut_wrap.cv32e40p_wrapper_i.core_i.id_stage_i.controller_i","Source":"                        begin"}
,{"expanded":false,"Exclusion Rule Type":"None","UNR":"none","Index":"63","Blk Type":"a case item of","Src Start Line":"634","Score":"0","All Average Grd":"0%","Enclosing Entity":"uvmt_cv32_tb.dut_wrap.cv32e40p_wrapper_i.core_i.id_stage_i.controller_i","Source":"                        begin"}
,{"expanded":false,"Exclusion Rule Type":"None","UNR":"none","Index":"64","Blk Type":"a case item of","Src Start Line":"639","Score":"0","All Average Grd":"0%","Enclosing Entity":"uvmt_cv32_tb.dut_wrap.cv32e40p_wrapper_i.core_i.id_stage_i.controller_i","Source":"                        begin"}
,{"expanded":false,"Exclusion Rule Type":"None","UNR":"none","Index":"65","Blk Type":"a case item of","Src Start Line":"644","Score":"0","All Average Grd":"0%","Enclosing Entity":"uvmt_cv32_tb.dut_wrap.cv32e40p_wrapper_i.core_i.id_stage_i.controller_i","Source":"                        begin"}
,{"expanded":false,"Exclusion Rule Type":"None","UNR":"none","Index":"66","Blk Type":"a case item of","Src Start Line":"650","Score":"0","All Average Grd":"0%","Enclosing Entity":"uvmt_cv32_tb.dut_wrap.cv32e40p_wrapper_i.core_i.id_stage_i.controller_i","Source":"                            ctrl_fsm_ns = DBG_FLUSH;"}
,{"expanded":false,"Exclusion Rule Type":"None","UNR":"none","Index":"67","Blk Type":"implicit else","Src Start Line":"624","Score":"0","All Average Grd":"0%","Enclosing Entity":"uvmt_cv32_tb.dut_wrap.cv32e40p_wrapper_i.core_i.id_stage_i.controller_i","Source":"                    if (id_ready_i) begin"}
,{"expanded":false,"Exclusion Rule Type":"None","UNR":"none","Index":"144","Blk Type":"true part of","Src Start Line":"1029","Score":"0","All Average Grd":"0%","Enclosing Entity":"uvmt_cv32_tb.dut_wrap.cv32e40p_wrapper_i.core_i.id_stage_i.controller_i","Source":"                  ctrl_fsm_ns = DBG_TAKEN_IF;"}
,{"expanded":false,"Exclusion Rule Type":"None","UNR":"none","Index":"148","Blk Type":"true part of","Src Start Line":"1040","Score":"0","All Average Grd":"0%","Enclosing Entity":"uvmt_cv32_tb.dut_wrap.cv32e40p_wrapper_i.core_i.id_stage_i.controller_i","Source":"                      ctrl_fsm_ns = DBG_TAKEN_IF;"}
,{"expanded":false,"Exclusion Rule Type":"None","UNR":"none","Index":"151","Blk Type":"true part of","Src Start Line":"1052","Score":"0","All Average Grd":"0%","Enclosing Entity":"uvmt_cv32_tb.dut_wrap.cv32e40p_wrapper_i.core_i.id_stage_i.controller_i","Source":"                      ctrl_fsm_ns = DBG_TAKEN_IF;"}
,{"expanded":false,"Exclusion Rule Type":"None","UNR":"none","Index":"155","Blk Type":"a case item of","Src Start Line":"1063","Score":"0","All Average Grd":"0%","Enclosing Entity":"uvmt_cv32_tb.dut_wrap.cv32e40p_wrapper_i.core_i.id_stage_i.controller_i","Source":"              dret_insn_i: begin"}
,{"expanded":false,"Exclusion Rule Type":"None","UNR":"none","Index":"167","Blk Type":"a case item of","Src Start Line":"1095","Score":"0","All Average Grd":"0%","Enclosing Entity":"uvmt_cv32_tb.dut_wrap.cv32e40p_wrapper_i.core_i.id_stage_i.controller_i","Source":"              default:;"}
,{"expanded":false,"Exclusion Rule Type":"None","UNR":"none","Index":"171","Blk Type":"a case item of","Src Start Line":"1119","Score":"0","All Average Grd":"0%","Enclosing Entity":"uvmt_cv32_tb.dut_wrap.cv32e40p_wrapper_i.core_i.id_stage_i.controller_i","Source":"          dret_dec_i: begin"}
,{"expanded":false,"Exclusion Rule Type":"None","UNR":"none","Index":"174","Blk Type":"true part of","Src Start Line":"1129","Score":"0","All Average Grd":"0%","Enclosing Entity":"uvmt_cv32_tb.dut_wrap.cv32e40p_wrapper_i.core_i.id_stage_i.controller_i","Source":"        if (debug_single_step_i && ~debug_mode_q) begin"}
,{"expanded":false,"Exclusion Rule Type":"None","UNR":"none","Index":"176","Blk Type":"a case item of","Src Start Line":"1137","Score":"0","All Average Grd":"0%","Enclosing Entity":"uvmt_cv32_tb.dut_wrap.cv32e40p_wrapper_i.core_i.id_stage_i.controller_i","Source":"      begin"}
,{"expanded":false,"Exclusion Rule Type":"None","UNR":"none","Index":"177","Blk Type":"true part of","Src Start Line":"1141","Score":"0","All Average Grd":"0%","Enclosing Entity":"uvmt_cv32_tb.dut_wrap.cv32e40p_wrapper_i.core_i.id_stage_i.controller_i","Source":"        if (branch_taken_ex_i) begin"}
,{"expanded":false,"Exclusion Rule Type":"None","UNR":"none","Index":"178","Blk Type":"implicit else","Src Start Line":"1141","Score":"0","All Average Grd":"0%","Enclosing Entity":"uvmt_cv32_tb.dut_wrap.cv32e40p_wrapper_i.core_i.id_stage_i.controller_i","Source":"        if (branch_taken_ex_i) begin"}
,{"expanded":false,"Exclusion Rule Type":"None","UNR":"none","Index":"179","Blk Type":"code block","Src Start Line":"1147","Score":"0","All Average Grd":"0%","Enclosing Entity":"uvmt_cv32_tb.dut_wrap.cv32e40p_wrapper_i.core_i.id_stage_i.controller_i","Source":"        ctrl_fsm_ns = DBG_FLUSH;"}
,{"expanded":false,"Exclusion Rule Type":"None","UNR":"none","Index":"180","Blk Type":"a case item of","Src Start Line":"1159","Score":"0","All Average Grd":"0%","Enclosing Entity":"uvmt_cv32_tb.dut_wrap.cv32e40p_wrapper_i.core_i.id_stage_i.controller_i","Source":"      begin"}
,{"expanded":false,"Exclusion Rule Type":"None","UNR":"none","Index":"181","Blk Type":"true part of","Src Start Line":"1165","Score":"0","All Average Grd":"0%","Enclosing Entity":"uvmt_cv32_tb.dut_wrap.cv32e40p_wrapper_i.core_i.id_stage_i.controller_i","Source":"            (ebrk_insn_i && ebrk_force_debug_mode && (~debug_mode_q))) begin"}
,{"expanded":false,"Exclusion Rule Type":"None","UNR":"none","Index":"182","Blk Type":"true part of","Src Start Line":"1170","Score":"0","All Average Grd":"0%","Enclosing Entity":"uvmt_cv32_tb.dut_wrap.cv32e40p_wrapper_i.core_i.id_stage_i.controller_i","Source":"                debug_cause_o = DBG_CAUSE_HALTREQ;"}
,{"expanded":false,"Exclusion Rule Type":"None","UNR":"none","Index":"183","Blk Type":"implicit else","Src Start Line":"1169","Score":"0","All Average Grd":"0%","Enclosing Entity":"uvmt_cv32_tb.dut_wrap.cv32e40p_wrapper_i.core_i.id_stage_i.controller_i","Source":"            if (debug_req_pending)"}
,{"expanded":false,"Exclusion Rule Type":"None","UNR":"none","Index":"184","Blk Type":"code block","Src Start Line":"1171","Score":"0","All Average Grd":"0%","Enclosing Entity":"uvmt_cv32_tb.dut_wrap.cv32e40p_wrapper_i.core_i.id_stage_i.controller_i","Source":"            if (ebrk_insn_i)"}
,{"expanded":false,"Exclusion Rule Type":"None","UNR":"none","Index":"185","Blk Type":"true part of","Src Start Line":"1172","Score":"0","All Average Grd":"0%","Enclosing Entity":"uvmt_cv32_tb.dut_wrap.cv32e40p_wrapper_i.core_i.id_stage_i.controller_i","Source":"                debug_cause_o = DBG_CAUSE_EBREAK;"}
,{"expanded":false,"Exclusion Rule Type":"None","UNR":"none","Index":"186","Blk Type":"implicit else","Src Start Line":"1171","Score":"0","All Average Grd":"0%","Enclosing Entity":"uvmt_cv32_tb.dut_wrap.cv32e40p_wrapper_i.core_i.id_stage_i.controller_i","Source":"            if (ebrk_insn_i)"}
,{"expanded":false,"Exclusion Rule Type":"None","UNR":"none","Index":"187","Blk Type":"code block","Src Start Line":"1173","Score":"0","All Average Grd":"0%","Enclosing Entity":"uvmt_cv32_tb.dut_wrap.cv32e40p_wrapper_i.core_i.id_stage_i.controller_i","Source":"            if (trigger_match_i)"}
,{"expanded":false,"Exclusion Rule Type":"None","UNR":"none","Index":"188","Blk Type":"true part of","Src Start Line":"1174","Score":"0","All Average Grd":"0%","Enclosing Entity":"uvmt_cv32_tb.dut_wrap.cv32e40p_wrapper_i.core_i.id_stage_i.controller_i","Source":"                debug_cause_o = DBG_CAUSE_TRIGGER;"}
,{"expanded":false,"Exclusion Rule Type":"None","UNR":"none","Index":"189","Blk Type":"implicit else","Src Start Line":"1173","Score":"0","All Average Grd":"0%","Enclosing Entity":"uvmt_cv32_tb.dut_wrap.cv32e40p_wrapper_i.core_i.id_stage_i.controller_i","Source":"            if (trigger_match_i)"}
,{"expanded":false,"Exclusion Rule Type":"None","UNR":"none","Index":"190","Blk Type":"code block","Src Start Line":"1175","Score":"0","All Average Grd":"0%","Enclosing Entity":"uvmt_cv32_tb.dut_wrap.cv32e40p_wrapper_i.core_i.id_stage_i.controller_i","Source":"            if (debug_single_step_i)"}
,{"expanded":false,"Exclusion Rule Type":"None","UNR":"none","Index":"192","Blk Type":"implicit else","Src Start Line":"1175","Score":"0","All Average Grd":"0%","Enclosing Entity":"uvmt_cv32_tb.dut_wrap.cv32e40p_wrapper_i.core_i.id_stage_i.controller_i","Source":"            if (debug_single_step_i)"}
,{"expanded":false,"Exclusion Rule Type":"None","UNR":"none","Index":"193","Blk Type":"implicit else","Src Start Line":"1164","Score":"0","All Average Grd":"0%","Enclosing Entity":"uvmt_cv32_tb.dut_wrap.cv32e40p_wrapper_i.core_i.id_stage_i.controller_i","Source":"        if (((debug_req_pending || trigger_match_i || debug_single_step_i) && (~debug_mode_q)) ||"}
,{"expanded":false,"Exclusion Rule Type":"None","UNR":"none","Index":"194","Blk Type":"code block","Src Start Line":"1178","Score":"0","All Average Grd":"0%","Enclosing Entity":"uvmt_cv32_tb.dut_wrap.cv32e40p_wrapper_i.core_i.id_stage_i.controller_i","Source":"        ctrl_fsm_ns  = DECODE;"}
,{"expanded":false,"Exclusion Rule Type":"None","UNR":"none","Index":"195","Blk Type":"a case item of","Src Start Line":"1183","Score":"0","All Average Grd":"0%","Enclosing Entity":"uvmt_cv32_tb.dut_wrap.cv32e40p_wrapper_i.core_i.id_stage_i.controller_i","Source":"      begin"}
,{"expanded":false,"Exclusion Rule Type":"None","UNR":"none","Index":"196","Blk Type":"true part of","Src Start Line":"1191","Score":"0","All Average Grd":"0%","Enclosing Entity":"uvmt_cv32_tb.dut_wrap.cv32e40p_wrapper_i.core_i.id_stage_i.controller_i","Source":"            debug_cause_o = DBG_CAUSE_STEP;"}
,{"expanded":false,"Exclusion Rule Type":"None","UNR":"none","Index":"197","Blk Type":"implicit else","Src Start Line":"1190","Score":"0","All Average Grd":"0%","Enclosing Entity":"uvmt_cv32_tb.dut_wrap.cv32e40p_wrapper_i.core_i.id_stage_i.controller_i","Source":"        if (debug_single_step_i)"}
,{"expanded":false,"Exclusion Rule Type":"None","UNR":"none","Index":"198","Blk Type":"code block","Src Start Line":"1192","Score":"0","All Average Grd":"0%","Enclosing Entity":"uvmt_cv32_tb.dut_wrap.cv32e40p_wrapper_i.core_i.id_stage_i.controller_i","Source":"        if (debug_req_pending)"}
,{"expanded":false,"Exclusion Rule Type":"None","UNR":"none","Index":"199","Blk Type":"true part of","Src Start Line":"1193","Score":"0","All Average Grd":"0%","Enclosing Entity":"uvmt_cv32_tb.dut_wrap.cv32e40p_wrapper_i.core_i.id_stage_i.controller_i","Source":"            debug_cause_o = DBG_CAUSE_HALTREQ;"}
,{"expanded":false,"Exclusion Rule Type":"None","UNR":"none","Index":"200","Blk Type":"implicit else","Src Start Line":"1192","Score":"0","All Average Grd":"0%","Enclosing Entity":"uvmt_cv32_tb.dut_wrap.cv32e40p_wrapper_i.core_i.id_stage_i.controller_i","Source":"        if (debug_req_pending)"}
,{"expanded":false,"Exclusion Rule Type":"None","UNR":"none","Index":"201","Blk Type":"code block","Src Start Line":"1194","Score":"0","All Average Grd":"0%","Enclosing Entity":"uvmt_cv32_tb.dut_wrap.cv32e40p_wrapper_i.core_i.id_stage_i.controller_i","Source":"        if (ebrk_insn_i)"}
,{"expanded":false,"Exclusion Rule Type":"None","UNR":"none","Index":"202","Blk Type":"true part of","Src Start Line":"1195","Score":"0","All Average Grd":"0%","Enclosing Entity":"uvmt_cv32_tb.dut_wrap.cv32e40p_wrapper_i.core_i.id_stage_i.controller_i","Source":"            debug_cause_o = DBG_CAUSE_EBREAK;"}
,{"expanded":false,"Exclusion Rule Type":"None","UNR":"none","Index":"203","Blk Type":"implicit else","Src Start Line":"1194","Score":"0","All Average Grd":"0%","Enclosing Entity":"uvmt_cv32_tb.dut_wrap.cv32e40p_wrapper_i.core_i.id_stage_i.controller_i","Source":"        if (ebrk_insn_i)"}
,{"expanded":false,"Exclusion Rule Type":"None","UNR":"none","Index":"204","Blk Type":"code block","Src Start Line":"1196","Score":"0","All Average Grd":"0%","Enclosing Entity":"uvmt_cv32_tb.dut_wrap.cv32e40p_wrapper_i.core_i.id_stage_i.controller_i","Source":"        if (trigger_match_i)"}
,{"expanded":false,"Exclusion Rule Type":"None","UNR":"none","Index":"205","Blk Type":"true part of","Src Start Line":"1197","Score":"0","All Average Grd":"0%","Enclosing Entity":"uvmt_cv32_tb.dut_wrap.cv32e40p_wrapper_i.core_i.id_stage_i.controller_i","Source":"          debug_cause_o   = DBG_CAUSE_TRIGGER;"}
,{"expanded":false,"Exclusion Rule Type":"None","UNR":"none","Index":"206","Blk Type":"implicit else","Src Start Line":"1196","Score":"0","All Average Grd":"0%","Enclosing Entity":"uvmt_cv32_tb.dut_wrap.cv32e40p_wrapper_i.core_i.id_stage_i.controller_i","Source":"        if (trigger_match_i)"}
,{"expanded":false,"Exclusion Rule Type":"None","UNR":"none","Index":"207","Blk Type":"code block","Src Start Line":"1198","Score":"0","All Average Grd":"0%","Enclosing Entity":"uvmt_cv32_tb.dut_wrap.cv32e40p_wrapper_i.core_i.id_stage_i.controller_i","Source":"        csr_save_if_o   = 1'b1;"}
,{"expanded":false,"Exclusion Rule Type":"None","UNR":"none","Index":"208","Blk Type":"a case item of","Src Start Line":"1205","Score":"0","All Average Grd":"0%","Enclosing Entity":"uvmt_cv32_tb.dut_wrap.cv32e40p_wrapper_i.core_i.id_stage_i.controller_i","Source":"      begin"}
,{"expanded":false,"Exclusion Rule Type":"None","UNR":"none","Index":"210","Blk Type":"false part of","Src Start Line":"1224","Score":"0","All Average Grd":"0%","Enclosing Entity":"uvmt_cv32_tb.dut_wrap.cv32e40p_wrapper_i.core_i.id_stage_i.controller_i","Source":"        else begin"}
,{"expanded":false,"Exclusion Rule Type":"None","UNR":"none","Index":"211","Blk Type":"true part of","Src Start Line":"1225","Score":"0","All Average Grd":"0%","Enclosing Entity":"uvmt_cv32_tb.dut_wrap.cv32e40p_wrapper_i.core_i.id_stage_i.controller_i","Source":"          if(debug_mode_q) begin //ebreak in debug rom"}
,{"expanded":false,"Exclusion Rule Type":"None","UNR":"none","Index":"212","Blk Type":"false part of","Src Start Line":"1227","Score":"0","All Average Grd":"0%","Enclosing Entity":"uvmt_cv32_tb.dut_wrap.cv32e40p_wrapper_i.core_i.id_stage_i.controller_i","Source":"          end else if(data_load_event_i) begin"}
,{"expanded":false,"Exclusion Rule Type":"None","UNR":"none","Index":"214","Blk Type":"false part of","Src Start Line":"1229","Score":"0","All Average Grd":"0%","Enclosing Entity":"uvmt_cv32_tb.dut_wrap.cv32e40p_wrapper_i.core_i.id_stage_i.controller_i","Source":"          end else if (debug_single_step_i) begin"}
,{"expanded":false,"Exclusion Rule Type":"None","UNR":"none","Index":"215","Blk Type":"true part of","Src Start Line":"1229","Score":"0","All Average Grd":"0%","Enclosing Entity":"uvmt_cv32_tb.dut_wrap.cv32e40p_wrapper_i.core_i.id_stage_i.controller_i","Source":"          end else if (debug_single_step_i) begin"}
,{"expanded":false,"Exclusion Rule Type":"None","UNR":"none","Index":"216","Blk Type":"false part of","Src Start Line":"1232","Score":"0","All Average Grd":"0%","Enclosing Entity":"uvmt_cv32_tb.dut_wrap.cv32e40p_wrapper_i.core_i.id_stage_i.controller_i","Source":"          end else begin"}
,{"expanded":false,"Exclusion Rule Type":"None","UNR":"none","Index":"253","Blk Type":"true part of","Src Start Line":"1392","Score":"0","All Average Grd":"0%","Enclosing Entity":"uvmt_cv32_tb.dut_wrap.cv32e40p_wrapper_i.core_i.id_stage_i.controller_i","Source":"    begin"}
,{"expanded":false,"Exclusion Rule Type":"None","UNR":"none","Index":"267","Blk Type":"true part of","Src Start Line":"1465","Score":"0","All Average Grd":"0%","Enclosing Entity":"uvmt_cv32_tb.dut_wrap.cv32e40p_wrapper_i.core_i.id_stage_i.controller_i","Source":"        debug_req_q <= 1'b1;"}
,{"expanded":false,"Exclusion Rule Type":"None","UNR":"none","Index":"269","Blk Type":"true part of","Src Start Line":"1467","Score":"0","All Average Grd":"0%","Enclosing Entity":"uvmt_cv32_tb.dut_wrap.cv32e40p_wrapper_i.core_i.id_stage_i.controller_i","Source":"        debug_req_q <= 1'b0;"}
],"assertion_items"
:[{"expanded":false,"Exclusion Rule Type":"None","UNR":"none","title":"a_hwlp_same_target_address","All Average Grd":"0%","Assertion Status Grd":"0%","Enclosing Entity":"uvmt_cv32_tb.dut_wrap.cv32e40p_wrapper_i.core_i.id_stage_i.controller_i","Source":"  a_hwlp_same_target_address : assert property(p_hwlp_same_target_address) else $warning(\"%t, HWLoops target address do not respect constraints\", $time);"}
]
,"expression_items":[{"expanded":false,"expanded":false,"Exclusion Rule Type":"None","Index":"2","All Average Grd":"33.33%","All Cov":"1 / 3 (33.33%)","Src Start Line":"402","Enclosing Entity":"uvmt_cv32_tb.dut_wrap.cv32e40p_wrapper_i.core_i.id_stage_i.controller_i","Source":"        if ((debug_req_pending || trigger_match_i) & (~debug_mode_q))"
,"subitems":[{"expanded":false,"expanded":false,"Exclusion Rule Type":"None","Index":"1","All Average Grd":"33.33%","All Cov":"1 / 3 (33.33%)","Source":"        if ((debug_req_pending || trigger_match_i) & (~debug_mode_q))","table_type":"cov"
,"subitems":[{"title":"1;-","expanded":false,"Exclusion Rule Type":"None","UNR":"none","Score":"0","Out":"n/a"}
,{"title":"-;1","expanded":false,"Exclusion Rule Type":"None","UNR":"none","Score":"0","Out":"n/a"}
,{"title":"0;0","expanded":false,"Exclusion Rule Type":"None","UNR":"none","Score":"1","Out":"n/a"}
],"cov_table_title":"Coverage Table","header":"(debug_req_pending || trigger_match_i)","columns":"debug_req_pending;trigger_match_i"}
]}
,{"expanded":false,"expanded":false,"Exclusion Rule Type":"None","Index":"4","All Average Grd":"33.33%","All Cov":"1 / 3 (33.33%)","Src Start Line":"475","Enclosing Entity":"uvmt_cv32_tb.dut_wrap.cv32e40p_wrapper_i.core_i.id_stage_i.controller_i","Source":"            if ( (debug_req_pending || trigger_match_i) & (~debug_mode_q) )"
,"subitems":[{"expanded":false,"expanded":false,"Exclusion Rule Type":"None","Index":"1","All Average Grd":"33.33%","All Cov":"1 / 3 (33.33%)","Source":"            if ( (debug_req_pending || trigger_match_i) & (~debug_mode_q) )","table_type":"cov"
,"subitems":[{"title":"1;-","expanded":false,"Exclusion Rule Type":"None","UNR":"none","Score":"0","Out":"n/a"}
,{"title":"-;1","expanded":false,"Exclusion Rule Type":"None","UNR":"none","Score":"0","Out":"n/a"}
,{"title":"0;0","expanded":false,"Exclusion Rule Type":"None","UNR":"none","Score":"1","Out":"n/a"}
],"cov_table_title":"Coverage Table","header":"(debug_req_pending || trigger_match_i)","columns":"debug_req_pending;trigger_match_i"}
]}
,{"expanded":false,"expanded":false,"Exclusion Rule Type":"None","Index":"14","All Average Grd":"33.33%","All Cov":"1 / 3 (33.33%)","Src Start Line":"1028","Enclosing Entity":"uvmt_cv32_tb.dut_wrap.cv32e40p_wrapper_i.core_i.id_stage_i.controller_i","Source":"              if (debug_single_step_i && ~debug_mode_q)"
,"subitems":[{"expanded":false,"expanded":false,"Exclusion Rule Type":"None","Index":"1","All Average Grd":"33.33%","All Cov":"1 / 3 (33.33%)","Source":"              if (debug_single_step_i && ~debug_mode_q)","table_type":"cov"
,"subitems":[{"title":"1;0","expanded":false,"Exclusion Rule Type":"None","UNR":"none","Score":"0","Out":"1"}
,{"title":"-;1","expanded":false,"Exclusion Rule Type":"None","UNR":"none","Score":"0","Out":"0"}
,{"title":"0;-","expanded":false,"Exclusion Rule Type":"None","UNR":"none","Score":"1","Out":"0"}
],"cov_table_title":"Coverage Table with Output","header":"debug_single_step_i && (~ debug_mode_q)","columns":"debug_single_step_i;debug_mode_q"}
]}
,{"expanded":false,"expanded":false,"Exclusion Rule Type":"None","Index":"15","All Average Grd":"50%","All Cov":"1 / 2 (50%)","Src Start Line":"1039","Enclosing Entity":"uvmt_cv32_tb.dut_wrap.cv32e40p_wrapper_i.core_i.id_stage_i.controller_i","Source":"                  if (debug_single_step_i && ~debug_mode_q)"
,"subitems":[{"expanded":false,"expanded":false,"Exclusion Rule Type":"None","Index":"1","All Average Grd":"50%","All Cov":"1 / 2 (50%)","Source":"                  if (debug_single_step_i && ~debug_mode_q)","table_type":"cov"
,"subitems":[{"title":"1;0","expanded":false,"Exclusion Rule Type":"None","UNR":"none","Score":"0","Out":"1"}
,{"title":"-;1","expanded":false,"Exclusion Rule Type":"Analysis Time","UNR":"none","Score":"0","Out":"0","excluded":"1"}
,{"title":"0;-","expanded":false,"Exclusion Rule Type":"None","UNR":"none","Score":"1","Out":"0"}
],"cov_table_title":"Coverage Table with Output","header":"debug_single_step_i && (~ debug_mode_q)","columns":"debug_single_step_i;debug_mode_q"}
]}
,{"expanded":false,"expanded":false,"Exclusion Rule Type":"None","Index":"16","All Average Grd":"33.33%","All Cov":"1 / 3 (33.33%)","Src Start Line":"1051","Enclosing Entity":"uvmt_cv32_tb.dut_wrap.cv32e40p_wrapper_i.core_i.id_stage_i.controller_i","Source":"                  if (debug_single_step_i && ~debug_mode_q)"
,"subitems":[{"expanded":false,"expanded":false,"Exclusion Rule Type":"None","Index":"1","All Average Grd":"33.33%","All Cov":"1 / 3 (33.33%)","Source":"                  if (debug_single_step_i && ~debug_mode_q)","table_type":"cov"
,"subitems":[{"title":"1;0","expanded":false,"Exclusion Rule Type":"None","UNR":"none","Score":"0","Out":"1"}
,{"title":"-;1","expanded":false,"Exclusion Rule Type":"None","UNR":"none","Score":"0","Out":"0"}
,{"title":"0;-","expanded":false,"Exclusion Rule Type":"None","UNR":"none","Score":"1","Out":"0"}
],"cov_table_title":"Coverage Table with Output","header":"debug_single_step_i && (~ debug_mode_q)","columns":"debug_single_step_i;debug_mode_q"}
]}
,{"expanded":false,"expanded":false,"Exclusion Rule Type":"None","Index":"19","All Average Grd":"50%","All Cov":"1 / 2 (50%)","Src Start Line":"1081","Enclosing Entity":"uvmt_cv32_tb.dut_wrap.cv32e40p_wrapper_i.core_i.id_stage_i.controller_i","Source":"                 if (debug_single_step_i && ~debug_mode_q)"
,"subitems":[{"expanded":false,"expanded":false,"Exclusion Rule Type":"None","Index":"1","All Average Grd":"50%","All Cov":"1 / 2 (50%)","Source":"                 if (debug_single_step_i && ~debug_mode_q)","table_type":"cov"
,"subitems":[{"title":"1;0","expanded":false,"Exclusion Rule Type":"Analysis Time","UNR":"none","Score":"0","Out":"1","excluded":"1"}
,{"title":"-;1","expanded":false,"Exclusion Rule Type":"None","UNR":"none","Score":"0","Out":"0"}
,{"title":"0;-","expanded":false,"Exclusion Rule Type":"None","UNR":"none","Score":"1","Out":"0"}
],"cov_table_title":"Coverage Table with Output","header":"debug_single_step_i && (~ debug_mode_q)","columns":"debug_single_step_i;debug_mode_q"}
]}
,{"expanded":false,"expanded":false,"Exclusion Rule Type":"None","Index":"20","All Average Grd":"33.33%","All Cov":"1 / 3 (33.33%)","Src Start Line":"1129","Enclosing Entity":"uvmt_cv32_tb.dut_wrap.cv32e40p_wrapper_i.core_i.id_stage_i.controller_i","Source":"        if (debug_single_step_i && ~debug_mode_q) begin"
,"subitems":[{"expanded":false,"expanded":false,"Exclusion Rule Type":"None","Index":"1","All Average Grd":"33.33%","All Cov":"1 / 3 (33.33%)","Source":"        if (debug_single_step_i && ~debug_mode_q) begin","table_type":"cov"
,"subitems":[{"title":"1;0","expanded":false,"Exclusion Rule Type":"None","UNR":"none","Score":"0","Out":"1"}
,{"title":"-;1","expanded":false,"Exclusion Rule Type":"None","UNR":"none","Score":"0","Out":"0"}
,{"title":"0;-","expanded":false,"Exclusion Rule Type":"None","UNR":"none","Score":"1","Out":"0"}
],"cov_table_title":"Coverage Table with Output","header":"debug_single_step_i && (~ debug_mode_q)","columns":"debug_single_step_i;debug_mode_q"}
]}
,{"expanded":false,"expanded":false,"Exclusion Rule Type":"None","Index":"21","All Average Grd":"0%","All Cov":"0 / 6 (0%)","Src Start Line":"1164","Enclosing Entity":"uvmt_cv32_tb.dut_wrap.cv32e40p_wrapper_i.core_i.id_stage_i.controller_i","Source":"        if (((debug_req_pending || trigger_match_i || debug_single_step_i) && (~debug_mode_q)) ||"
,"subitems":[{"expanded":false,"expanded":false,"Exclusion Rule Type":"None","Index":"1","All Average Grd":"0%","All Cov":"0 / 6 (0%)","Source":"        if (((debug_req_pending || trigger_match_i || debug_single_step_i) && (~debug_mode_q)) ||","table_type":"cov"
,"subitems":[{"title":"-;-;-;0;1;1","expanded":false,"Exclusion Rule Type":"None","UNR":"none","Score":"0","Out":"1"}
,{"title":"-;-;1;0;-;-","expanded":false,"Exclusion Rule Type":"Analysis Time","UNR":"none","Score":"0","Out":"1","excluded":"1"}
,{"title":"-;1;-;0;-;-","expanded":false,"Exclusion Rule Type":"None","UNR":"none","Score":"0","Out":"1"}
,{"title":"1;-;-;0;-;-","expanded":false,"Exclusion Rule Type":"None","UNR":"none","Score":"0","Out":"1"}
,{"title":"0;0;0;-;-;0","expanded":false,"Exclusion Rule Type":"None","UNR":"none","Score":"0","Out":"0"}
,{"title":"0;0;0;-;0;-","expanded":false,"Exclusion Rule Type":"None","UNR":"none","Score":"0","Out":"0"}
,{"title":"-;-;-;1;-;-","expanded":false,"Exclusion Rule Type":"None","UNR":"none","Score":"0","Out":"0"}
],"cov_table_title":"Coverage Table with Output","header":"(((debug_req_pending || trigger_match_i) || debug_single_step_i) && (~ debug_mode_q)) || ((ebrk_insn_i && ebrk_force_debug_mode) && (~ debug_mode_q))","columns":"debug_req_pending;trigger_match_i;debug_single_step_i;debug_mode_q;ebrk_insn_i;ebrk_force_debug_mode"}
]}
],"fsm_items"
:[{"expanded":false,"Exclusion Rule Type":"None","UNR":"none","title":"ctrl_fsm_cs","State Average Grd":"75%","Trans Average Grd":"62.96%","Arc Average Grd":"n/a","All Average Grd":"68.98%","Enclosing Entity":"uvmt_cv32_tb.dut_wrap.cv32e40p_wrapper_i.core_i.id_stage_i.controller_i","Source":"  ctrl_state_e ctrl_fsm_cs, ctrl_fsm_ns;"
,"subitems":[{"expanded":false,"Exclusion Rule Type":"None","UNR":"none","title":"DBG_WAIT_BRANCH","Encoding":"10001","Score":"0","Is Reset State":"false","All Average Grd":"0%","Source":"      DBG_WAIT_BRANCH:"}
,{"expanded":false,"Exclusion Rule Type":"None","UNR":"none","title":"DBG_TAKEN_ID","Encoding":"01110","Score":"0","Is Reset State":"false","All Average Grd":"0%","Source":"      DBG_TAKEN_ID:"}
,{"expanded":false,"Exclusion Rule Type":"None","UNR":"none","title":"DBG_TAKEN_IF","Encoding":"01111","Score":"0","Is Reset State":"false","All Average Grd":"0%","Source":"      DBG_TAKEN_IF:"}
,{"expanded":false,"Exclusion Rule Type":"None","UNR":"none","title":"DBG_FLUSH","Encoding":"10000","Score":"0","Is Reset State":"false","All Average Grd":"0%","Source":"      DBG_FLUSH:"}
]
,"subitems1":[{"expanded":false,"Exclusion Rule Type":"None","UNR":"none","Index":"6","From State title":"FIRST_FETCH","To State title":"DBG_TAKEN_IF","Score":"0","Is Reset Trans":"false","All Average Grd":"0%"
,"subitems":[]}
,{"expanded":false,"Exclusion Rule Type":"None","UNR":"none","Index":"8","From State title":"DECODE","To State title":"DBG_FLUSH","Score":"0","Is Reset Trans":"false","All Average Grd":"0%"
,"subitems":[]}
,{"expanded":false,"Exclusion Rule Type":"None","UNR":"none","Index":"13","From State title":"DECODE","To State title":"DBG_WAIT_BRANCH","Score":"0","Is Reset Trans":"false","All Average Grd":"0%"
,"subitems":[]}
,{"expanded":false,"Exclusion Rule Type":"None","UNR":"none","Index":"31","From State title":"FLUSH_WB","To State title":"DBG_TAKEN_IF","Score":"0","Is Reset Trans":"false","All Average Grd":"0%"
,"subitems":[]}
,{"expanded":false,"Exclusion Rule Type":"None","UNR":"none","Index":"35","From State title":"XRET_JUMP","To State title":"DBG_TAKEN_IF","Score":"0","Is Reset Trans":"false","All Average Grd":"0%"
,"subitems":[]}
,{"expanded":false,"Exclusion Rule Type":"None","UNR":"none","Index":"36","From State title":"DBG_WAIT_BRANCH","To State title":"DBG_FLUSH","Score":"0","Is Reset Trans":"false","All Average Grd":"0%"
,"subitems":[]}
,{"expanded":false,"Exclusion Rule Type":"None","UNR":"none","Index":"37","From State title":"DBG_TAKEN_ID","To State title":"DECODE","Score":"0","Is Reset Trans":"false","All Average Grd":"0%"
,"subitems":[]}
,{"expanded":false,"Exclusion Rule Type":"None","UNR":"none","Index":"38","From State title":"DBG_TAKEN_IF","To State title":"DECODE","Score":"0","Is Reset Trans":"false","All Average Grd":"0%"
,"subitems":[]}
,{"expanded":false,"Exclusion Rule Type":"None","UNR":"none","Index":"40","From State title":"DBG_FLUSH","To State title":"DBG_TAKEN_ID","Score":"0","Is Reset Trans":"false","All Average Grd":"0%"
,"subitems":[]}
,{"expanded":false,"Exclusion Rule Type":"None","UNR":"none","Index":"41","From State title":"DBG_FLUSH","To State title":"DBG_TAKEN_IF","Score":"0","Is Reset Trans":"false","All Average Grd":"0%"
,"subitems":[]}
]}
]}
