{
"block_items":[{"expanded":false,"Exclusion Rule Type":"None","UNR":"none","Index":"5","Blk Type":"implicit else","Src Start Line":"185","Score":"0","All Average Grd":"0%","Enclosing Entity":"uvmt_cv32_core_cntrl_if","Source":"    `uvm_info(\"CORE_CNTRL_IF\", $sformatf(\"Quasi-static CORE control inputs:\\n%s\", qsc_stat_str), UVM_NONE)"}
,{"expanded":false,"Exclusion Rule Type":"None","UNR":"none","Index":"9","Blk Type":"true part of","Src Start Line":"196","Score":"0","All Average Grd":"0%","Enclosing Entity":"uvmt_cv32_core_cntrl_if","Source":"    `uvm_info(\"CORE_CNTRL_IF\", \"uvmt_cv32_core_cntrl_if.go_fetch() called\", UVM_DEBUG)"}
],"cover_group_items"
:[{"expanded":false,"Exclusion Rule Type":"None","UNR":"none","title":"core_cntrl_cg","All Average Grd":"38.1%","All Cov":"7 / 19 (36.84%)","Enclosing Entity":"uvmt_cv32_core_cntrl_if","Source":"  covergroup core_cntrl_cg;"
,"subitems":[{"expanded":false,"Exclusion Rule Type":"None","UNR":"none","title":"clock_enable","All Average Grd":"50%","All Cov":"1 / 2 (50%)","Source":"    clock_enable: coverpoint clock_en {"
,"subitems":[{"expanded":false,"Exclusion Rule Type":"None","UNR":"none","title":"disabled","All Average Grd":"0%","All Cov":"0 / 1 (0%)","Score":"0","Source":"      bins disabled = {1'b0};"}
],"columns":""}
,{"expanded":false,"Exclusion Rule Type":"None","UNR":"none","title":"scan_enable","All Average Grd":"50%","All Cov":"1 / 2 (50%)","Source":"    scan_enable: coverpoint scan_cg_en {"
,"subitems":[{"expanded":false,"Exclusion Rule Type":"None","UNR":"none","title":"enabled","All Average Grd":"0%","All Cov":"0 / 1 (0%)","Score":"0","Source":"      bins enabled  = {1'b1};"}
],"columns":""}
,{"expanded":false,"Exclusion Rule Type":"None","UNR":"none","title":"boot_address","All Average Grd":"33.33%","All Cov":"1 / 3 (33.33%)","Source":"    boot_address: coverpoint boot_addr {"
,"subitems":[{"expanded":false,"Exclusion Rule Type":"None","UNR":"none","title":"med","All Average Grd":"0%","All Cov":"0 / 1 (0%)","Score":"0","Source":"      bins med  = {[32'h0001_0000 : 32'hEFFF_FFFF]};"}
,{"expanded":false,"Exclusion Rule Type":"None","UNR":"none","title":"high","All Average Grd":"0%","All Cov":"0 / 1 (0%)","Score":"0","Source":"      bins high = {[32'hF000_0000 : 32'hFFFF_FFFF]};"}
],"columns":""}
,{"expanded":false,"Exclusion Rule Type":"None","UNR":"none","title":"mtvec_address","All Average Grd":"33.33%","All Cov":"1 / 3 (33.33%)","Source":"    mtvec_address: coverpoint mtvec_addr {"
,"subitems":[{"expanded":false,"Exclusion Rule Type":"None","UNR":"none","title":"med","All Average Grd":"0%","All Cov":"0 / 1 (0%)","Score":"0","Source":"      bins med  = {[32'h0001_0000 : 32'hEFFF_FFFF]};"}
,{"expanded":false,"Exclusion Rule Type":"None","UNR":"none","title":"high","All Average Grd":"0%","All Cov":"0 / 1 (0%)","Score":"0","Source":"      bins high = {[32'hF000_0000 : 32'hFFFF_FFFF]};"}
],"columns":""}
,{"expanded":false,"Exclusion Rule Type":"None","UNR":"none","title":"debug_module_halt_address","All Average Grd":"33.33%","All Cov":"1 / 3 (33.33%)","Source":"    debug_module_halt_address: coverpoint dm_halt_addr {"
,"subitems":[{"expanded":false,"Exclusion Rule Type":"None","UNR":"none","title":"low","All Average Grd":"0%","All Cov":"0 / 1 (0%)","Score":"0","Source":"      bins low  = {[32'h0000_0000 : 32'h0000_FFFF]};"}
,{"expanded":false,"Exclusion Rule Type":"None","UNR":"none","title":"high","All Average Grd":"0%","All Cov":"0 / 1 (0%)","Score":"0","Source":"      bins high = {[32'hF000_0000 : 32'hFFFF_FFFF]};"}
],"columns":""}
,{"expanded":false,"Exclusion Rule Type":"None","UNR":"none","title":"debug_module_exception_address","All Average Grd":"33.33%","All Cov":"1 / 3 (33.33%)","Source":"    debug_module_exception_address: coverpoint dm_exception_addr {"
,"subitems":[{"expanded":false,"Exclusion Rule Type":"None","UNR":"none","title":"low","All Average Grd":"0%","All Cov":"0 / 1 (0%)","Score":"0","Source":"      bins low  = {[32'h0000_0000 : 32'h0000_FFFF]};"}
,{"expanded":false,"Exclusion Rule Type":"None","UNR":"none","title":"high","All Average Grd":"0%","All Cov":"0 / 1 (0%)","Score":"0","Source":"      bins high = {[32'hF000_0000 : 32'hFFFF_FFFF]};"}
],"columns":""}
,{"expanded":false,"Exclusion Rule Type":"None","UNR":"none","title":"hart_id","All Average Grd":"33.33%","All Cov":"1 / 3 (33.33%)","Source":"    hart_id: coverpoint hart_id {"
,"subitems":[{"expanded":false,"Exclusion Rule Type":"None","UNR":"none","title":"med","All Average Grd":"0%","All Cov":"0 / 1 (0%)","Score":"0","Source":"      bins med  = {[32'h0001_0000 : 32'hEFFF_FFFF]};"}
,{"expanded":false,"Exclusion Rule Type":"None","UNR":"none","title":"high","All Average Grd":"0%","All Cov":"0 / 1 (0%)","Score":"0","Source":"      bins high = {[32'hF000_0000 : 32'hFFFF_FFFF]};"}
],"columns":""}
]}
]
}
