{
"block_items":[{"expanded":false,"Exclusion Rule Type":"None","UNR":"none","Index":"3","Blk Type":"true part of","Src Start Line":"95","Score":"0","All Average Grd":"0%","Enclosing Entity":"uvmt_cv32_dut_wrap","Source":"      `uvm_info(\"DUT_WRAP\", \"waiting for load_instr_mem to be asserted.\", UVM_DEBUG)"}
,{"expanded":false,"Exclusion Rule Type":"None","UNR":"none","Index":"11","Blk Type":"implicit else","Src Start Line":"98","Score":"0","All Average Grd":"0%","Enclosing Entity":"uvmt_cv32_dut_wrap","Source":"        `uvm_info(\"DUT_WRAP\", \"load_instr_mem asserted!\", UVM_NONE)"}
,{"expanded":false,"Exclusion Rule Type":"None","UNR":"none","Index":"15","Blk Type":"true part of","Src Start Line":"104","Score":"0","All Average Grd":"0%","Enclosing Entity":"uvmt_cv32_dut_wrap","Source":"          if (fd)  `uvm_info (\"DUT_WRAP\", $sformatf(\"%s was opened successfully : (fd=%0d)\", firmware, fd), UVM_DEBUG)"}
,{"expanded":false,"Exclusion Rule Type":"None","UNR":"none","Index":"17","Blk Type":"false part of","Src Start Line":"105","Score":"0","All Average Grd":"0%","Enclosing Entity":"uvmt_cv32_dut_wrap","Source":"          else     `uvm_fatal(\"DUT_WRAP\", $sformatf(\"%s was NOT opened successfully : (fd=%0d)\", firmware, fd))"}
,{"expanded":false,"Exclusion Rule Type":"None","UNR":"none","Index":"18","Blk Type":"true part of","Src Start Line":"105","Score":"0","All Average Grd":"0%","Enclosing Entity":"uvmt_cv32_dut_wrap","Source":"          else     `uvm_fatal(\"DUT_WRAP\", $sformatf(\"%s was NOT opened successfully : (fd=%0d)\", firmware, fd))"}
,{"expanded":false,"Exclusion Rule Type":"None","UNR":"none","Index":"19","Blk Type":"implicit else","Src Start Line":"105","Score":"0","All Average Grd":"0%","Enclosing Entity":"uvmt_cv32_dut_wrap","Source":"          else     `uvm_fatal(\"DUT_WRAP\", $sformatf(\"%s was NOT opened successfully : (fd=%0d)\", firmware, fd))"}
,{"expanded":false,"Exclusion Rule Type":"None","UNR":"none","Index":"23","Blk Type":"implicit else","Src Start Line":"108","Score":"0","All Average Grd":"0%","Enclosing Entity":"uvmt_cv32_dut_wrap","Source":"          `uvm_info(\"DUT_WRAP\", $sformatf(\"loading firmware %0s\", firmware), UVM_NONE)"}
,{"expanded":false,"Exclusion Rule Type":"None","UNR":"none","Index":"30","Blk Type":"true part of","Src Start Line":"121","Score":"0","All Average Grd":"0%","Enclosing Entity":"uvmt_cv32_dut_wrap","Source":"             `uvm_info(\"DUT_WRAP\", $sformatf(\"Filled 0d%0d RTL and ISS memory bytes with random values\", fill_cnt), UVM_HIGH)"}
,{"expanded":false,"Exclusion Rule Type":"None","UNR":"none","Index":"32","Blk Type":"false part of","Src Start Line":"124","Score":"0","All Average Grd":"0%","Enclosing Entity":"uvmt_cv32_dut_wrap","Source":"        else begin"}
,{"expanded":false,"Exclusion Rule Type":"None","UNR":"none","Index":"33","Blk Type":"code block","Src Start Line":"125","Score":"0","All Average Grd":"0%","Enclosing Entity":"uvmt_cv32_dut_wrap","Source":"          `uvm_error(\"DUT_WRAP\", \"No firmware specified!\")"}
,{"expanded":false,"Exclusion Rule Type":"None","UNR":"none","Index":"34","Blk Type":"true part of","Src Start Line":"125","Score":"0","All Average Grd":"0%","Enclosing Entity":"uvmt_cv32_dut_wrap","Source":"          `uvm_error(\"DUT_WRAP\", \"No firmware specified!\")"}
,{"expanded":false,"Exclusion Rule Type":"None","UNR":"none","Index":"35","Blk Type":"implicit else","Src Start Line":"125","Score":"0","All Average Grd":"0%","Enclosing Entity":"uvmt_cv32_dut_wrap","Source":"          `uvm_error(\"DUT_WRAP\", \"No firmware specified!\")"}
,{"expanded":false,"Exclusion Rule Type":"None","UNR":"none","Index":"36","Blk Type":"false part of","Src Start Line":"128","Score":"0","All Average Grd":"0%","Enclosing Entity":"uvmt_cv32_dut_wrap","Source":"      else begin"}
,{"expanded":false,"Exclusion Rule Type":"None","UNR":"none","Index":"37","Blk Type":"code block","Src Start Line":"129","Score":"0","All Average Grd":"0%","Enclosing Entity":"uvmt_cv32_dut_wrap","Source":"        `uvm_info(\"DUT_WRAP\", \"NO TEST PROGRAM\", UVM_NONE)"}
,{"expanded":false,"Exclusion Rule Type":"None","UNR":"none","Index":"38","Blk Type":"true part of","Src Start Line":"129","Score":"0","All Average Grd":"0%","Enclosing Entity":"uvmt_cv32_dut_wrap","Source":"        `uvm_info(\"DUT_WRAP\", \"NO TEST PROGRAM\", UVM_NONE)"}
,{"expanded":false,"Exclusion Rule Type":"None","UNR":"none","Index":"39","Blk Type":"implicit else","Src Start Line":"129","Score":"0","All Average Grd":"0%","Enclosing Entity":"uvmt_cv32_dut_wrap","Source":"        `uvm_info(\"DUT_WRAP\", \"NO TEST PROGRAM\", UVM_NONE)"}
]}
