{
"block_items":[{"expanded":false,"Exclusion Rule Type":"None","UNR":"none","Index":"6","Blk Type":"true part of","Src Start Line":"199","Score":"0","All Average Grd":"0%","Enclosing Entity":"mm_ram","Source":"                        data_addr_dec  = (data_addr_i[RAM_ADDR_WIDTH-1:0] - dm_halt_addr_i[RAM_ADDR_WIDTH-1:0]) +"}
,{"expanded":false,"Exclusion Rule Type":"None","UNR":"none","Index":"14","Blk Type":"false part of","Src Start Line":"214","Score":"0","All Average Grd":"0%","Enclosing Entity":"mm_ram","Source":"                    else if (data_wdata_i == 1)"}
,{"expanded":false,"Exclusion Rule Type":"None","UNR":"none","Index":"15","Blk Type":"true part of","Src Start Line":"215","Score":"0","All Average Grd":"0%","Enclosing Entity":"mm_ram","Source":"                        tests_failed_o = '1;"}
,{"expanded":false,"Exclusion Rule Type":"None","UNR":"none","Index":"16","Blk Type":"implicit else","Src Start Line":"214","Score":"0","All Average Grd":"0%","Enclosing Entity":"mm_ram","Source":"                    else if (data_wdata_i == 1)"}
,{"expanded":false,"Exclusion Rule Type":"None","UNR":"none","Index":"19","Blk Type":"false part of","Src Start Line":"221","Score":"0","All Average Grd":"0%","Enclosing Entity":"mm_ram","Source":"                end else if (data_addr_i == 32'h2000_0008) begin"}
,{"expanded":false,"Exclusion Rule Type":"None","UNR":"none","Index":"20","Blk Type":"true part of","Src Start Line":"221","Score":"0","All Average Grd":"0%","Enclosing Entity":"mm_ram","Source":"                end else if (data_addr_i == 32'h2000_0008) begin"}
,{"expanded":false,"Exclusion Rule Type":"None","UNR":"none","Index":"21","Blk Type":"false part of","Src Start Line":"225","Score":"0","All Average Grd":"0%","Enclosing Entity":"mm_ram","Source":"                end else if (data_addr_i == 32'h2000_000C) begin"}
,{"expanded":false,"Exclusion Rule Type":"None","UNR":"none","Index":"22","Blk Type":"true part of","Src Start Line":"225","Score":"0","All Average Grd":"0%","Enclosing Entity":"mm_ram","Source":"                end else if (data_addr_i == 32'h2000_000C) begin"}
,{"expanded":false,"Exclusion Rule Type":"None","UNR":"none","Index":"23","Blk Type":"false part of","Src Start Line":"229","Score":"0","All Average Grd":"0%","Enclosing Entity":"mm_ram","Source":"                end else if (data_addr_i == 32'h2000_0010) begin"}
,{"expanded":false,"Exclusion Rule Type":"None","UNR":"none","Index":"24","Blk Type":"true part of","Src Start Line":"229","Score":"0","All Average Grd":"0%","Enclosing Entity":"mm_ram","Source":"                end else if (data_addr_i == 32'h2000_0010) begin"}
,{"expanded":false,"Exclusion Rule Type":"None","UNR":"none","Index":"25","Blk Type":"true part of","Src Start Line":"237","Score":"0","All Average Grd":"0%","Enclosing Entity":"mm_ram","Source":"                    if ($value$plusargs(\"signature=%s\", sig_file)) begin"}
,{"expanded":false,"Exclusion Rule Type":"None","UNR":"none","Index":"26","Blk Type":"true part of","Src Start Line":"239","Score":"0","All Average Grd":"0%","Enclosing Entity":"mm_ram","Source":"                        if (sig_fd == 0) begin"}
,{"expanded":false,"Exclusion Rule Type":"None","UNR":"none","Index":"27","Blk Type":"false part of","Src Start Line":"247","Score":"0","All Average Grd":"0%","Enclosing Entity":"mm_ram","Source":"                        end else begin"}
,{"expanded":false,"Exclusion Rule Type":"None","UNR":"none","Index":"28","Blk Type":"implicit else","Src Start Line":"237","Score":"0","All Average Grd":"0%","Enclosing Entity":"mm_ram","Source":"                    if ($value$plusargs(\"signature=%s\", sig_file)) begin"}
,{"expanded":false,"Exclusion Rule Type":"None","UNR":"none","Index":"29","Blk Type":"code block","Src Start Line":"252","Score":"0","All Average Grd":"0%","Enclosing Entity":"mm_ram","Source":"                    $display(\"Dumping signature\");"}
,{"expanded":false,"Exclusion Rule Type":"None","UNR":"none","Index":"30","Blk Type":"code block","Src Start Line":"253","Score":"0","All Average Grd":"0%","Enclosing Entity":"mm_ram","Source":"                    for (logic [31:0] addr = sig_begin_q; addr < sig_end_q; addr +=4) begin"}
,{"expanded":false,"Exclusion Rule Type":"None","UNR":"none","Index":"31","Blk Type":"code block","Src Start Line":"253","Score":"0","All Average Grd":"0%","Enclosing Entity":"mm_ram","Source":"                    for (logic [31:0] addr = sig_begin_q; addr < sig_end_q; addr +=4) begin"}
,{"expanded":false,"Exclusion Rule Type":"None","UNR":"none","Index":"32","Blk Type":"true part of","Src Start Line":"259","Score":"0","All Average Grd":"0%","Enclosing Entity":"mm_ram","Source":"                        if (use_sig_file) begin"}
,{"expanded":false,"Exclusion Rule Type":"None","UNR":"none","Index":"33","Blk Type":"implicit else","Src Start Line":"259","Score":"0","All Average Grd":"0%","Enclosing Entity":"mm_ram","Source":"                        if (use_sig_file) begin"}
,{"expanded":false,"Exclusion Rule Type":"None","UNR":"none","Index":"34","Blk Type":"code block","Src Start Line":"268","Score":"0","All Average Grd":"0%","Enclosing Entity":"mm_ram","Source":"                    exit_valid_o = '1;"}
,{"expanded":false,"Exclusion Rule Type":"None","UNR":"none","Index":"35","Blk Type":"false part of","Src Start Line":"271","Score":"0","All Average Grd":"0%","Enclosing Entity":"mm_ram","Source":"                end else if (data_addr_i == 32'h1500_0000) begin"}
,{"expanded":false,"Exclusion Rule Type":"None","UNR":"none","Index":"36","Blk Type":"true part of","Src Start Line":"271","Score":"0","All Average Grd":"0%","Enclosing Entity":"mm_ram","Source":"                end else if (data_addr_i == 32'h1500_0000) begin"}
,{"expanded":false,"Exclusion Rule Type":"None","UNR":"none","Index":"37","Blk Type":"false part of","Src Start Line":"275","Score":"0","All Average Grd":"0%","Enclosing Entity":"mm_ram","Source":"                end else if (data_addr_i == 32'h1500_0004) begin"}
,{"expanded":false,"Exclusion Rule Type":"None","UNR":"none","Index":"38","Blk Type":"true part of","Src Start Line":"275","Score":"0","All Average Grd":"0%","Enclosing Entity":"mm_ram","Source":"                end else if (data_addr_i == 32'h1500_0004) begin"}
,{"expanded":false,"Exclusion Rule Type":"None","UNR":"none","Index":"39","Blk Type":"false part of","Src Start Line":"279","Score":"0","All Average Grd":"0%","Enclosing Entity":"mm_ram","Source":"                end else if (data_addr_i == 32'h1500_0008) begin"}
,{"expanded":false,"Exclusion Rule Type":"None","UNR":"none","Index":"40","Blk Type":"true part of","Src Start Line":"279","Score":"0","All Average Grd":"0%","Enclosing Entity":"mm_ram","Source":"                end else if (data_addr_i == 32'h1500_0008) begin"}
,{"expanded":false,"Exclusion Rule Type":"None","UNR":"none","Index":"41","Blk Type":"false part of","Src Start Line":"283","Score":"0","All Average Grd":"0%","Enclosing Entity":"mm_ram","Source":"                end else if (data_addr_i[31:16] == 16'h1600) begin"}
,{"expanded":false,"Exclusion Rule Type":"None","UNR":"none","Index":"42","Blk Type":"true part of","Src Start Line":"283","Score":"0","All Average Grd":"0%","Enclosing Entity":"mm_ram","Source":"                end else if (data_addr_i[31:16] == 16'h1600) begin"}
,{"expanded":false,"Exclusion Rule Type":"None","UNR":"none","Index":"43","Blk Type":"false part of","Src Start Line":"288","Score":"0","All Average Grd":"0%","Enclosing Entity":"mm_ram","Source":"                end else begin"}
,{"expanded":false,"Exclusion Rule Type":"None","UNR":"none","Index":"46","Blk Type":"true part of","Src Start Line":"305","Score":"0","All Average Grd":"0%","Enclosing Entity":"mm_ram","Source":"                        data_addr_dec  = (data_addr_i[RAM_ADDR_WIDTH-1:0] - dm_halt_addr_i[RAM_ADDR_WIDTH-1:0]) +"}
,{"expanded":false,"Exclusion Rule Type":"None","UNR":"none","Index":"49","Blk Type":"false part of","Src Start Line":"313","Score":"0","All Average Grd":"0%","Enclosing Entity":"mm_ram","Source":"                end else if (data_addr_i[31:16] == 16'h1600) begin"}
,{"expanded":false,"Exclusion Rule Type":"None","UNR":"none","Index":"50","Blk Type":"true part of","Src Start Line":"313","Score":"0","All Average Grd":"0%","Enclosing Entity":"mm_ram","Source":"                end else if (data_addr_i[31:16] == 16'h1600) begin"}
,{"expanded":false,"Exclusion Rule Type":"None","UNR":"none","Index":"51","Blk Type":"false part of","Src Start Line":"320","Score":"0","All Average Grd":"0%","Enclosing Entity":"mm_ram","Source":"                end else if (data_addr_i[31:0] == 32'h1500_1000) begin"}
,{"expanded":false,"Exclusion Rule Type":"None","UNR":"none","Index":"52","Blk Type":"true part of","Src Start Line":"320","Score":"0","All Average Grd":"0%","Enclosing Entity":"mm_ram","Source":"                end else if (data_addr_i[31:0] == 32'h1500_1000) begin"}
,{"expanded":false,"Exclusion Rule Type":"None","UNR":"none","Index":"53","Blk Type":"false part of","Src Start Line":"324","Score":"0","All Average Grd":"0%","Enclosing Entity":"mm_ram","Source":"                    select_rdata_d = ERR;"}
,{"expanded":false,"Exclusion Rule Type":"None","UNR":"none","Index":"58","Blk Type":"true part of","Src Start Line":"358","Score":"0","All Average Grd":"0%","Enclosing Entity":"mm_ram","Source":"        end else if(select_rdata_q == RND_STALL) begin"}
,{"expanded":false,"Exclusion Rule Type":"None","UNR":"none","Index":"60","Blk Type":"true part of","Src Start Line":"366","Score":"0","All Average Grd":"0%","Enclosing Entity":"mm_ram","Source":"        end else if (select_rdata_q == RND_NUM) begin"}
,{"expanded":false,"Exclusion Rule Type":"None","UNR":"none","Index":"62","Blk Type":"true part of","Src Start Line":"368","Score":"0","All Average Grd":"0%","Enclosing Entity":"mm_ram","Source":"        end else if (select_rdata_q == ERR) begin"}
,{"expanded":false,"Exclusion Rule Type":"None","UNR":"none","Index":"66","Blk Type":"true part of","Src Start Line":"377","Score":"0","All Average Grd":"0%","Enclosing Entity":"mm_ram","Source":"            if ($test$plusargs(\"verbose\")) begin"}
,{"expanded":false,"Exclusion Rule Type":"None","UNR":"none","Index":"67","Blk Type":"true part of","Src Start Line":"379","Score":"0","All Average Grd":"0%","Enclosing Entity":"mm_ram","Source":"                    $display(\"OUT: '%c'\", print_wdata[7:0]);"}
,{"expanded":false,"Exclusion Rule Type":"None","UNR":"none","Index":"68","Blk Type":"false part of","Src Start Line":"381","Score":"0","All Average Grd":"0%","Enclosing Entity":"mm_ram","Source":"                    $display(\"OUT: %3d\", print_wdata);"}
,{"expanded":false,"Exclusion Rule Type":"None","UNR":"none","Index":"74","Blk Type":"true part of","Src Start Line":"404","Score":"0","All Average Grd":"0%","Enclosing Entity":"mm_ram","Source":"            timer_irq_mask_q <= timer_wdata;"}
,{"expanded":false,"Exclusion Rule Type":"None","UNR":"none","Index":"77","Blk Type":"true part of","Src Start Line":"408","Score":"0","All Average Grd":"0%","Enclosing Entity":"mm_ram","Source":"            timer_cnt_q <= timer_wdata;"}
,{"expanded":false,"Exclusion Rule Type":"None","UNR":"none","Index":"79","Blk Type":"true part of","Src Start Line":"410","Score":"0","All Average Grd":"0%","Enclosing Entity":"mm_ram","Source":"            timer_cnt_q <= timer_cnt_q - 1;"}
,{"expanded":false,"Exclusion Rule Type":"None","UNR":"none","Index":"82","Blk Type":"true part of","Src Start Line":"414","Score":"0","All Average Grd":"0%","Enclosing Entity":"mm_ram","Source":"            irq_q <= timer_irq_mask_q ;"}
,{"expanded":false,"Exclusion Rule Type":"None","UNR":"none","Index":"89","Blk Type":"true part of","Src Start Line":"427","Score":"0","All Average Grd":"0%","Enclosing Entity":"mm_ram","Source":"          if(rnd_stall_req) begin"}
,{"expanded":false,"Exclusion Rule Type":"None","UNR":"none","Index":"90","Blk Type":"true part of","Src Start Line":"429","Score":"0","All Average Grd":"0%","Enclosing Entity":"mm_ram","Source":"              rnd_stall_regs[rnd_stall_addr[5:2]] <= rnd_stall_wdata;"}
,{"expanded":false,"Exclusion Rule Type":"None","UNR":"none","Index":"91","Blk Type":"false part of","Src Start Line":"431","Score":"0","All Average Grd":"0%","Enclosing Entity":"mm_ram","Source":"              rnd_stall_rdata <= rnd_stall_regs[rnd_stall_addr[5:2]];"}
,{"expanded":false,"Exclusion Rule Type":"None","UNR":"none","Index":"96","Blk Type":"true part of","Src Start Line":"443","Score":"0","All Average Grd":"0%","Enclosing Entity":"mm_ram","Source":"            rnd_num <= $urandom();"}
,{"expanded":false,"Exclusion Rule Type":"None","UNR":"none","Index":"101","Blk Type":"true part of","Src Start Line":"473","Score":"0","All Average Grd":"0%","Enclosing Entity":"mm_ram","Source":"            if(debugger_valid && (debugger_start_cnt_q==0) && (debug_req_duration_q==0)) begin"}
,{"expanded":false,"Exclusion Rule Type":"None","UNR":"none","Index":"102","Blk Type":"true part of","Src Start Line":"478","Score":"0","All Average Grd":"0%","Enclosing Entity":"mm_ram","Source":"                 debugger_start_cnt_q <= $urandom_range(1,~|debugger_wdata[14:0] ? 128 : debugger_wdata[14:0]);"}
,{"expanded":false,"Exclusion Rule Type":"None","UNR":"none","Index":"103","Blk Type":"false part of","Src Start Line":"485","Score":"0","All Average Grd":"0%","Enclosing Entity":"mm_ram","Source":"                 debugger_start_cnt_q <= ~|debugger_wdata[14:0] ? 1 : debugger_wdata[14:0];"}
,{"expanded":false,"Exclusion Rule Type":"None","UNR":"none","Index":"104","Blk Type":"code block","Src Start Line":"487","Score":"0","All Average Grd":"0%","Enclosing Entity":"mm_ram","Source":"               debug_req_value_q <= debugger_wdata[31]; // value to be applied to debug_req"}
,{"expanded":false,"Exclusion Rule Type":"None","UNR":"none","Index":"105","Blk Type":"true part of","Src Start Line":"490","Score":"0","All Average Grd":"0%","Enclosing Entity":"mm_ram","Source":"                 debug_req_duration_q <= 'b0;"}
,{"expanded":false,"Exclusion Rule Type":"None","UNR":"none","Index":"106","Blk Type":"false part of","Src Start Line":"492","Score":"0","All Average Grd":"0%","Enclosing Entity":"mm_ram","Source":"                 if(debugger_wdata[29]) // If random pulse width"}
,{"expanded":false,"Exclusion Rule Type":"None","UNR":"none","Index":"107","Blk Type":"true part of","Src Start Line":"496","Score":"0","All Average Grd":"0%","Enclosing Entity":"mm_ram","Source":"                   debug_req_duration_q <= $urandom_range(1,~|debugger_wdata[28:16] ? 128 : debugger_wdata[28:16]);"}
,{"expanded":false,"Exclusion Rule Type":"None","UNR":"none","Index":"108","Blk Type":"false part of","Src Start Line":"503","Score":"0","All Average Grd":"0%","Enclosing Entity":"mm_ram","Source":"                   debug_req_duration_q <= ~|debugger_wdata[28:16] ? 1 : debugger_wdata[28:16];"}
,{"expanded":false,"Exclusion Rule Type":"None","UNR":"none","Index":"110","Blk Type":"true part of","Src Start Line":"507","Score":"0","All Average Grd":"0%","Enclosing Entity":"mm_ram","Source":"                if(debugger_start_cnt_q > 0)begin"}
,{"expanded":false,"Exclusion Rule Type":"None","UNR":"none","Index":"111","Blk Type":"true part of","Src Start Line":"511","Score":"0","All Average Grd":"0%","Enclosing Entity":"mm_ram","Source":"                     debug_req_o <= debug_req_value_q;"}
,{"expanded":false,"Exclusion Rule Type":"None","UNR":"none","Index":"112","Blk Type":"implicit else","Src Start Line":"510","Score":"0","All Average Grd":"0%","Enclosing Entity":"mm_ram","Source":"                   if(debugger_start_cnt_q == 1) "}
,{"expanded":false,"Exclusion Rule Type":"None","UNR":"none","Index":"114","Blk Type":"true part of","Src Start Line":"514","Score":"0","All Average Grd":"0%","Enclosing Entity":"mm_ram","Source":"                else if(debug_req_duration_q > 0)begin"}
,{"expanded":false,"Exclusion Rule Type":"None","UNR":"none","Index":"115","Blk Type":"true part of","Src Start Line":"518","Score":"0","All Average Grd":"0%","Enclosing Entity":"mm_ram","Source":"                     debug_req_o <= !debug_req_value_q;"}
,{"expanded":false,"Exclusion Rule Type":"None","UNR":"none","Index":"116","Blk Type":"implicit else","Src Start Line":"517","Score":"0","All Average Grd":"0%","Enclosing Entity":"mm_ram","Source":"                   if(debug_req_duration_q == 1) "}
,{"expanded":false,"Exclusion Rule Type":"None","UNR":"none","Index":"119","Blk Type":"true part of","Src Start Line":"529","Score":"0","All Average Grd":"0%","Enclosing Entity":"mm_ram","Source":"            $display(\"write addr=0x%08x: data=0x%08x\","}
,{"expanded":false,"Exclusion Rule Type":"None","UNR":"none","Index":"132","Blk Type":"false part of","Src Start Line":"601","Score":"0","All Average Grd":"0%","Enclosing Entity":"mm_ram","Source":"                        end else begin"}
,{"expanded":false,"Exclusion Rule Type":"None","UNR":"none","Index":"137","Blk Type":"true part of","Src Start Line":"615","Score":"0","All Average Grd":"0%","Enclosing Entity":"mm_ram","Source":"                    if(transaction == T_RAM) begin"}
,{"expanded":false,"Exclusion Rule Type":"None","UNR":"none","Index":"138","Blk Type":"true part of","Src Start Line":"617","Score":"0","All Average Grd":"0%","Enclosing Entity":"mm_ram","Source":"                        if(ram_data_gnt) begin"}
,{"expanded":false,"Exclusion Rule Type":"None","UNR":"none","Index":"139","Blk Type":"false part of","Src Start Line":"619","Score":"0","All Average Grd":"0%","Enclosing Entity":"mm_ram","Source":"                        end else begin"}
,{"expanded":false,"Exclusion Rule Type":"None","UNR":"none","Index":"142","Blk Type":"a case item of","Src Start Line":"630","Score":"0","All Average Grd":"0%","Enclosing Entity":"mm_ram","Source":"            begin"}
,{"expanded":false,"Exclusion Rule Type":"None","UNR":"none","Index":"143","Blk Type":"true part of","Src Start Line":"632","Score":"0","All Average Grd":"0%","Enclosing Entity":"mm_ram","Source":"                if(data_req_i) begin"}
,{"expanded":false,"Exclusion Rule Type":"None","UNR":"none","Index":"144","Blk Type":"true part of","Src Start Line":"634","Score":"0","All Average Grd":"0%","Enclosing Entity":"mm_ram","Source":"                    if(ram_data_gnt) begin"}
,{"expanded":false,"Exclusion Rule Type":"None","UNR":"none","Index":"145","Blk Type":"false part of","Src Start Line":"636","Score":"0","All Average Grd":"0%","Enclosing Entity":"mm_ram","Source":"                    end else begin"}
,{"expanded":false,"Exclusion Rule Type":"None","UNR":"none","Index":"146","Blk Type":"false part of","Src Start Line":"639","Score":"0","All Average Grd":"0%","Enclosing Entity":"mm_ram","Source":"                end else state_valid_n = IDLE;"}
,{"expanded":false,"Exclusion Rule Type":"None","UNR":"none","Index":"152","Blk Type":"false part of","Src Start Line":"651","Score":"0","All Average Grd":"0%","Enclosing Entity":"mm_ram","Source":"                            end else begin"}
,{"expanded":false,"Exclusion Rule Type":"None","UNR":"none","Index":"153","Blk Type":"false part of","Src Start Line":"654","Score":"0","All Average Grd":"0%","Enclosing Entity":"mm_ram","Source":"                        end else begin"}
,{"expanded":false,"Exclusion Rule Type":"None","UNR":"none","Index":"155","Blk Type":"implicit else","Src Start Line":"645","Score":"0","All Average Grd":"0%","Enclosing Entity":"mm_ram","Source":"                if(ram_data_valid) begin"}
,{"expanded":false,"Exclusion Rule Type":"None","UNR":"none","Index":"158","Blk Type":"true part of","Src Start Line":"696","Score":"0","All Average Grd":"0%","Enclosing Entity":"mm_ram","Source":"    if(rnd_stall_regs[0]) begin"}
,{"expanded":false,"Exclusion Rule Type":"None","UNR":"none","Index":"161","Blk Type":"true part of","Src Start Line":"703","Score":"0","All Average Grd":"0%","Enclosing Entity":"mm_ram","Source":"    if(rnd_stall_regs[1]) begin"}
],"assertion_items"
:[]
,"expression_items":[{"expanded":false,"expanded":false,"Exclusion Rule Type":"None","Index":"1","All Average Grd":"75%","All Cov":"3 / 4 (75%)","Src Start Line":"189","Enclosing Entity":"mm_ram","Source":"                if (data_addr_i < 2 ** RAM_ADDR_WIDTH ||"
,"subitems":[{"expanded":false,"expanded":false,"Exclusion Rule Type":"None","Index":"1","All Average Grd":"75%","All Cov":"3 / 4 (75%)","Source":"                if (data_addr_i < 2 ** RAM_ADDR_WIDTH ||","table_type":"cov"
,"subitems":[{"title":"-;1;1","expanded":false,"Exclusion Rule Type":"None","UNR":"none","Score":"0","Out":"1"}
,{"title":"1;-;-","expanded":false,"Exclusion Rule Type":"None","UNR":"none","Score":"1","Out":"1"}
,{"title":"0;-;0","expanded":false,"Exclusion Rule Type":"None","UNR":"none","Score":"1","Out":"0"}
,{"title":"0;0;-","expanded":false,"Exclusion Rule Type":"None","UNR":"none","Score":"1","Out":"0"}
],"cov_table_title":"Coverage Table with Output","header":"(data_addr_i < (2**RAM_ADDR_WIDTH)) || ((data_addr_i >= dm_halt_addr_i) && (data_addr_i < (dm_halt_addr_i + (2**DBG_ADDR_WIDTH))))","columns":"(data_addr_i < (2**RAM_ADDR_WIDTH));(data_addr_i >= dm_halt_addr_i);(data_addr_i < (dm_halt_addr_i + (2**DBG_ADDR_WIDTH)))"}
]}
,{"expanded":false,"expanded":false,"Exclusion Rule Type":"None","Index":"2","All Average Grd":"33.33%","All Cov":"1 / 3 (33.33%)","Src Start Line":"195","Enclosing Entity":"mm_ram","Source":"                    if ( (data_addr_i >= dm_halt_addr_i) &&"
,"subitems":[{"expanded":false,"expanded":false,"Exclusion Rule Type":"None","Index":"1","All Average Grd":"33.33%","All Cov":"1 / 3 (33.33%)","Source":"                    if ( (data_addr_i >= dm_halt_addr_i) &&","table_type":"cov"
,"subitems":[{"title":"0;-","expanded":false,"Exclusion Rule Type":"None","UNR":"none","Score":"1","Out":"n/a"}
,{"title":"-;0","expanded":false,"Exclusion Rule Type":"None","UNR":"none","Score":"0","Out":"n/a"}
,{"title":"1;1","expanded":false,"Exclusion Rule Type":"None","UNR":"none","Score":"0","Out":"n/a"}
],"cov_table_title":"Coverage Table","header":"(data_addr_i >= dm_halt_addr_i) && (data_addr_i < (dm_halt_addr_i + (2**DBG_ADDR_WIDTH)))","columns":"(data_addr_i >= dm_halt_addr_i);(data_addr_i < (dm_halt_addr_i + (2**DBG_ADDR_WIDTH)))"}
]}
,{"expanded":false,"expanded":false,"Exclusion Rule Type":"None","Index":"3","All Average Grd":"25%","All Cov":"1 / 4 (25%)","Src Start Line":"293","Enclosing Entity":"mm_ram","Source":"                if (data_addr_i < 2 ** RAM_ADDR_WIDTH ||"
,"subitems":[{"expanded":false,"expanded":false,"Exclusion Rule Type":"None","Index":"1","All Average Grd":"25%","All Cov":"1 / 4 (25%)","Source":"                if (data_addr_i < 2 ** RAM_ADDR_WIDTH ||","table_type":"cov"
,"subitems":[{"title":"-;1;1","expanded":false,"Exclusion Rule Type":"None","UNR":"none","Score":"0","Out":"1"}
,{"title":"1;-;-","expanded":false,"Exclusion Rule Type":"None","UNR":"none","Score":"1","Out":"1"}
,{"title":"0;-;0","expanded":false,"Exclusion Rule Type":"None","UNR":"none","Score":"0","Out":"0"}
,{"title":"0;0;-","expanded":false,"Exclusion Rule Type":"None","UNR":"none","Score":"0","Out":"0"}
],"cov_table_title":"Coverage Table with Output","header":"(data_addr_i < (2**RAM_ADDR_WIDTH)) || ((data_addr_i >= dm_halt_addr_i) && (data_addr_i < (dm_halt_addr_i + (2**DBG_ADDR_WIDTH))))","columns":"(data_addr_i < (2**RAM_ADDR_WIDTH));(data_addr_i >= dm_halt_addr_i);(data_addr_i < (dm_halt_addr_i + (2**DBG_ADDR_WIDTH)))"}
]}
,{"expanded":false,"expanded":false,"Exclusion Rule Type":"None","Index":"4","All Average Grd":"33.33%","All Cov":"1 / 3 (33.33%)","Src Start Line":"301","Enclosing Entity":"mm_ram","Source":"                    if ( (data_addr_i >= dm_halt_addr_i) &&"
,"subitems":[{"expanded":false,"expanded":false,"Exclusion Rule Type":"None","Index":"1","All Average Grd":"33.33%","All Cov":"1 / 3 (33.33%)","Source":"                    if ( (data_addr_i >= dm_halt_addr_i) &&","table_type":"cov"
,"subitems":[{"title":"0;-","expanded":false,"Exclusion Rule Type":"None","UNR":"none","Score":"1","Out":"n/a"}
,{"title":"-;0","expanded":false,"Exclusion Rule Type":"None","UNR":"none","Score":"0","Out":"n/a"}
,{"title":"1;1","expanded":false,"Exclusion Rule Type":"None","UNR":"none","Score":"0","Out":"n/a"}
],"cov_table_title":"Coverage Table","header":"(data_addr_i >= dm_halt_addr_i) && (data_addr_i < (dm_halt_addr_i + (2**DBG_ADDR_WIDTH)))","columns":"(data_addr_i >= dm_halt_addr_i);(data_addr_i < (dm_halt_addr_i + (2**DBG_ADDR_WIDTH)))"}
]}
,{"expanded":false,"expanded":false,"Exclusion Rule Type":"None","Index":"5","All Average Grd":"0%","All Cov":"0 / 3 (0%)","Src Start Line":"378","Enclosing Entity":"mm_ram","Source":"                if (32 <= print_wdata && print_wdata < 128)"
,"subitems":[{"expanded":false,"expanded":false,"Exclusion Rule Type":"None","Index":"1","All Average Grd":"0%","All Cov":"0 / 3 (0%)","Source":"                if (32 <= print_wdata && print_wdata < 128)","table_type":"cov"
,"subitems":[{"title":"0;-","expanded":false,"Exclusion Rule Type":"None","UNR":"none","Score":"0","Out":"n/a"}
,{"title":"-;0","expanded":false,"Exclusion Rule Type":"None","UNR":"none","Score":"0","Out":"n/a"}
,{"title":"1;1","expanded":false,"Exclusion Rule Type":"None","UNR":"none","Score":"0","Out":"n/a"}
],"cov_table_title":"Coverage Table","header":"(32 <= print_wdata) && (print_wdata < 128)","columns":"(32 <= print_wdata);(print_wdata < 128)"}
]}
,{"expanded":false,"expanded":false,"Exclusion Rule Type":"None","Index":"6","All Average Grd":"25%","All Cov":"1 / 4 (25%)","Src Start Line":"473","Enclosing Entity":"mm_ram","Source":"            if(debugger_valid && (debugger_start_cnt_q==0) && (debug_req_duration_q==0)) begin"
,"subitems":[{"expanded":false,"expanded":false,"Exclusion Rule Type":"None","Index":"1","All Average Grd":"25%","All Cov":"1 / 4 (25%)","Source":"            if(debugger_valid && (debugger_start_cnt_q==0) && (debug_req_duration_q==0)) begin","table_type":"cov"
,"subitems":[{"title":"1;0;0","expanded":false,"Exclusion Rule Type":"None","UNR":"none","Score":"0","Out":"1"}
,{"title":"-;-;1","expanded":false,"Exclusion Rule Type":"None","UNR":"none","Score":"0","Out":"0"}
,{"title":"-;1;-","expanded":false,"Exclusion Rule Type":"None","UNR":"none","Score":"0","Out":"0"}
,{"title":"0;-;-","expanded":false,"Exclusion Rule Type":"None","UNR":"none","Score":"1","Out":"0"}
],"cov_table_title":"Coverage Table with Output","header":"(debugger_valid && (debugger_start_cnt_q == 0)) && (debug_req_duration_q == 0)","columns":"debugger_valid;debugger_start_cnt_q;debug_req_duration_q"}
]}
,{"expanded":false,"expanded":false,"Exclusion Rule Type":"None","Index":"7","All Average Grd":"75%","All Cov":"3 / 4 (75%)","Src Start Line":"528","Enclosing Entity":"mm_ram","Source":"        if ($test$plusargs(\"verbose\") && data_req_i && data_we_i)"
,"subitems":[{"expanded":false,"expanded":false,"Exclusion Rule Type":"None","Index":"1","All Average Grd":"75%","All Cov":"3 / 4 (75%)","Source":"        if ($test$plusargs(\"verbose\") && data_req_i && data_we_i)","table_type":"cov"
,"subitems":[{"title":"0;-;-","expanded":false,"Exclusion Rule Type":"None","UNR":"none","Score":"1","Out":"n/a"}
,{"title":"-;0;-","expanded":false,"Exclusion Rule Type":"None","UNR":"none","Score":"1","Out":"n/a"}
,{"title":"-;-;0","expanded":false,"Exclusion Rule Type":"None","UNR":"none","Score":"1","Out":"n/a"}
,{"title":"1;1;1","expanded":false,"Exclusion Rule Type":"None","UNR":"none","Score":"0","Out":"n/a"}
],"cov_table_title":"Coverage Table","header":"($test$plusargs() && data_req_i) && data_we_i","columns":"$test$plusargs();data_req_i;data_we_i"}
]}
,{"expanded":false,"expanded":false,"Exclusion Rule Type":"None","Index":"8","All Average Grd":"66.67%","All Cov":"2 / 3 (66.67%)","Src Start Line":"674","Enclosing Entity":"mm_ram","Source":"                               (instr_addr_i < (dm_halt_addr_i + (2 ** DBG_ADDR_WIDTH)) ) ) ?"
,"subitems":[{"expanded":false,"expanded":false,"Exclusion Rule Type":"None","Index":"1","All Average Grd":"66.67%","All Cov":"2 / 3 (66.67%)","Source":"    assign instr_addr_remap =  ( (instr_addr_i >= dm_halt_addr_i) &&","table_type":"cov"
,"subitems":[{"title":"0;-","expanded":false,"Exclusion Rule Type":"None","UNR":"none","Score":"1","Out":"n/a"}
,{"title":"-;0","expanded":false,"Exclusion Rule Type":"None","UNR":"none","Score":"1","Out":"n/a"}
,{"title":"1;1","expanded":false,"Exclusion Rule Type":"None","UNR":"none","Score":"0","Out":"n/a"}
],"cov_table_title":"Coverage Table","header":"((instr_addr_i >= dm_halt_addr_i) && (instr_addr_i < (dm_halt_addr_i + (2**DBG_ADDR_WIDTH))))","columns":"(instr_addr_i >= dm_halt_addr_i);(instr_addr_i < (dm_halt_addr_i + (2**DBG_ADDR_WIDTH)))"}
]}
],"fsm_items"
:[{"expanded":false,"Exclusion Rule Type":"None","UNR":"none","title":"state_valid_q","State Average Grd":"75%","Trans Average Grd":"36.36%","Arc Average Grd":"n/a","All Average Grd":"55.68%","Enclosing Entity":"mm_ram","Source":"    enum logic [1:0] {IDLE, PERIPHEARL_VALID, WAIT_RAM_GNT, WAIT_RAM_VALID} state_valid_n, state_valid_q;"
,"subitems":[{"expanded":false,"Exclusion Rule Type":"None","UNR":"none","title":"WAIT_RAM_GNT","Encoding":"10","Score":"0","Is Reset State":"false","All Average Grd":"0%","Source":"            WAIT_RAM_GNT:"}
]
,"subitems1":[{"expanded":false,"Exclusion Rule Type":"None","UNR":"none","Index":"1","From State title":"IDLE","To State title":"WAIT_RAM_GNT","Score":"0","Is Reset Trans":"false","All Average Grd":"0%"
,"subitems":[]}
,{"expanded":false,"Exclusion Rule Type":"None","UNR":"none","Index":"3","From State title":"PERIPHEARL_VALID","To State title":"WAIT_RAM_VALID","Score":"0","Is Reset Trans":"false","All Average Grd":"0%"
,"subitems":[]}
,{"expanded":false,"Exclusion Rule Type":"None","UNR":"none","Index":"4","From State title":"PERIPHEARL_VALID","To State title":"WAIT_RAM_GNT","Score":"0","Is Reset Trans":"false","All Average Grd":"0%"
,"subitems":[]}
,{"expanded":false,"Exclusion Rule Type":"None","UNR":"none","Index":"6","From State title":"WAIT_RAM_GNT","To State title":"WAIT_RAM_VALID","Score":"0","Is Reset Trans":"false","All Average Grd":"0%"
,"subitems":[]}
,{"expanded":false,"Exclusion Rule Type":"None","UNR":"none","Index":"7","From State title":"WAIT_RAM_GNT","To State title":"IDLE","Score":"0","Is Reset Trans":"false","All Average Grd":"0%"
,"subitems":[]}
,{"expanded":false,"Exclusion Rule Type":"None","UNR":"none","Index":"8","From State title":"WAIT_RAM_VALID","To State title":"WAIT_RAM_GNT","Score":"0","Is Reset Trans":"false","All Average Grd":"0%"
,"subitems":[]}
,{"expanded":false,"Exclusion Rule Type":"None","UNR":"none","Index":"9","From State title":"WAIT_RAM_VALID","To State title":"PERIPHEARL_VALID","Score":"0","Is Reset Trans":"false","All Average Grd":"0%"
,"subitems":[]}
]}
]}
