{
"block_items":[{"expanded":false,"Exclusion Rule Type":"None","UNR":"none","Index":"8","Blk Type":"implicit default","Src Start Line":"127","Score":"0","All Average Grd":"0%","Enclosing Entity":"cv32e40p_load_store_unit","Source":"          case (data_addr_int[1:0])"}
,{"expanded":false,"Exclusion Rule Type":"None","UNR":"none","Index":"12","Blk Type":"a case item of","Src Start Line":"138","Score":"0","All Average Grd":"0%","Enclosing Entity":"cv32e40p_load_store_unit","Source":"            2'b01: data_be = 4'b0001;"}
,{"expanded":false,"Exclusion Rule Type":"None","UNR":"none","Index":"13","Blk Type":"a case item of","Src Start Line":"139","Score":"0","All Average Grd":"0%","Enclosing Entity":"cv32e40p_load_store_unit","Source":"            2'b10: data_be = 4'b0011;"}
,{"expanded":false,"Exclusion Rule Type":"None","UNR":"none","Index":"14","Blk Type":"a case item of","Src Start Line":"140","Score":"0","All Average Grd":"0%","Enclosing Entity":"cv32e40p_load_store_unit","Source":"            2'b11: data_be = 4'b0111;"}
,{"expanded":false,"Exclusion Rule Type":"None","UNR":"none","Index":"15","Blk Type":"implicit default","Src Start Line":"136","Score":"0","All Average Grd":"0%","Enclosing Entity":"cv32e40p_load_store_unit","Source":"          case (data_addr_int[1:0])"}
,{"expanded":false,"Exclusion Rule Type":"None","UNR":"none","Index":"23","Blk Type":"implicit default","Src Start Line":"149","Score":"0","All Average Grd":"0%","Enclosing Entity":"cv32e40p_load_store_unit","Source":"          case (data_addr_int[1:0])"}
,{"expanded":false,"Exclusion Rule Type":"None","UNR":"none","Index":"25","Blk Type":"false part of","Src Start Line":"157","Score":"0","All Average Grd":"0%","Enclosing Entity":"cv32e40p_load_store_unit","Source":"        begin // misaligned case"}
,{"expanded":false,"Exclusion Rule Type":"None","UNR":"none","Index":"31","Blk Type":"implicit default","Src Start Line":"164","Score":"0","All Average Grd":"0%","Enclosing Entity":"cv32e40p_load_store_unit","Source":"        case (data_addr_int[1:0])"}
,{"expanded":false,"Exclusion Rule Type":"None","UNR":"none","Index":"57","Blk Type":"true part of","Src Start Line":"249","Score":"0","All Average Grd":"0%","Enclosing Entity":"cv32e40p_load_store_unit","Source":"          rdata_h_ext = {16'hffff, resp_rdata[15:0]};"}
,{"expanded":false,"Exclusion Rule Type":"None","UNR":"none","Index":"62","Blk Type":"true part of","Src Start Line":"259","Score":"0","All Average Grd":"0%","Enclosing Entity":"cv32e40p_load_store_unit","Source":"          rdata_h_ext = {16'hffff, resp_rdata[23:8]};"}
,{"expanded":false,"Exclusion Rule Type":"None","UNR":"none","Index":"67","Blk Type":"true part of","Src Start Line":"269","Score":"0","All Average Grd":"0%","Enclosing Entity":"cv32e40p_load_store_unit","Source":"          rdata_h_ext = {16'hffff, resp_rdata[31:16]};"}
,{"expanded":false,"Exclusion Rule Type":"None","UNR":"none","Index":"72","Blk Type":"true part of","Src Start Line":"279","Score":"0","All Average Grd":"0%","Enclosing Entity":"cv32e40p_load_store_unit","Source":"          rdata_h_ext = {16'hffff, resp_rdata[7:0], rdata_q[31:24]};"}
,{"expanded":false,"Exclusion Rule Type":"None","UNR":"none","Index":"79","Blk Type":"true part of","Src Start Line":"295","Score":"0","All Average Grd":"0%","Enclosing Entity":"cv32e40p_load_store_unit","Source":"          rdata_b_ext = {24'hff_ffff, resp_rdata[7:0]};"}
,{"expanded":false,"Exclusion Rule Type":"None","UNR":"none","Index":"84","Blk Type":"true part of","Src Start Line":"304","Score":"0","All Average Grd":"0%","Enclosing Entity":"cv32e40p_load_store_unit","Source":"          rdata_b_ext = {24'hff_ffff, resp_rdata[15:8]};"}
,{"expanded":false,"Exclusion Rule Type":"None","UNR":"none","Index":"89","Blk Type":"true part of","Src Start Line":"314","Score":"0","All Average Grd":"0%","Enclosing Entity":"cv32e40p_load_store_unit","Source":"          rdata_b_ext = {24'hff_ffff, resp_rdata[23:16]};"}
,{"expanded":false,"Exclusion Rule Type":"None","UNR":"none","Index":"94","Blk Type":"true part of","Src Start Line":"324","Score":"0","All Average Grd":"0%","Enclosing Entity":"cv32e40p_load_store_unit","Source":"          rdata_b_ext = {24'hff_ffff, resp_rdata[31:24]};"}
,{"expanded":false,"Exclusion Rule Type":"None","UNR":"none","Index":"106","Blk Type":"true part of","Src Start Line":"357","Score":"0","All Average Grd":"0%","Enclosing Entity":"cv32e40p_load_store_unit","Source":"          rdata_q  <= resp_rdata;"}
,{"expanded":false,"Exclusion Rule Type":"None","UNR":"none","Index":"112","Blk Type":"true part of","Src Start Line":"387","Score":"0","All Average Grd":"0%","Enclosing Entity":"cv32e40p_load_store_unit","Source":"            data_misaligned_o = 1'b1;"}
,{"expanded":false,"Exclusion Rule Type":"None","UNR":"none","Index":"115","Blk Type":"true part of","Src Start Line":"392","Score":"0","All Average Grd":"0%","Enclosing Entity":"cv32e40p_load_store_unit","Source":"            data_misaligned_o = 1'b1;"}
],"assertion_items"
:[{"expanded":false,"Exclusion Rule Type":"None","UNR":"none","title":"a_no_transaction_count_overflow_1","All Average Grd":"0%","Assertion Status Grd":"0%","Enclosing Entity":"cv32e40p_load_store_unit","Source":"  a_no_transaction_count_overflow_1 : assert property(p_no_transaction_count_overflow_1);"}
]
,"expression_items":[{"expanded":false,"expanded":false,"Exclusion Rule Type":"None","Index":"2","All Average Grd":"33.33%","All Cov":"1 / 3 (33.33%)","Src Start Line":"356","Enclosing Entity":"cv32e40p_load_store_unit","Source":"        if ((data_misaligned_ex_i == 1'b1) || (data_misaligned_o == 1'b1))"
,"subitems":[{"expanded":false,"expanded":false,"Exclusion Rule Type":"None","Index":"1","All Average Grd":"33.33%","All Cov":"1 / 3 (33.33%)","Source":"        if ((data_misaligned_ex_i == 1'b1) || (data_misaligned_o == 1'b1))","table_type":"cov"
,"subitems":[{"title":"1;-","expanded":false,"Exclusion Rule Type":"None","UNR":"none","Score":"0","Out":"n/a"}
,{"title":"-;1","expanded":false,"Exclusion Rule Type":"None","UNR":"none","Score":"0","Out":"n/a"}
,{"title":"0;0","expanded":false,"Exclusion Rule Type":"None","UNR":"none","Score":"1","Out":"n/a"}
],"cov_table_title":"Coverage Table","header":"(data_misaligned_ex_i == 1'b1) || (data_misaligned_o == 1'b1)","columns":"(data_misaligned_ex_i == 1'b1);(data_misaligned_o == 1'b1)"}
]}
,{"expanded":false,"expanded":false,"Exclusion Rule Type":"None","Index":"3","All Average Grd":"66.67%","All Cov":"2 / 3 (66.67%)","Src Start Line":"381","Enclosing Entity":"cv32e40p_load_store_unit","Source":"    if((data_req_ex_i == 1'b1) && (data_misaligned_ex_i == 1'b0))"
,"subitems":[{"expanded":false,"expanded":false,"Exclusion Rule Type":"None","Index":"1","All Average Grd":"66.67%","All Cov":"2 / 3 (66.67%)","Source":"    if((data_req_ex_i == 1'b1) && (data_misaligned_ex_i == 1'b0))","table_type":"cov"
,"subitems":[{"title":"1;0","expanded":false,"Exclusion Rule Type":"None","UNR":"none","Score":"1","Out":"1"}
,{"title":"-;1","expanded":false,"Exclusion Rule Type":"None","UNR":"none","Score":"0","Out":"0"}
,{"title":"0;-","expanded":false,"Exclusion Rule Type":"None","UNR":"none","Score":"1","Out":"0"}
],"cov_table_title":"Coverage Table with Output","header":"(data_req_ex_i == 1'b1) && (data_misaligned_ex_i == 1'b0)","columns":"(data_req_ex_i == 1'b1);data_misaligned_ex_i"}
]}
]}
