{
"block_items":[],"assertion_items"
:[]
,"expression_items":[{"expanded":false,"expanded":false,"Exclusion Rule Type":"None","Index":"1","All Average Grd":"83.33%","All Cov":"5 / 6 (83.33%)","Src Start Line":"1202","Enclosing Entity":"uvmt_cv32_tb.dut_wrap.cv32e40p_wrapper_i.core_i.genblk4","Source":"        if (!first_illegal_found && is_decoding && id_valid && id_stage_i.illegal_insn_dec && !id_stage_i.controller_i.debug_mode_n) begin"
,"subitems":[{"expanded":false,"expanded":false,"Exclusion Rule Type":"None","Index":"1","All Average Grd":"83.33%","All Cov":"5 / 6 (83.33%)","Source":"        if (!first_illegal_found && is_decoding && id_valid && id_stage_i.illegal_insn_dec && !id_stage_i.controller_i.debug_mode_n) begin","table_type":"cov"
,"subitems":[{"title":"0;1;1;1;0","expanded":false,"Exclusion Rule Type":"None","UNR":"none","Score":"1","Out":"1"}
,{"title":"-;-;-;-;1","expanded":false,"Exclusion Rule Type":"None","UNR":"none","Score":"0","Out":"0"}
,{"title":"-;-;-;0;-","expanded":false,"Exclusion Rule Type":"None","UNR":"none","Score":"1","Out":"0"}
,{"title":"-;-;0;-;-","expanded":false,"Exclusion Rule Type":"None","UNR":"none","Score":"1","Out":"0"}
,{"title":"-;0;-;-;-","expanded":false,"Exclusion Rule Type":"None","UNR":"none","Score":"1","Out":"0"}
,{"title":"1;-;-;-;-","expanded":false,"Exclusion Rule Type":"None","UNR":"none","Score":"1","Out":"0"}
],"cov_table_title":"Coverage Table with Output","header":"((((! first_illegal_found) && is_decoding) && id_valid) && id_stage_i.illegal_insn_dec) && (! id_stage_i.controller_i.debug_mode_n)","columns":"first_illegal_found;is_decoding;id_valid;id_stage_i.illegal_insn_dec;id_stage_i.controller_i.debug_mode_n"}
]}
,{"expanded":false,"expanded":false,"Exclusion Rule Type":"None","Index":"2","All Average Grd":"83.33%","All Cov":"5 / 6 (83.33%)","Src Start Line":"1206","Enclosing Entity":"uvmt_cv32_tb.dut_wrap.cv32e40p_wrapper_i.core_i.genblk4","Source":"        if (!first_ecall_found && is_decoding && id_valid && id_stage_i.ecall_insn_dec && !id_stage_i.controller_i.debug_mode_n) begin"
,"subitems":[{"expanded":false,"expanded":false,"Exclusion Rule Type":"None","Index":"1","All Average Grd":"83.33%","All Cov":"5 / 6 (83.33%)","Source":"        if (!first_ecall_found && is_decoding && id_valid && id_stage_i.ecall_insn_dec && !id_stage_i.controller_i.debug_mode_n) begin","table_type":"cov"
,"subitems":[{"title":"0;1;1;1;0","expanded":false,"Exclusion Rule Type":"None","UNR":"none","Score":"1","Out":"1"}
,{"title":"-;-;-;-;1","expanded":false,"Exclusion Rule Type":"None","UNR":"none","Score":"0","Out":"0"}
,{"title":"-;-;-;0;-","expanded":false,"Exclusion Rule Type":"None","UNR":"none","Score":"1","Out":"0"}
,{"title":"-;-;0;-;-","expanded":false,"Exclusion Rule Type":"None","UNR":"none","Score":"1","Out":"0"}
,{"title":"-;0;-;-;-","expanded":false,"Exclusion Rule Type":"None","UNR":"none","Score":"1","Out":"0"}
,{"title":"1;-;-;-;-","expanded":false,"Exclusion Rule Type":"None","UNR":"none","Score":"1","Out":"0"}
],"cov_table_title":"Coverage Table with Output","header":"((((! first_ecall_found) && is_decoding) && id_valid) && id_stage_i.ecall_insn_dec) && (! id_stage_i.controller_i.debug_mode_n)","columns":"first_ecall_found;is_decoding;id_valid;id_stage_i.ecall_insn_dec;id_stage_i.controller_i.debug_mode_n"}
]}
,{"expanded":false,"expanded":false,"Exclusion Rule Type":"None","Index":"3","All Average Grd":"83.33%","All Cov":"5 / 6 (83.33%)","Src Start Line":"1210","Enclosing Entity":"uvmt_cv32_tb.dut_wrap.cv32e40p_wrapper_i.core_i.genblk4","Source":"        if (!first_ebrk_found && is_decoding && id_valid && id_stage_i.ebrk_insn && (id_stage_i.controller_i.ctrl_fsm_ns != DBG_FLUSH)) begin"
,"subitems":[{"expanded":false,"expanded":false,"Exclusion Rule Type":"None","Index":"1","All Average Grd":"83.33%","All Cov":"5 / 6 (83.33%)","Source":"        if (!first_ebrk_found && is_decoding && id_valid && id_stage_i.ebrk_insn && (id_stage_i.controller_i.ctrl_fsm_ns != DBG_FLUSH)) begin","table_type":"cov"
,"subitems":[{"title":"0;1;1;1;1","expanded":false,"Exclusion Rule Type":"None","UNR":"none","Score":"1","Out":"1"}
,{"title":"-;-;-;-;0","expanded":false,"Exclusion Rule Type":"None","UNR":"none","Score":"0","Out":"0"}
,{"title":"-;-;-;0;-","expanded":false,"Exclusion Rule Type":"None","UNR":"none","Score":"1","Out":"0"}
,{"title":"-;-;0;-;-","expanded":false,"Exclusion Rule Type":"None","UNR":"none","Score":"1","Out":"0"}
,{"title":"-;0;-;-;-","expanded":false,"Exclusion Rule Type":"None","UNR":"none","Score":"1","Out":"0"}
,{"title":"1;-;-;-;-","expanded":false,"Exclusion Rule Type":"None","UNR":"none","Score":"1","Out":"0"}
],"cov_table_title":"Coverage Table with Output","header":"((((! first_ebrk_found) && is_decoding) && id_valid) && id_stage_i.ebrk_insn) && (id_stage_i.controller_i.ctrl_fsm_ns != DBG_FLUSH)","columns":"first_ebrk_found;is_decoding;id_valid;id_stage_i.ebrk_insn;(id_stage_i.controller_i.ctrl_fsm_ns != DBG_FLUSH)"}
]}
]}
