{
"block_items":[{"expanded":false,"Exclusion Rule Type":"None","UNR":"none","Index":"4","Blk Type":"true part of","Src Start Line":"1362","Score":"0","All Average Grd":"0%","Enclosing Entity":"uvmt_cv32_tb.dut_wrap.cv32e40p_wrapper_i.core_i.cs_registers_i.gen_trigger_regs","Source":"          tmatch_control_exec_q <= csr_wdata_int[2];"}
,{"expanded":false,"Exclusion Rule Type":"None","UNR":"none","Index":"7","Blk Type":"true part of","Src Start Line":"1364","Score":"0","All Average Grd":"0%","Enclosing Entity":"uvmt_cv32_tb.dut_wrap.cv32e40p_wrapper_i.core_i.cs_registers_i.gen_trigger_regs","Source":"          tmatch_value_q        <= csr_wdata_int[31:0];"}
]}
