{
"block_items":[],"assertion_items"
:[]
,"expression_items":[{"expanded":false,"expanded":false,"Exclusion Rule Type":"None","Index":"3","All Average Grd":"66.67%","All Cov":"2 / 3 (66.67%)","Src Start Line":"339","Enclosing Entity":"uvmt_cv32_tb.dut_wrap.cv32e40p_wrapper_i.core_i.u_interrupt_assert","Source":"      else if (|pending_enabled_irq || debug_req_i)"
,"subitems":[{"expanded":false,"expanded":false,"Exclusion Rule Type":"None","Index":"1","All Average Grd":"66.67%","All Cov":"2 / 3 (66.67%)","Source":"      else if (|pending_enabled_irq || debug_req_i)","table_type":"cov"
,"subitems":[{"title":"1;-","expanded":false,"Exclusion Rule Type":"None","UNR":"none","Score":"1","Out":"n/a"}
,{"title":"-;1","expanded":false,"Exclusion Rule Type":"None","UNR":"none","Score":"0","Out":"n/a"}
,{"title":"0;0","expanded":false,"Exclusion Rule Type":"None","UNR":"none","Score":"1","Out":"n/a"}
],"cov_table_title":"Coverage Table","header":"(| pending_enabled_irq) || debug_req_i","columns":"(| pending_enabled_irq);debug_req_i"}
]}
]}
