{
"block_items":[{"expanded":false,"Exclusion Rule Type":"None","UNR":"none","Index":"3","Blk Type":"a case item of","Src Start Line":"142","Score":"0","All Average Grd":"0%","Enclosing Entity":"cv32e40p_alu","Source":"        VEC_MODE16: begin"}
,{"expanded":false,"Exclusion Rule Type":"None","UNR":"none","Index":"4","Blk Type":"a case item of","Src Start Line":"146","Score":"0","All Average Grd":"0%","Enclosing Entity":"cv32e40p_alu","Source":"        VEC_MODE8: begin"}
,{"expanded":false,"Exclusion Rule Type":"None","UNR":"none","Index":"7","Blk Type":"a case item of","Src Start Line":"156","Score":"0","All Average Grd":"0%","Enclosing Entity":"cv32e40p_alu","Source":"        VEC_MODE16: begin"}
,{"expanded":false,"Exclusion Rule Type":"None","UNR":"none","Index":"8","Blk Type":"a case item of","Src Start Line":"160","Score":"0","All Average Grd":"0%","Enclosing Entity":"cv32e40p_alu","Source":"        VEC_MODE8: begin"}
,{"expanded":false,"Exclusion Rule Type":"None","UNR":"none","Index":"11","Blk Type":"a case item of","Src Start Line":"218","Score":"0","All Average Grd":"0%","Enclosing Entity":"cv32e40p_alu","Source":"      begin"}
,{"expanded":false,"Exclusion Rule Type":"None","UNR":"none","Index":"12","Blk Type":"a case item of","Src Start Line":"224","Score":"0","All Average Grd":"0%","Enclosing Entity":"cv32e40p_alu","Source":"      begin"}
,{"expanded":false,"Exclusion Rule Type":"None","UNR":"none","Index":"15","Blk Type":"a case item of","Src Start Line":"273","Score":"0","All Average Grd":"0%","Enclosing Entity":"cv32e40p_alu","Source":"      begin"}
,{"expanded":false,"Exclusion Rule Type":"None","UNR":"none","Index":"16","Blk Type":"a case item of","Src Start Line":"279","Score":"0","All Average Grd":"0%","Enclosing Entity":"cv32e40p_alu","Source":"      begin"}
,{"expanded":false,"Exclusion Rule Type":"None","UNR":"none","Index":"20","Blk Type":"true part of","Src Start Line":"332","Score":"0","All Average Grd":"0%","Enclosing Entity":"cv32e40p_alu","Source":"      operand_b_eq = '0;"}
,{"expanded":false,"Exclusion Rule Type":"None","UNR":"none","Index":"24","Blk Type":"a case item of","Src Start Line":"359","Score":"0","All Average Grd":"0%","Enclosing Entity":"cv32e40p_alu","Source":"          VEC_MODE8:  cmp_signed[3:0] = 4'b1111;"}
,{"expanded":false,"Exclusion Rule Type":"None","UNR":"none","Index":"25","Blk Type":"a case item of","Src Start Line":"360","Score":"0","All Average Grd":"0%","Enclosing Entity":"cv32e40p_alu","Source":"          VEC_MODE16: cmp_signed[3:0] = 4'b1010;"}
,{"expanded":false,"Exclusion Rule Type":"None","UNR":"none","Index":"29","Blk Type":"a case item of","Src Start Line":"394","Score":"0","All Average Grd":"0%","Enclosing Entity":"cv32e40p_alu","Source":"      begin"}
,{"expanded":false,"Exclusion Rule Type":"None","UNR":"none","Index":"30","Blk Type":"a case item of","Src Start Line":"402","Score":"0","All Average Grd":"0%","Enclosing Entity":"cv32e40p_alu","Source":"      begin"}
,{"expanded":false,"Exclusion Rule Type":"None","UNR":"none","Index":"35","Blk Type":"a case item of","Src Start Line":"428","Score":"0","All Average Grd":"0%","Enclosing Entity":"cv32e40p_alu","Source":"      ALU_GTS, ALU_GTU:  cmp_result = is_greater;"}
,{"expanded":false,"Exclusion Rule Type":"None","UNR":"none","Index":"38","Blk Type":"a case item of","Src Start Line":"434","Score":"0","All Average Grd":"0%","Enclosing Entity":"cv32e40p_alu","Source":"      ALU_LES, ALU_LEU:  cmp_result = ~is_greater;"}
,{"expanded":false,"Exclusion Rule Type":"None","UNR":"none","Index":"39","Blk Type":"a case item of","Src Start Line":"435","Score":"0","All Average Grd":"0%","Enclosing Entity":"cv32e40p_alu","Source":"      ALU_FEQ:           cmp_result = is_equal & ~f_is_nan;"}
,{"expanded":false,"Exclusion Rule Type":"None","UNR":"none","Index":"40","Blk Type":"a case item of","Src Start Line":"436","Score":"0","All Average Grd":"0%","Enclosing Entity":"cv32e40p_alu","Source":"      ALU_FLE:           cmp_result = ~f_is_greater & ~f_is_nan;"}
,{"expanded":false,"Exclusion Rule Type":"None","UNR":"none","Index":"41","Blk Type":"a case item of","Src Start Line":"437","Score":"0","All Average Grd":"0%","Enclosing Entity":"cv32e40p_alu","Source":"      ALU_FLT:           cmp_result = ~(f_is_greater | is_equal) & ~f_is_nan;"}
,{"expanded":false,"Exclusion Rule Type":"None","UNR":"none","Index":"44","Blk Type":"true part of","Src Start Line":"538","Score":"0","All Average Grd":"0%","Enclosing Entity":"cv32e40p_alu","Source":"        if (FPU == 1) begin"}
,{"expanded":false,"Exclusion Rule Type":"None","UNR":"none","Index":"45","Blk Type":"a case item of","Src Start Line":"543","Score":"0","All Average Grd":"0%","Enclosing Entity":"cv32e40p_alu","Source":"             ALU_FKEEP:  f_sign_inject_result[31] = operand_a_i[31];"}
,{"expanded":false,"Exclusion Rule Type":"None","UNR":"none","Index":"46","Blk Type":"a case item of","Src Start Line":"544","Score":"0","All Average Grd":"0%","Enclosing Entity":"cv32e40p_alu","Source":"             ALU_FSGNJ:  f_sign_inject_result[31] = operand_b_i[31];"}
,{"expanded":false,"Exclusion Rule Type":"None","UNR":"none","Index":"47","Blk Type":"a case item of","Src Start Line":"545","Score":"0","All Average Grd":"0%","Enclosing Entity":"cv32e40p_alu","Source":"             ALU_FSGNJN: f_sign_inject_result[31] = !operand_b_i[31];"}
,{"expanded":false,"Exclusion Rule Type":"None","UNR":"none","Index":"48","Blk Type":"a case item of","Src Start Line":"546","Score":"0","All Average Grd":"0%","Enclosing Entity":"cv32e40p_alu","Source":"             ALU_FSGNJX: f_sign_inject_result[31] = operand_a_i[31] ^ operand_b_i[31];"}
,{"expanded":false,"Exclusion Rule Type":"None","UNR":"none","Index":"49","Blk Type":"a case item of","Src Start Line":"547","Score":"0","All Average Grd":"0%","Enclosing Entity":"cv32e40p_alu","Source":"             default: ;"}
,{"expanded":false,"Exclusion Rule Type":"None","UNR":"none","Index":"52","Blk Type":"true part of","Src Start Line":"562","Score":"0","All Average Grd":"0%","Enclosing Entity":"cv32e40p_alu","Source":"    if(operator_i == ALU_CLIPU) begin"}
,{"expanded":false,"Exclusion Rule Type":"None","UNR":"none","Index":"53","Blk Type":"true part of","Src Start Line":"563","Score":"0","All Average Grd":"0%","Enclosing Entity":"cv32e40p_alu","Source":"      if(operand_a_i[31] || is_equal_clip) begin"}
,{"expanded":false,"Exclusion Rule Type":"None","UNR":"none","Index":"54","Blk Type":"false part of","Src Start Line":"565","Score":"0","All Average Grd":"0%","Enclosing Entity":"cv32e40p_alu","Source":"      end else begin"}
,{"expanded":false,"Exclusion Rule Type":"None","UNR":"none","Index":"59","Blk Type":"a case item of","Src Start Line":"608","Score":"0","All Average Grd":"0%","Enclosing Entity":"cv32e40p_alu","Source":"      ALU_EXT, ALU_EXTS: begin"}
,{"expanded":false,"Exclusion Rule Type":"None","UNR":"none","Index":"60","Blk Type":"true part of","Src Start Line":"610","Score":"0","All Average Grd":"0%","Enclosing Entity":"cv32e40p_alu","Source":"          shuffle_reg1_sel = 2'b11;"}
,{"expanded":false,"Exclusion Rule Type":"None","UNR":"none","Index":"61","Blk Type":"implicit else","Src Start Line":"609","Score":"0","All Average Grd":"0%","Enclosing Entity":"cv32e40p_alu","Source":"        if (operator_i == ALU_EXTS)"}
,{"expanded":false,"Exclusion Rule Type":"None","UNR":"none","Index":"62","Blk Type":"code block","Src Start Line":"612","Score":"0","All Average Grd":"0%","Enclosing Entity":"cv32e40p_alu","Source":"        if (vector_mode_i == VEC_MODE8) begin"}
,{"expanded":false,"Exclusion Rule Type":"None","UNR":"none","Index":"63","Blk Type":"true part of","Src Start Line":"612","Score":"0","All Average Grd":"0%","Enclosing Entity":"cv32e40p_alu","Source":"        if (vector_mode_i == VEC_MODE8) begin"}
,{"expanded":false,"Exclusion Rule Type":"None","UNR":"none","Index":"64","Blk Type":"false part of","Src Start Line":"615","Score":"0","All Average Grd":"0%","Enclosing Entity":"cv32e40p_alu","Source":"        end else begin"}
,{"expanded":false,"Exclusion Rule Type":"None","UNR":"none","Index":"65","Blk Type":"a case item of","Src Start Line":"621","Score":"0","All Average Grd":"0%","Enclosing Entity":"cv32e40p_alu","Source":"      ALU_PCKLO: begin"}
,{"expanded":false,"Exclusion Rule Type":"None","UNR":"none","Index":"66","Blk Type":"true part of","Src Start Line":"624","Score":"0","All Average Grd":"0%","Enclosing Entity":"cv32e40p_alu","Source":"        if (vector_mode_i == VEC_MODE8) begin"}
,{"expanded":false,"Exclusion Rule Type":"None","UNR":"none","Index":"67","Blk Type":"false part of","Src Start Line":"627","Score":"0","All Average Grd":"0%","Enclosing Entity":"cv32e40p_alu","Source":"        end else begin"}
,{"expanded":false,"Exclusion Rule Type":"None","UNR":"none","Index":"68","Blk Type":"a case item of","Src Start Line":"632","Score":"0","All Average Grd":"0%","Enclosing Entity":"cv32e40p_alu","Source":"      ALU_PCKHI: begin"}
,{"expanded":false,"Exclusion Rule Type":"None","UNR":"none","Index":"69","Blk Type":"true part of","Src Start Line":"635","Score":"0","All Average Grd":"0%","Enclosing Entity":"cv32e40p_alu","Source":"        if (vector_mode_i == VEC_MODE8) begin"}
,{"expanded":false,"Exclusion Rule Type":"None","UNR":"none","Index":"70","Blk Type":"false part of","Src Start Line":"638","Score":"0","All Average Grd":"0%","Enclosing Entity":"cv32e40p_alu","Source":"        end else begin"}
,{"expanded":false,"Exclusion Rule Type":"None","UNR":"none","Index":"71","Blk Type":"a case item of","Src Start Line":"643","Score":"0","All Average Grd":"0%","Enclosing Entity":"cv32e40p_alu","Source":"      ALU_SHUF2: begin"}
,{"expanded":false,"Exclusion Rule Type":"None","UNR":"none","Index":"72","Blk Type":"a case item of","Src Start Line":"645","Score":"0","All Average Grd":"0%","Enclosing Entity":"cv32e40p_alu","Source":"          VEC_MODE8: begin"}
,{"expanded":false,"Exclusion Rule Type":"None","UNR":"none","Index":"73","Blk Type":"a case item of","Src Start Line":"652","Score":"0","All Average Grd":"0%","Enclosing Entity":"cv32e40p_alu","Source":"          VEC_MODE16: begin"}
,{"expanded":false,"Exclusion Rule Type":"None","UNR":"none","Index":"74","Blk Type":"a case item of","Src Start Line":"658","Score":"0","All Average Grd":"0%","Enclosing Entity":"cv32e40p_alu","Source":"          default:;"}
,{"expanded":false,"Exclusion Rule Type":"None","UNR":"none","Index":"75","Blk Type":"a case item of","Src Start Line":"662","Score":"0","All Average Grd":"0%","Enclosing Entity":"cv32e40p_alu","Source":"      ALU_INS: begin"}
,{"expanded":false,"Exclusion Rule Type":"None","UNR":"none","Index":"76","Blk Type":"a case item of","Src Start Line":"664","Score":"0","All Average Grd":"0%","Enclosing Entity":"cv32e40p_alu","Source":"          VEC_MODE8: begin"}
,{"expanded":false,"Exclusion Rule Type":"None","UNR":"none","Index":"77","Blk Type":"a case item of","Src Start Line":"667","Score":"0","All Average Grd":"0%","Enclosing Entity":"cv32e40p_alu","Source":"              2'b00: begin"}
,{"expanded":false,"Exclusion Rule Type":"None","UNR":"none","Index":"78","Blk Type":"a case item of","Src Start Line":"670","Score":"0","All Average Grd":"0%","Enclosing Entity":"cv32e40p_alu","Source":"              2'b01: begin"}
,{"expanded":false,"Exclusion Rule Type":"None","UNR":"none","Index":"79","Blk Type":"a case item of","Src Start Line":"673","Score":"0","All Average Grd":"0%","Enclosing Entity":"cv32e40p_alu","Source":"              2'b10: begin"}
,{"expanded":false,"Exclusion Rule Type":"None","UNR":"none","Index":"80","Blk Type":"a case item of","Src Start Line":"676","Score":"0","All Average Grd":"0%","Enclosing Entity":"cv32e40p_alu","Source":"              2'b11: begin"}
,{"expanded":false,"Exclusion Rule Type":"None","UNR":"none","Index":"81","Blk Type":"a case item of","Src Start Line":"681","Score":"0","All Average Grd":"0%","Enclosing Entity":"cv32e40p_alu","Source":"          VEC_MODE16: begin"}
,{"expanded":false,"Exclusion Rule Type":"None","UNR":"none","Index":"82","Blk Type":"a case item of","Src Start Line":"688","Score":"0","All Average Grd":"0%","Enclosing Entity":"cv32e40p_alu","Source":"          default:;"}
,{"expanded":false,"Exclusion Rule Type":"None","UNR":"none","Index":"85","Blk Type":"a case item of","Src Start Line":"703","Score":"0","All Average Grd":"0%","Enclosing Entity":"cv32e40p_alu","Source":"      ALU_EXT: begin"}
,{"expanded":false,"Exclusion Rule Type":"None","UNR":"none","Index":"86","Blk Type":"a case item of","Src Start Line":"705","Score":"0","All Average Grd":"0%","Enclosing Entity":"cv32e40p_alu","Source":"          VEC_MODE8: begin"}
,{"expanded":false,"Exclusion Rule Type":"None","UNR":"none","Index":"87","Blk Type":"a case item of","Src Start Line":"712","Score":"0","All Average Grd":"0%","Enclosing Entity":"cv32e40p_alu","Source":"          VEC_MODE16: begin"}
,{"expanded":false,"Exclusion Rule Type":"None","UNR":"none","Index":"88","Blk Type":"a case item of","Src Start Line":"719","Score":"0","All Average Grd":"0%","Enclosing Entity":"cv32e40p_alu","Source":"          default:;"}
,{"expanded":false,"Exclusion Rule Type":"None","UNR":"none","Index":"89","Blk Type":"a case item of","Src Start Line":"723","Score":"0","All Average Grd":"0%","Enclosing Entity":"cv32e40p_alu","Source":"      ALU_PCKLO: begin"}
,{"expanded":false,"Exclusion Rule Type":"None","UNR":"none","Index":"90","Blk Type":"a case item of","Src Start Line":"725","Score":"0","All Average Grd":"0%","Enclosing Entity":"cv32e40p_alu","Source":"          VEC_MODE8: begin"}
,{"expanded":false,"Exclusion Rule Type":"None","UNR":"none","Index":"91","Blk Type":"a case item of","Src Start Line":"732","Score":"0","All Average Grd":"0%","Enclosing Entity":"cv32e40p_alu","Source":"          VEC_MODE16: begin"}
,{"expanded":false,"Exclusion Rule Type":"None","UNR":"none","Index":"92","Blk Type":"a case item of","Src Start Line":"739","Score":"0","All Average Grd":"0%","Enclosing Entity":"cv32e40p_alu","Source":"          default:;"}
,{"expanded":false,"Exclusion Rule Type":"None","UNR":"none","Index":"93","Blk Type":"a case item of","Src Start Line":"743","Score":"0","All Average Grd":"0%","Enclosing Entity":"cv32e40p_alu","Source":"      ALU_PCKHI: begin"}
,{"expanded":false,"Exclusion Rule Type":"None","UNR":"none","Index":"94","Blk Type":"a case item of","Src Start Line":"745","Score":"0","All Average Grd":"0%","Enclosing Entity":"cv32e40p_alu","Source":"          VEC_MODE8: begin"}
,{"expanded":false,"Exclusion Rule Type":"None","UNR":"none","Index":"95","Blk Type":"a case item of","Src Start Line":"752","Score":"0","All Average Grd":"0%","Enclosing Entity":"cv32e40p_alu","Source":"          VEC_MODE16: begin"}
,{"expanded":false,"Exclusion Rule Type":"None","UNR":"none","Index":"96","Blk Type":"a case item of","Src Start Line":"759","Score":"0","All Average Grd":"0%","Enclosing Entity":"cv32e40p_alu","Source":"          default:;"}
,{"expanded":false,"Exclusion Rule Type":"None","UNR":"none","Index":"97","Blk Type":"a case item of","Src Start Line":"764","Score":"0","All Average Grd":"0%","Enclosing Entity":"cv32e40p_alu","Source":"      ALU_SHUF: begin"}
,{"expanded":false,"Exclusion Rule Type":"None","UNR":"none","Index":"98","Blk Type":"a case item of","Src Start Line":"766","Score":"0","All Average Grd":"0%","Enclosing Entity":"cv32e40p_alu","Source":"          VEC_MODE8: begin"}
,{"expanded":false,"Exclusion Rule Type":"None","UNR":"none","Index":"99","Blk Type":"a case item of","Src Start Line":"773","Score":"0","All Average Grd":"0%","Enclosing Entity":"cv32e40p_alu","Source":"          VEC_MODE16: begin"}
,{"expanded":false,"Exclusion Rule Type":"None","UNR":"none","Index":"100","Blk Type":"a case item of","Src Start Line":"779","Score":"0","All Average Grd":"0%","Enclosing Entity":"cv32e40p_alu","Source":"          default:;"}
,{"expanded":false,"Exclusion Rule Type":"None","UNR":"none","Index":"101","Blk Type":"a case item of","Src Start Line":"783","Score":"0","All Average Grd":"0%","Enclosing Entity":"cv32e40p_alu","Source":"      ALU_INS: begin"}
,{"expanded":false,"Exclusion Rule Type":"None","UNR":"none","Index":"104","Blk Type":"a case item of","Src Start Line":"867","Score":"0","All Average Grd":"0%","Enclosing Entity":"cv32e40p_alu","Source":"      ALU_FF1: ff_input = operand_a_i;"}
,{"expanded":false,"Exclusion Rule Type":"None","UNR":"none","Index":"111","Blk Type":"a case item of","Src Start Line":"900","Score":"0","All Average Grd":"0%","Enclosing Entity":"cv32e40p_alu","Source":"      ALU_FF1: bitop_result = ff_no_one ? 6'd32 : {1'b0, ff1_result};"}
,{"expanded":false,"Exclusion Rule Type":"None","UNR":"none","Index":"112","Blk Type":"a case item of","Src Start Line":"901","Score":"0","All Average Grd":"0%","Enclosing Entity":"cv32e40p_alu","Source":"      ALU_FL1: bitop_result = ff_no_one ? 6'd32 : {1'b0, fl1_result};"}
,{"expanded":false,"Exclusion Rule Type":"None","UNR":"none","Index":"113","Blk Type":"a case item of","Src Start Line":"902","Score":"0","All Average Grd":"0%","Enclosing Entity":"cv32e40p_alu","Source":"      ALU_CNT: bitop_result = cnt_result;"}
,{"expanded":false,"Exclusion Rule Type":"None","UNR":"none","Index":"114","Blk Type":"a case item of","Src Start Line":"903","Score":"0","All Average Grd":"0%","Enclosing Entity":"cv32e40p_alu","Source":"      ALU_CLB: begin"}
,{"expanded":false,"Exclusion Rule Type":"None","UNR":"none","Index":"115","Blk Type":"true part of","Src Start Line":"904","Score":"0","All Average Grd":"0%","Enclosing Entity":"cv32e40p_alu","Source":"        if (ff_no_one) begin"}
,{"expanded":false,"Exclusion Rule Type":"None","UNR":"none","Index":"116","Blk Type":"true part of","Src Start Line":"906","Score":"0","All Average Grd":"0%","Enclosing Entity":"cv32e40p_alu","Source":"            bitop_result = 6'd31;"}
,{"expanded":false,"Exclusion Rule Type":"None","UNR":"none","Index":"117","Blk Type":"false part of","Src Start Line":"908","Score":"0","All Average Grd":"0%","Enclosing Entity":"cv32e40p_alu","Source":"            bitop_result = '0;"}
,{"expanded":false,"Exclusion Rule Type":"None","UNR":"none","Index":"118","Blk Type":"false part of","Src Start Line":"909","Score":"0","All Average Grd":"0%","Enclosing Entity":"cv32e40p_alu","Source":"        end else begin"}
,{"expanded":false,"Exclusion Rule Type":"None","UNR":"none","Index":"122","Blk Type":"a case item of","Src Start Line":"993","Score":"0","All Average Grd":"0%","Enclosing Entity":"cv32e40p_alu","Source":"      2'b01: reverse_result = radix_4_rev;"}
,{"expanded":false,"Exclusion Rule Type":"None","UNR":"none","Index":"123","Blk Type":"a case item of","Src Start Line":"994","Score":"0","All Average Grd":"0%","Enclosing Entity":"cv32e40p_alu","Source":"      2'b10: reverse_result = radix_8_rev;"}
,{"expanded":false,"Exclusion Rule Type":"None","UNR":"none","Index":"130","Blk Type":"a case item of","Src Start Line":"1088","Score":"0","All Average Grd":"0%","Enclosing Entity":"cv32e40p_alu","Source":"      ALU_BEXTU: result_o = bextins_result;"}
,{"expanded":false,"Exclusion Rule Type":"None","UNR":"none","Index":"131","Blk Type":"a case item of","Src Start Line":"1090","Score":"0","All Average Grd":"0%","Enclosing Entity":"cv32e40p_alu","Source":"      ALU_BCLR:  result_o = bclr_result;"}
,{"expanded":false,"Exclusion Rule Type":"None","UNR":"none","Index":"132","Blk Type":"a case item of","Src Start Line":"1091","Score":"0","All Average Grd":"0%","Enclosing Entity":"cv32e40p_alu","Source":"      ALU_BSET:  result_o = bset_result;"}
,{"expanded":false,"Exclusion Rule Type":"None","UNR":"none","Index":"133","Blk Type":"a case item of","Src Start Line":"1094","Score":"0","All Average Grd":"0%","Enclosing Entity":"cv32e40p_alu","Source":"      ALU_BREV:  result_o = reverse_result;"}
,{"expanded":false,"Exclusion Rule Type":"None","UNR":"none","Index":"134","Blk Type":"a case item of","Src Start Line":"1100","Score":"0","All Average Grd":"0%","Enclosing Entity":"cv32e40p_alu","Source":"      ALU_INS: result_o = pack_result;"}
,{"expanded":false,"Exclusion Rule Type":"None","UNR":"none","Index":"135","Blk Type":"a case item of","Src Start Line":"1106","Score":"0","All Average Grd":"0%","Enclosing Entity":"cv32e40p_alu","Source":"      ALU_FMAX: result_o = minmax_is_fp_special ? fp_canonical_nan : result_minmax;"}
,{"expanded":false,"Exclusion Rule Type":"None","UNR":"none","Index":"136","Blk Type":"a case item of","Src Start Line":"1109","Score":"0","All Average Grd":"0%","Enclosing Entity":"cv32e40p_alu","Source":"      ALU_ABS:  result_o = is_clpx_i ? {adder_result[31:16], operand_a_i[15:0]} : result_minmax;"}
,{"expanded":false,"Exclusion Rule Type":"None","UNR":"none","Index":"137","Blk Type":"a case item of","Src Start Line":"1111","Score":"0","All Average Grd":"0%","Enclosing Entity":"cv32e40p_alu","Source":"      ALU_CLIP, ALU_CLIPU: result_o = clip_result;"}
,{"expanded":false,"Exclusion Rule Type":"None","UNR":"none","Index":"140","Blk Type":"a case item of","Src Start Line":"1130","Score":"0","All Average Grd":"0%","Enclosing Entity":"cv32e40p_alu","Source":"      ALU_FF1, ALU_FL1, ALU_CLB, ALU_CNT: result_o = {26'h0, bitop_result[5:0]};"}
,{"expanded":false,"Exclusion Rule Type":"None","UNR":"none","Index":"142","Blk Type":"a case item of","Src Start Line":"1137","Score":"0","All Average Grd":"0%","Enclosing Entity":"cv32e40p_alu","Source":"      ALU_FCLASS: result_o = fclass_result;"}
,{"expanded":false,"Exclusion Rule Type":"None","UNR":"none","Index":"143","Blk Type":"a case item of","Src Start Line":"1141","Score":"0","All Average Grd":"0%","Enclosing Entity":"cv32e40p_alu","Source":"      ALU_FSGNJX, ALU_FKEEP: result_o = f_sign_inject_result;"}
]
,"expression_items":[{"expanded":false,"expanded":false,"Exclusion Rule Type":"None","Index":"1","All Average Grd":"50%","All Cov":"2 / 4 (50%)","Src Start Line":"137","Enclosing Entity":"cv32e40p_alu","Source":"    if (adder_op_b_negate || (operator_i == ALU_ABS || operator_i == ALU_CLIP)) begin"
,"subitems":[{"expanded":false,"expanded":false,"Exclusion Rule Type":"None","Index":"1","All Average Grd":"50%","All Cov":"2 / 4 (50%)","Source":"    if (adder_op_b_negate || (operator_i == ALU_ABS || operator_i == ALU_CLIP)) begin","table_type":"cov"
,"subitems":[{"title":"1;-;-","expanded":false,"Exclusion Rule Type":"None","UNR":"none","Score":"1","Out":"n/a"}
,{"title":"-;1;-","expanded":false,"Exclusion Rule Type":"None","UNR":"none","Score":"0","Out":"n/a"}
,{"title":"-;-;1","expanded":false,"Exclusion Rule Type":"None","UNR":"none","Score":"0","Out":"n/a"}
,{"title":"0;0;0","expanded":false,"Exclusion Rule Type":"None","UNR":"none","Score":"1","Out":"n/a"}
],"cov_table_title":"Coverage Table","header":"adder_op_b_negate || ((operator_i == ALU_ABS) || (operator_i == ALU_CLIP))","columns":"adder_op_b_negate;(operator_i == ALU_ABS);(operator_i == ALU_CLIP)"}
]}
,{"expanded":false,"expanded":false,"Exclusion Rule Type":"None","Index":"2","All Average Grd":"20%","All Cov":"1 / 5 (20%)","Src Start Line":"182","Enclosing Entity":"cv32e40p_alu","Source":"                               (operator_i == ALU_ADDUR) || (operator_i == ALU_SUBUR)) ?"
,"subitems":[{"expanded":false,"expanded":false,"Exclusion Rule Type":"None","Index":"1","All Average Grd":"20%","All Cov":"1 / 5 (20%)","Source":"                               (operator_i == ALU_ADDUR) || (operator_i == ALU_SUBUR)) ?","table_type":"cov"
,"subitems":[{"title":"1;-;-;-","expanded":false,"Exclusion Rule Type":"None","UNR":"none","Score":"0","Out":"n/a"}
,{"title":"-;1;-;-","expanded":false,"Exclusion Rule Type":"None","UNR":"none","Score":"0","Out":"n/a"}
,{"title":"-;-;1;-","expanded":false,"Exclusion Rule Type":"None","UNR":"none","Score":"0","Out":"n/a"}
,{"title":"-;-;-;1","expanded":false,"Exclusion Rule Type":"None","UNR":"none","Score":"0","Out":"n/a"}
,{"title":"0;0;0;0","expanded":false,"Exclusion Rule Type":"None","UNR":"none","Score":"1","Out":"n/a"}
],"cov_table_title":"Coverage Table","header":"((((operator_i == ALU_ADDR) || (operator_i == ALU_SUBR)) || (operator_i == ALU_ADDUR)) || (operator_i == ALU_SUBUR))","columns":"(operator_i == ALU_ADDR);(operator_i == ALU_SUBR);(operator_i == ALU_ADDUR);(operator_i == ALU_SUBUR)"}
]}
,{"expanded":false,"expanded":false,"Exclusion Rule Type":"None","Index":"3","All Average Grd":"33.33%","All Cov":"1 / 3 (33.33%)","Src Start Line":"460","Enclosing Entity":"cv32e40p_alu","Source":"  assign sel_minmax[3:0]      = ((operator_i == ALU_FMIN || operator_i == ALU_FMAX) ? f_is_greater : is_greater) ^ {4{do_min}};"
,"subitems":[{"expanded":false,"expanded":false,"Exclusion Rule Type":"None","Index":"1","All Average Grd":"33.33%","All Cov":"1 / 3 (33.33%)","Source":"  assign sel_minmax[3:0]      = ((operator_i == ALU_FMIN || operator_i == ALU_FMAX) ? f_is_greater : is_greater) ^ {4{do_min}};","table_type":"cov"
,"subitems":[{"title":"1;-","expanded":false,"Exclusion Rule Type":"None","UNR":"none","Score":"0","Out":"n/a"}
,{"title":"-;1","expanded":false,"Exclusion Rule Type":"None","UNR":"none","Score":"0","Out":"n/a"}
,{"title":"0;0","expanded":false,"Exclusion Rule Type":"None","UNR":"none","Score":"1","Out":"n/a"}
],"cov_table_title":"Coverage Table","header":"((operator_i == ALU_FMIN) || (operator_i == ALU_FMAX))","columns":"(operator_i == ALU_FMIN);(operator_i == ALU_FMAX)"}
]}
,{"expanded":false,"expanded":false,"Exclusion Rule Type":"None","Index":"4","All Average Grd":"0%","All Cov":"0 / 3 (0%)","Src Start Line":"563","Enclosing Entity":"cv32e40p_alu","Source":"      if(operand_a_i[31] || is_equal_clip) begin"
,"subitems":[{"expanded":false,"expanded":false,"Exclusion Rule Type":"None","Index":"1","All Average Grd":"0%","All Cov":"0 / 3 (0%)","Source":"      if(operand_a_i[31] || is_equal_clip) begin","table_type":"cov"
,"subitems":[{"title":"1;-","expanded":false,"Exclusion Rule Type":"None","UNR":"none","Score":"0","Out":"n/a"}
,{"title":"-;1","expanded":false,"Exclusion Rule Type":"None","UNR":"none","Score":"0","Out":"n/a"}
,{"title":"0;0","expanded":false,"Exclusion Rule Type":"None","UNR":"none","Score":"0","Out":"n/a"}
],"cov_table_title":"Coverage Table","header":"operand_a_i[31] || is_equal_clip","columns":"operand_a_i[31];is_equal_clip"}
]}
]}
