{
"block_items":[{"expanded":false,"Exclusion Rule Type":"None","UNR":"none","Index":"88","Blk Type":"true part of","Src Start Line":"1493","Score":"0","All Average Grd":"0%","Enclosing Entity":"uvmt_cv32_tb.dut_wrap.cv32e40p_wrapper_i.core_i.cs_registers_i","Source":"        mcountinhibit_n = csr_wdata_int;"}
,{"expanded":false,"Exclusion Rule Type":"None","UNR":"none","Index":"91","Blk Type":"true part of","Src Start Line":"1497","Score":"0","All Average Grd":"0%","Enclosing Entity":"uvmt_cv32_tb.dut_wrap.cv32e40p_wrapper_i.core_i.cs_registers_i","Source":"        mhpmevent_n[csr_addr_i[4:0]] = csr_wdata_int;"}
,{"expanded":false,"Exclusion Rule Type":"None","UNR":"none","Index":"95","Blk Type":"true part of","Src Start Line":"1504","Score":"0","All Average Grd":"0%","Enclosing Entity":"uvmt_cv32_tb.dut_wrap.cv32e40p_wrapper_i.core_i.cs_registers_i","Source":"          mhpmcounter_n[cnt_idx][31:0]  = csr_wdata_int;"}
,{"expanded":false,"Exclusion Rule Type":"None","UNR":"none","Index":"97","Blk Type":"true part of","Src Start Line":"1508","Score":"0","All Average Grd":"0%","Enclosing Entity":"uvmt_cv32_tb.dut_wrap.cv32e40p_wrapper_i.core_i.cs_registers_i","Source":"          mhpmcounter_n[cnt_idx][63:32]  = csr_wdata_int;"}
,{"expanded":false,"Exclusion Rule Type":"None","UNR":"none","Index":"100","Blk Type":"true part of","Src Start Line":"1516","Score":"0","All Average Grd":"0%","Enclosing Entity":"uvmt_cv32_tb.dut_wrap.cv32e40p_wrapper_i.core_i.cs_registers_i","Source":"              mhpmcounter_n[cnt_idx] = mhpmcounter_q[cnt_idx] + 1;"}
,{"expanded":false,"Exclusion Rule Type":"None","UNR":"none","Index":"102","Blk Type":"true part of","Src Start Line":"1520","Score":"0","All Average Grd":"0%","Enclosing Entity":"uvmt_cv32_tb.dut_wrap.cv32e40p_wrapper_i.core_i.cs_registers_i","Source":"              mhpmcounter_n[cnt_idx] = mhpmcounter_q[cnt_idx] + hpm_events[1];"}
,{"expanded":false,"Exclusion Rule Type":"None","UNR":"none","Index":"104","Blk Type":"true part of","Src Start Line":"1524","Score":"0","All Average Grd":"0%","Enclosing Entity":"uvmt_cv32_tb.dut_wrap.cv32e40p_wrapper_i.core_i.cs_registers_i","Source":"              mhpmcounter_n[cnt_idx] = mhpmcounter_q[cnt_idx] +"}
],"assertion_items"
:[{"expanded":false,"Exclusion Rule Type":"None","UNR":"none","title":"a_single_step","All Average Grd":"0%","Assertion Status Grd":"0%","Enclosing Entity":"uvmt_cv32_tb.dut_wrap.cv32e40p_wrapper_i.core_i.cs_registers_i","Source":"  a_single_step : assert property"}
]
,"expression_items":[{"expanded":false,"expanded":false,"Exclusion Rule Type":"None","Index":"4","All Average Grd":"66.67%","All Cov":"2 / 3 (66.67%)","Src Start Line":"1522","Enclosing Entity":"uvmt_cv32_tb.dut_wrap.cv32e40p_wrapper_i.core_i.cs_registers_i","Source":"            else if( (cnt_idx>2) && (cnt_idx<(NUM_MHPMCOUNTERS+3)))"
,"subitems":[{"expanded":false,"expanded":false,"Exclusion Rule Type":"None","Index":"1","All Average Grd":"66.67%","All Cov":"2 / 3 (66.67%)","Source":"            else if( (cnt_idx>2) && (cnt_idx<(NUM_MHPMCOUNTERS+3)))","table_type":"cov"
,"subitems":[{"title":"0;-","expanded":false,"Exclusion Rule Type":"None","UNR":"none","Score":"1","Out":"n/a"}
,{"title":"-;0","expanded":false,"Exclusion Rule Type":"None","UNR":"none","Score":"1","Out":"n/a"}
,{"title":"1;1","expanded":false,"Exclusion Rule Type":"None","UNR":"none","Score":"0","Out":"n/a"}
],"cov_table_title":"Coverage Table","header":"(cnt_idx > 2) && (cnt_idx < (NUM_MHPMCOUNTERS + 3))","columns":"(cnt_idx > 2);(cnt_idx < (NUM_MHPMCOUNTERS + 3))"}
]}
]}
