{
"block_items":[{"expanded":false,"Exclusion Rule Type":"None","UNR":"none","Index":"21","Blk Type":"true part of","Src Start Line":"57","Score":"0","All Average Grd":"0%","Enclosing Entity":"dp_ram","Source":"                    $display(\"read  addr=0x%08x: data=0x%08x\", addr_b_int,"}
,{"expanded":false,"Exclusion Rule Type":"None","UNR":"none","Index":"25","Blk Type":"code block","Src Start Line":"73","Score":"0","All Average Grd":"0%","Enclosing Entity":"dp_ram","Source":"        read_byte = mem[byte_addr];"}
,{"expanded":false,"Exclusion Rule Type":"None","UNR":"none","Index":"26","Blk Type":"code block","Src Start Line":"77","Score":"0","All Average Grd":"0%","Enclosing Entity":"dp_ram","Source":"        mem[byte_addr] = val;"}
]}
