{
"block_items":[{"expanded":false,"Exclusion Rule Type":"None","UNR":"none","Index":"9","Blk Type":"true part of","Src Start Line":"106","Score":"0","All Average Grd":"0%","Enclosing Entity":"uvmt_cv32_iss_wrap","Source":"         if (i==0 ) begin"}
,{"expanded":false,"Exclusion Rule Type":"None","UNR":"none","Index":"16","Blk Type":"true part of","Src Start Line":"131","Score":"0","All Average Grd":"0%","Enclosing Entity":"uvmt_cv32_iss_wrap","Source":"                            UVM_DEBUG)"}
,{"expanded":false,"Exclusion Rule Type":"None","UNR":"none","Index":"25","Blk Type":"implicit else","Src Start Line":"143","Score":"0","All Average Grd":"0%","Enclosing Entity":"uvmt_cv32_iss_wrap","Source":"      `uvm_info(\"ISSWRAP\", \"Starting ISS clock\", UVM_LOW)"}
]}
