{
"block_items":[{"expanded":false,"Exclusion Rule Type":"None","UNR":"none","Index":"1","Blk Type":"code block","Src Start Line":"42","Score":"0","All Average Grd":"0%","Enclosing Entity":"MONITOR","Source":"        in = {in,separator};"}
,{"expanded":false,"Exclusion Rule Type":"None","UNR":"none","Index":"2","Blk Type":"code block","Src Start Line":"44","Score":"0","All Average Grd":"0%","Enclosing Entity":"MONITOR","Source":"        foreach (in[i]) begin"}
,{"expanded":false,"Exclusion Rule Type":"None","UNR":"none","Index":"3","Blk Type":"code block","Src Start Line":"44","Score":"0","All Average Grd":"0%","Enclosing Entity":"MONITOR","Source":"        foreach (in[i]) begin"}
,{"expanded":false,"Exclusion Rule Type":"None","UNR":"none","Index":"4","Blk Type":"true part of","Src Start Line":"45","Score":"0","All Average Grd":"0%","Enclosing Entity":"MONITOR","Source":"            if (drop_blank && in[i] == \" \") continue;"}
,{"expanded":false,"Exclusion Rule Type":"None","UNR":"none","Index":"5","Blk Type":"implicit else","Src Start Line":"45","Score":"0","All Average Grd":"0%","Enclosing Entity":"MONITOR","Source":"            if (drop_blank && in[i] == \" \") continue;"}
,{"expanded":false,"Exclusion Rule Type":"None","UNR":"none","Index":"6","Blk Type":"code block","Src Start Line":"46","Score":"0","All Average Grd":"0%","Enclosing Entity":"MONITOR","Source":"            if (in[i] == separator[0]) begin"}
,{"expanded":false,"Exclusion Rule Type":"None","UNR":"none","Index":"7","Blk Type":"true part of","Src Start Line":"46","Score":"0","All Average Grd":"0%","Enclosing Entity":"MONITOR","Source":"            if (in[i] == separator[0]) begin"}
,{"expanded":false,"Exclusion Rule Type":"None","UNR":"none","Index":"8","Blk Type":"true part of","Src Start Line":"47","Score":"0","All Average Grd":"0%","Enclosing Entity":"MONITOR","Source":"                if (flag) begin"}
,{"expanded":false,"Exclusion Rule Type":"None","UNR":"none","Index":"9","Blk Type":"false part of","Src Start Line":"49","Score":"0","All Average Grd":"0%","Enclosing Entity":"MONITOR","Source":"                end else if (val != \"\") begin"}
,{"expanded":false,"Exclusion Rule Type":"None","UNR":"none","Index":"10","Blk Type":"true part of","Src Start Line":"49","Score":"0","All Average Grd":"0%","Enclosing Entity":"MONITOR","Source":"                end else if (val != \"\") begin"}
,{"expanded":false,"Exclusion Rule Type":"None","UNR":"none","Index":"11","Blk Type":"implicit else","Src Start Line":"49","Score":"0","All Average Grd":"0%","Enclosing Entity":"MONITOR","Source":"                end else if (val != \"\") begin"}
,{"expanded":false,"Exclusion Rule Type":"None","UNR":"none","Index":"12","Blk Type":"code block","Src Start Line":"52","Score":"0","All Average Grd":"0%","Enclosing Entity":"MONITOR","Source":"                val = \"\";"}
,{"expanded":false,"Exclusion Rule Type":"None","UNR":"none","Index":"13","Blk Type":"false part of","Src Start Line":"53","Score":"0","All Average Grd":"0%","Enclosing Entity":"MONITOR","Source":"            end else begin"}
,{"expanded":false,"Exclusion Rule Type":"None","UNR":"none","Index":"15","Blk Type":"true part of","Src Start Line":"60","Score":"0","All Average Grd":"0%","Enclosing Entity":"MONITOR","Source":"        if (addr_sym.exists(name_sym)) begin"}
,{"expanded":false,"Exclusion Rule Type":"None","UNR":"none","Index":"18","Blk Type":"true part of","Src Start Line":"73","Score":"0","All Average Grd":"0%","Enclosing Entity":"MONITOR","Source":"        if (!($value$plusargs(\"nm_file=%s\", fn_sym))) begin"}
,{"expanded":false,"Exclusion Rule Type":"None","UNR":"none","Index":"22","Blk Type":"implicit else","Src Start Line":"79","Score":"0","All Average Grd":"0%","Enclosing Entity":"MONITOR","Source":"        if (fd_sym == 0) begin"}
,{"expanded":false,"Exclusion Rule Type":"None","UNR":"none","Index":"23","Blk Type":"code block","Src Start Line":"83","Score":"0","All Average Grd":"0%","Enclosing Entity":"MONITOR","Source":"        while ($fgets(line, fd_sym)) begin"}
,{"expanded":false,"Exclusion Rule Type":"None","UNR":"none","Index":"24","Blk Type":"code block","Src Start Line":"83","Score":"0","All Average Grd":"0%","Enclosing Entity":"MONITOR","Source":"        while ($fgets(line, fd_sym)) begin"}
,{"expanded":false,"Exclusion Rule Type":"None","UNR":"none","Index":"25","Blk Type":"code block","Src Start Line":"88","Score":"0","All Average Grd":"0%","Enclosing Entity":"MONITOR","Source":"            name_sym = linesplit[2];"}
,{"expanded":false,"Exclusion Rule Type":"None","UNR":"none","Index":"26","Blk Type":"code block","Src Start Line":"93","Score":"0","All Average Grd":"0%","Enclosing Entity":"MONITOR","Source":"        $fclose(fd_sym);"}
,{"expanded":false,"Exclusion Rule Type":"None","UNR":"none","Index":"29","Blk Type":"implicit else","Src Start Line":"101","Score":"0","All Average Grd":"0%","Enclosing Entity":"MONITOR","Source":"        if (!begin_signature.enable) return;"}
,{"expanded":false,"Exclusion Rule Type":"None","UNR":"none","Index":"30","Blk Type":"code block","Src Start Line":"103","Score":"0","All Average Grd":"0%","Enclosing Entity":"MONITOR","Source":"        if ($value$plusargs(\"sig_file=%s\", sig_file)) ;"}
,{"expanded":false,"Exclusion Rule Type":"None","UNR":"none","Index":"31","Blk Type":"true part of","Src Start Line":"103","Score":"0","All Average Grd":"0%","Enclosing Entity":"MONITOR","Source":"        if ($value$plusargs(\"sig_file=%s\", sig_file)) ;"}
,{"expanded":false,"Exclusion Rule Type":"None","UNR":"none","Index":"32","Blk Type":"implicit else","Src Start Line":"103","Score":"0","All Average Grd":"0%","Enclosing Entity":"MONITOR","Source":"        if ($value$plusargs(\"sig_file=%s\", sig_file)) ;"}
,{"expanded":false,"Exclusion Rule Type":"None","UNR":"none","Index":"33","Blk Type":"code block","Src Start Line":"104","Score":"0","All Average Grd":"0%","Enclosing Entity":"MONITOR","Source":"        $display(\"Writing signature %s\", sig_file);"}
,{"expanded":false,"Exclusion Rule Type":"None","UNR":"none","Index":"34","Blk Type":"code block","Src Start Line":"110","Score":"0","All Average Grd":"0%","Enclosing Entity":"MONITOR","Source":"        while (addr < end_signature.addr) begin"}
,{"expanded":false,"Exclusion Rule Type":"None","UNR":"none","Index":"35","Blk Type":"code block","Src Start Line":"115","Score":"0","All Average Grd":"0%","Enclosing Entity":"MONITOR","Source":"        $fclose(fd_signature);"}
,{"expanded":false,"Exclusion Rule Type":"None","UNR":"none","Index":"37","Blk Type":"true part of","Src Start Line":"120","Score":"0","All Average Grd":"0%","Enclosing Entity":"MONITOR","Source":"        if ($value$plusargs(\"stdout_file=%s\", stdout_file)) ;"}
,{"expanded":false,"Exclusion Rule Type":"None","UNR":"none","Index":"52","Blk Type":"true part of","Src Start Line":"146","Score":"0","All Average Grd":"0%","Enclosing Entity":"MONITOR","Source":"            $display(\"trap_vector=%x\", trap_vector.addr);"}
,{"expanded":false,"Exclusion Rule Type":"None","UNR":"none","Index":"55","Blk Type":"true part of","Src Start Line":"149","Score":"0","All Average Grd":"0%","Enclosing Entity":"MONITOR","Source":"            $display(\"begin_signature=%x\", begin_signature.addr);"}
,{"expanded":false,"Exclusion Rule Type":"None","UNR":"none","Index":"58","Blk Type":"true part of","Src Start Line":"151","Score":"0","All Average Grd":"0%","Enclosing Entity":"MONITOR","Source":"            $display(\"end_signature=%x\", end_signature.addr);"}
,{"expanded":false,"Exclusion Rule Type":"None","UNR":"none","Index":"61","Blk Type":"true part of","Src Start Line":"154","Score":"0","All Average Grd":"0%","Enclosing Entity":"MONITOR","Source":"            $display(\"_test_stdout=%x\", _test_stdout.addr);"}
,{"expanded":false,"Exclusion Rule Type":"None","UNR":"none","Index":"64","Blk Type":"true part of","Src Start Line":"157","Score":"0","All Average Grd":"0%","Enclosing Entity":"MONITOR","Source":"            $display(\"_test_intc_machine_external=%x\", _test_intc_machine_external.addr);"}
,{"expanded":false,"Exclusion Rule Type":"None","UNR":"none","Index":"67","Blk Type":"true part of","Src Start Line":"159","Score":"0","All Average Grd":"0%","Enclosing Entity":"MONITOR","Source":"            $display(\"_test_intc_machine_software=%x\", _test_intc_machine_software.addr);"}
,{"expanded":false,"Exclusion Rule Type":"None","UNR":"none","Index":"70","Blk Type":"true part of","Src Start Line":"161","Score":"0","All Average Grd":"0%","Enclosing Entity":"MONITOR","Source":"            $display(\"_test_intc_machine_timer=%x\", _test_intc_machine_timer.addr);"}
,{"expanded":false,"Exclusion Rule Type":"None","UNR":"none","Index":"73","Blk Type":"true part of","Src Start Line":"163","Score":"0","All Average Grd":"0%","Enclosing Entity":"MONITOR","Source":"            $display(\"_test_exit=%x\", _test_exit.addr);"}
,{"expanded":false,"Exclusion Rule Type":"None","UNR":"none","Index":"79","Blk Type":"true part of","Src Start Line":"207","Score":"0","All Average Grd":"0%","Enclosing Entity":"MONITOR","Source":"            if (_test_exit.enable && SysBus.IAddr==_test_exit.addr) begin"}
,{"expanded":false,"Exclusion Rule Type":"None","UNR":"none","Index":"80","Blk Type":"true part of","Src Start Line":"208","Score":"0","All Average Grd":"0%","Enclosing Entity":"MONITOR","Source":"                if (!SysBus.Shutdown) $display(\"Fetch: Exit Label\");"}
,{"expanded":false,"Exclusion Rule Type":"None","UNR":"none","Index":"81","Blk Type":"implicit else","Src Start Line":"208","Score":"0","All Average Grd":"0%","Enclosing Entity":"MONITOR","Source":"                if (!SysBus.Shutdown) $display(\"Fetch: Exit Label\");"}
,{"expanded":false,"Exclusion Rule Type":"None","UNR":"none","Index":"82","Blk Type":"code block","Src Start Line":"209","Score":"0","All Average Grd":"0%","Enclosing Entity":"MONITOR","Source":"                SysBus.Shutdown = 1;"}
,{"expanded":false,"Exclusion Rule Type":"None","UNR":"none","Index":"85","Blk Type":"true part of","Src Start Line":"212","Score":"0","All Average Grd":"0%","Enclosing Entity":"MONITOR","Source":"            if (trap_vector.enable && SysBus.IAddr==trap_vector.addr) begin"}
,{"expanded":false,"Exclusion Rule Type":"None","UNR":"none","Index":"93","Blk Type":"true part of","Src Start Line":"223","Score":"0","All Average Grd":"0%","Enclosing Entity":"MONITOR","Source":"            if (_test_stdout.enable && SysBus.DAddr==_test_stdout.addr) begin"}
,{"expanded":false,"Exclusion Rule Type":"None","UNR":"none","Index":"96","Blk Type":"true part of","Src Start Line":"233","Score":"0","All Average Grd":"0%","Enclosing Entity":"MONITOR","Source":"            if (_test_intc_machine_external.enable && SysBus.DAddr==_test_intc_machine_external.addr) begin"}
,{"expanded":false,"Exclusion Rule Type":"None","UNR":"none","Index":"97","Blk Type":"true part of","Src Start Line":"235","Score":"0","All Average Grd":"0%","Enclosing Entity":"MONITOR","Source":"                if (int_machine_external_cnt == 0) begin"}
,{"expanded":false,"Exclusion Rule Type":"None","UNR":"none","Index":"98","Blk Type":"implicit else","Src Start Line":"235","Score":"0","All Average Grd":"0%","Enclosing Entity":"MONITOR","Source":"                if (int_machine_external_cnt == 0) begin"}
,{"expanded":false,"Exclusion Rule Type":"None","UNR":"none","Index":"101","Blk Type":"true part of","Src Start Line":"241","Score":"0","All Average Grd":"0%","Enclosing Entity":"MONITOR","Source":"            if (_test_intc_machine_software.enable && SysBus.DAddr==_test_intc_machine_software.addr) begin"}
,{"expanded":false,"Exclusion Rule Type":"None","UNR":"none","Index":"102","Blk Type":"true part of","Src Start Line":"243","Score":"0","All Average Grd":"0%","Enclosing Entity":"MONITOR","Source":"                if (int_machine_software_cnt == 0) begin"}
,{"expanded":false,"Exclusion Rule Type":"None","UNR":"none","Index":"103","Blk Type":"implicit else","Src Start Line":"243","Score":"0","All Average Grd":"0%","Enclosing Entity":"MONITOR","Source":"                if (int_machine_software_cnt == 0) begin"}
,{"expanded":false,"Exclusion Rule Type":"None","UNR":"none","Index":"106","Blk Type":"true part of","Src Start Line":"249","Score":"0","All Average Grd":"0%","Enclosing Entity":"MONITOR","Source":"            if (_test_intc_machine_timer.enable && SysBus.DAddr==_test_intc_machine_timer.addr) begin"}
,{"expanded":false,"Exclusion Rule Type":"None","UNR":"none","Index":"107","Blk Type":"true part of","Src Start Line":"251","Score":"0","All Average Grd":"0%","Enclosing Entity":"MONITOR","Source":"                if (int_machine_timer_cnt == 0) begin"}
,{"expanded":false,"Exclusion Rule Type":"None","UNR":"none","Index":"108","Blk Type":"implicit else","Src Start Line":"251","Score":"0","All Average Grd":"0%","Enclosing Entity":"MONITOR","Source":"                if (int_machine_timer_cnt == 0) begin"}
,{"expanded":false,"Exclusion Rule Type":"None","UNR":"none","Index":"112","Blk Type":"true part of","Src Start Line":"260","Score":"0","All Average Grd":"0%","Enclosing Entity":"MONITOR","Source":"        if (int_machine_external_cnt > 1) begin"}
,{"expanded":false,"Exclusion Rule Type":"None","UNR":"none","Index":"114","Blk Type":"true part of","Src Start Line":"262","Score":"0","All Average Grd":"0%","Enclosing Entity":"MONITOR","Source":"        end else if ((int_machine_external_cnt == 1) && (SysBus.irq_i[11] == 0)) begin"}
,{"expanded":false,"Exclusion Rule Type":"None","UNR":"none","Index":"117","Blk Type":"true part of","Src Start Line":"268","Score":"0","All Average Grd":"0%","Enclosing Entity":"MONITOR","Source":"        if (int_machine_timer_cnt > 1) begin"}
,{"expanded":false,"Exclusion Rule Type":"None","UNR":"none","Index":"119","Blk Type":"true part of","Src Start Line":"270","Score":"0","All Average Grd":"0%","Enclosing Entity":"MONITOR","Source":"        end else if ((int_machine_timer_cnt == 1) && (SysBus.irq_i[7] == 0)) begin"}
,{"expanded":false,"Exclusion Rule Type":"None","UNR":"none","Index":"122","Blk Type":"true part of","Src Start Line":"276","Score":"0","All Average Grd":"0%","Enclosing Entity":"MONITOR","Source":"        if (int_machine_software_cnt > 1) begin"}
,{"expanded":false,"Exclusion Rule Type":"None","UNR":"none","Index":"124","Blk Type":"true part of","Src Start Line":"278","Score":"0","All Average Grd":"0%","Enclosing Entity":"MONITOR","Source":"        end else if ((int_machine_software_cnt == 1) && (SysBus.irq_i[3] == 0)) begin"}
]
,"expression_items":[{"expanded":false,"expanded":false,"Exclusion Rule Type":"None","Index":"1","All Average Grd":"0%","All Cov":"0 / 3 (0%)","Src Start Line":"45","Enclosing Entity":"MONITOR","Source":"            if (drop_blank && in[i] == \" \") continue;"
,"subitems":[{"expanded":false,"expanded":false,"Exclusion Rule Type":"None","Index":"1","All Average Grd":"0%","All Cov":"0 / 3 (0%)","Source":"            if (drop_blank && in[i] == \" \") continue;","table_type":"cov"
,"subitems":[{"title":"0;-","expanded":false,"Exclusion Rule Type":"None","UNR":"none","Score":"0","Out":"n/a"}
,{"title":"-;0","expanded":false,"Exclusion Rule Type":"None","UNR":"none","Score":"0","Out":"n/a"}
,{"title":"1;1","expanded":false,"Exclusion Rule Type":"None","UNR":"none","Score":"0","Out":"n/a"}
],"cov_table_title":"Coverage Table","header":"drop_blank && (in[i] == \" \")","columns":"drop_blank;(in[i] == \" \")"}
]}
,{"expanded":false,"expanded":false,"Exclusion Rule Type":"None","Index":"2","All Average Grd":"66.67%","All Cov":"2 / 3 (66.67%)","Src Start Line":"262","Enclosing Entity":"MONITOR","Source":"        end else if ((int_machine_external_cnt == 1) && (SysBus.irq_i[11] == 0)) begin"
,"subitems":[{"expanded":false,"expanded":false,"Exclusion Rule Type":"None","Index":"1","All Average Grd":"66.67%","All Cov":"2 / 3 (66.67%)","Source":"        end else if ((int_machine_external_cnt == 1) && (SysBus.irq_i[11] == 0)) begin","table_type":"cov"
,"subitems":[{"title":"1;0","expanded":false,"Exclusion Rule Type":"None","UNR":"none","Score":"0","Out":"1"}
,{"title":"-;1","expanded":false,"Exclusion Rule Type":"None","UNR":"none","Score":"1","Out":"0"}
,{"title":"0;-","expanded":false,"Exclusion Rule Type":"None","UNR":"none","Score":"1","Out":"0"}
],"cov_table_title":"Coverage Table with Output","header":"(int_machine_external_cnt == 1) && (SysBus.irq_i[11] == 0)","columns":"(int_machine_external_cnt == 1);SysBus.irq_i[11]"}
]}
,{"expanded":false,"expanded":false,"Exclusion Rule Type":"None","Index":"3","All Average Grd":"66.67%","All Cov":"2 / 3 (66.67%)","Src Start Line":"270","Enclosing Entity":"MONITOR","Source":"        end else if ((int_machine_timer_cnt == 1) && (SysBus.irq_i[7] == 0)) begin"
,"subitems":[{"expanded":false,"expanded":false,"Exclusion Rule Type":"None","Index":"1","All Average Grd":"66.67%","All Cov":"2 / 3 (66.67%)","Source":"        end else if ((int_machine_timer_cnt == 1) && (SysBus.irq_i[7] == 0)) begin","table_type":"cov"
,"subitems":[{"title":"1;0","expanded":false,"Exclusion Rule Type":"None","UNR":"none","Score":"0","Out":"1"}
,{"title":"-;1","expanded":false,"Exclusion Rule Type":"None","UNR":"none","Score":"1","Out":"0"}
,{"title":"0;-","expanded":false,"Exclusion Rule Type":"None","UNR":"none","Score":"1","Out":"0"}
],"cov_table_title":"Coverage Table with Output","header":"(int_machine_timer_cnt == 1) && (SysBus.irq_i[7] == 0)","columns":"(int_machine_timer_cnt == 1);SysBus.irq_i[7]"}
]}
,{"expanded":false,"expanded":false,"Exclusion Rule Type":"None","Index":"4","All Average Grd":"66.67%","All Cov":"2 / 3 (66.67%)","Src Start Line":"278","Enclosing Entity":"MONITOR","Source":"        end else if ((int_machine_software_cnt == 1) && (SysBus.irq_i[3] == 0)) begin"
,"subitems":[{"expanded":false,"expanded":false,"Exclusion Rule Type":"None","Index":"1","All Average Grd":"66.67%","All Cov":"2 / 3 (66.67%)","Source":"        end else if ((int_machine_software_cnt == 1) && (SysBus.irq_i[3] == 0)) begin","table_type":"cov"
,"subitems":[{"title":"1;0","expanded":false,"Exclusion Rule Type":"None","UNR":"none","Score":"0","Out":"1"}
,{"title":"-;1","expanded":false,"Exclusion Rule Type":"None","UNR":"none","Score":"1","Out":"0"}
,{"title":"0;-","expanded":false,"Exclusion Rule Type":"None","UNR":"none","Score":"1","Out":"0"}
],"cov_table_title":"Coverage Table with Output","header":"(int_machine_software_cnt == 1) && (SysBus.irq_i[3] == 0)","columns":"(int_machine_software_cnt == 1);SysBus.irq_i[3]"}
]}
]}
