{
"block_items":[{"expanded":false,"Exclusion Rule Type":"None","UNR":"none","Index":"22","Blk Type":"a case item of","Src Start Line":"321","Score":"0","All Average Grd":"0%","Enclosing Entity":"cv32e40p_mult","Source":"      MUL_DOT8:  result_o = dot_char_result[31:0];"}
,{"expanded":false,"Exclusion Rule Type":"None","UNR":"none","Index":"23","Blk Type":"a case item of","Src Start Line":"322","Score":"0","All Average Grd":"0%","Enclosing Entity":"cv32e40p_mult","Source":"      MUL_DOT16: begin"}
,{"expanded":false,"Exclusion Rule Type":"None","UNR":"none","Index":"24","Blk Type":"true part of","Src Start Line":"323","Score":"0","All Average Grd":"0%","Enclosing Entity":"cv32e40p_mult","Source":"        if(is_clpx_i) begin"}
,{"expanded":false,"Exclusion Rule Type":"None","UNR":"none","Index":"25","Blk Type":"true part of","Src Start Line":"324","Score":"0","All Average Grd":"0%","Enclosing Entity":"cv32e40p_mult","Source":"          if(clpx_img_i) begin"}
,{"expanded":false,"Exclusion Rule Type":"None","UNR":"none","Index":"26","Blk Type":"false part of","Src Start Line":"327","Score":"0","All Average Grd":"0%","Enclosing Entity":"cv32e40p_mult","Source":"          end else begin"}
,{"expanded":false,"Exclusion Rule Type":"None","UNR":"none","Index":"27","Blk Type":"false part of","Src Start Line":"331","Score":"0","All Average Grd":"0%","Enclosing Entity":"cv32e40p_mult","Source":"        end else begin"}
],"assertion_items"
:[]
,"expression_items":[],"fsm_items"
:[]}
